date,ticker,momentum,low_volatility,profitability,growth,fundamental_available_at,fundamental_period,hiring_growth,hiring_acceleration,momentum_z,low_volatility_z,profitability_z,growth_z,composite
2016-07-31,ADBE,0.16831325053437873,-0.050951330780510194,0.1559934762676245,0.10904791425029,2015-03-26,2015-02-27,,,0.9739346730358458,1.5745112008537328,1.1251938179349514,-1.6087360341078973,0.5162259144291581
2016-07-31,CRM,0.08335635454909984,-0.07282456374363415,-0.024100655679603,0.2613997740215605,2015-03-07,2015-01-31,,,0.4751941489987997,0.9897920422173314,0.2269216704554463,-0.9214998698055343,0.19260199796651073
2016-07-31,HUBS,-0.1951807682128458,-0.11129217307324088,-0.2990095896871561,0.5788036733680815,2015-05-08,2015-03-31,,,-1.130571607970396,-0.381305268051155,-1.0904552052499985,0.9875146850457799,-0.4037043490564424
2016-07-31,NOW,-0.1751553156324276,-0.13334154157843014,-0.2558547677907569,0.5239341433604141,2015-05-08,2015-03-31,,,-1.0424018549602865,-1.1377645082658752,-0.9290197348663778,0.6575038325699814,-0.6129205663806396
2016-07-31,VEEV,0.2674590949177307,-0.10047645929516485,0.237702845584517,0.3854752161520947,2015-04-02,2015-01-31,,,1.4104623657885618,0.0041981809074042855,1.430855848057295,-0.1752525003987353,0.6675659735886315
2016-07-31,WDAY,-0.1145500231514528,-0.1300371770646936,-0.2226690767347408,0.5949769500796527,2015-03-26,2015-01-31,,,-0.6866177248925244,-1.049431647661437,-0.7634963963313162,1.0604698866964057,-0.35976897054721796
2016-08-31,ADBE,0.245513567397889,-0.050972105418979285,0.166601271083622,0.0879510357533364,2015-06-25,2015-05-29,,,0.35027081309053154,1.5573594189643587,1.109493297976901,-1.5571538614028686,0.36499241715723063
2016-08-31,CRM,0.179354397173763,-0.07200460141237434,0.020583429892262,0.2318238433873614,2015-05-23,2015-04-30,,,-0.2941570533724606,1.052325299216139,0.39113050641860964,-0.9393580118938879,0.05248518509210001
2016-08-31,HUBS,0.15436665459364884,-0.1327436128179853,-0.2990095896871561,0.5788036733680815,2015-05-08,2015-03-31,,,-0.5375518478367552,-0.8923019207608548,-1.1280915784718357,1.0361579020386262,-0.3804468612577049
2016-08-31,NOW,0.05580607350482247,-0.13651309739024448,-0.2558547677907569,0.5239341433604141,2015-05-08,2015-03-31,,,-1.2575788460584996,-0.9828151115610932,-0.9688602574543367,0.7330871048718424,-0.6190417775505217
2016-08-31,VEEV,0.46679545320482063,-0.1017730058568406,0.2326990869966527,0.3477465865319764,2015-06-05,2015-04-30,,,1.9668291799169078,0.09925661669481671,1.3533789654805257,-0.27565520609695315,0.7859523889988242
2016-08-31,WDAY,0.186165582180011,-0.13091710710892718,-0.2128013962551353,0.5710636859337537,2015-06-06,2015-04-30,,,-0.2278122457397239,-0.833824302553363,-0.7570509339498646,1.00292207248324,-0.2039413524399279
2016-09-30,ADBE,0.24434439357356696,-0.04812837985584808,0.166601271083622,0.0879510357533364,2015-06-25,2015-05-29,,,-0.04598866236102495,1.6025669095933068,1.109493297976901,-1.5571538614028686,0.27722942095157854
2016-09-30,CRM,0.14388592068964678,-0.07030277655330831,0.020583429892262,0.2318238433873614,2015-05-23,2015-04-30,,,-0.6189201289076056,1.0250670882710797,0.39113050641860964,-0.9393580118938879,-0.035520136527951024
2016-09-30,HUBS,0.20207036796239963,-0.12596903355052705,-0.2990095896871561,0.5788036733680815,2015-05-08,2015-03-31,,,-0.28708449823163557,-0.9079282130623733,-1.1280915784718357,1.0361579020386262,-0.32173659693180456
2016-09-30,NOW,0.04636429355564031,-0.1316500525580101,-0.2558547677907569,0.5239341433604141,2015-05-08,2015-03-31,,,-1.0360567370744695,-1.055882067523965,-0.9688602574543367,0.7330871048718424,-0.5819279892952323
2016-09-30,VEEV,0.7479708857609784,-0.09979801190860628,0.2326990869966527,0.3477465865319764,2015-06-05,2015-04-30,,,2.1082109024735094,0.0008532390021425357,1.3533789654805257,-0.27565520609695315,0.7966969752148061
2016-09-30,WDAY,0.23133895097266466,-0.11896390168828586,-0.2128013962551353,0.5710636859337537,2015-06-06,2015-04-30,,,-0.12016087589877435,-0.6646769562801895,-0.7570509339498646,1.00292207248324,-0.13474167341139714
2016-10-31,ADBE,0.22422734527715882,-0.04893384049536188,0.166601271083622,0.0879510357533364,2015-06-25,2015-05-29,,,0.360402178157284,1.6060783295492569,1.1343529014152558,-1.5294666327557778,0.3928416940915047
2016-10-31,CRM,-0.0821001108027597,-0.07784849862774568,0.0121271144759476,0.2397578857397249,2015-08-26,2015-07-31,,,-1.1402178352163312,0.8128282698972479,0.3384360592409871,-0.8171253539873409,-0.2015197150163593
2016-10-31,HUBS,0.11063989486494563,-0.12532975270117375,-0.2636640972497147,0.5846556941471694,2015-08-07,2015-06-30,,,-0.22043784700745536,-0.9239843623510571,-1.051132810386017,1.2294878107981684,-0.24151680223659022
2016-10-31,NOW,-0.03061849371316616,-0.13308083023849152,-0.2157744126850305,0.479494114190109,2015-08-07,2015-06-30,,,-0.9427757961266913,-1.136628851893143,-0.8358099622818609,0.6827982797334556,-0.5581040826420599
2016-10-31,VEEV,0.6271185421271053,-0.0906314933716791,0.2278430693018846,0.2966139775851131,2015-09-05,2015-07-31,,,1.9055684711834342,0.34524022525771153,1.3710108304050346,-0.46140191397523794,0.7901044032177356
2016-10-31,WDAY,0.1610738384713153,-0.11930303573305329,-0.2392676231711803,0.5135239318984901,2015-09-05,2015-07-31,,,0.03746082900975922,-0.7035336104600151,-0.9568570183933994,0.8957078101867345,-0.18180549741423022
2016-11-30,ADBE,0.17548658662169903,-0.04666522563316698,0.2020245235545686,0.2112165297903638,2015-09-24,2015-08-28,,,0.8080542469340839,1.6142810375729828,1.2224917644809026,-1.2082263108230138,0.6091501845412389
2016-11-30,CRM,-0.05684521881919591,-0.0711143211307157,0.0121271144759476,0.2397578857397249,2015-08-26,2015-07-31,,,-0.986155134885941,0.958522313625013,0.2871741857781119,-1.0537421249886378,-0.1985501901178635
2016-11-30,HUBS,-0.03246630421060681,-0.12574153227864346,-0.2636640972497147,0.5846556941471694,2015-08-07,2015-06-30,,,-0.8411494689374606,-0.9950479948712935,-1.0411628191165414,1.3069994423499154,-0.39259021014384493
2016-11-30,NOW,0.010343655945092234,-0.1273552808826867,-0.2157744126850305,0.479494114190109,2015-08-07,2015-06-30,,,-0.5016382215462152,-1.0383309754407104,-0.8353282517281423,0.6764002052202419,-0.42472431087370655
2016-11-30,VEEV,0.3461537648126831,-0.09534623484779554,0.2278430693018846,0.2966139775851131,2015-09-05,2015-07-31,,,1.8231817957385987,0.09194417132262463,1.3178664452539652,-0.6434197808532018,0.6473931578654967
2016-11-30,WDAY,0.035479647033636486,-0.11557205252248023,-0.2392676231711803,0.5135239318984901,2015-09-05,2015-07-31,,,-0.3022932173030657,-0.6313685522086167,-0.9510413246682958,0.9219885690946946,-0.24067863127132086
2016-12-31,ADBE,0.09442191703922997,-0.04952690461851599,0.2020245235545686,0.2112165297903638,2015-09-24,2015-08-28,,,0.0415063494937996,1.6246033924889571,1.1964872974555207,-1.2125526892085745,0.41251108755742577
2016-12-31,CRM,-0.08163267528510731,-0.07154973902617102,0.0121271144759476,0.2397578857397249,2015-08-26,2015-07-31,,,-0.8515582568511623,1.0229112394610287,0.21711831625007114,-1.0525008844762382,-0.16600739640407516
2016-12-31,HUBS,-0.003729406749216291,-0.12658859870216108,-0.2785521158642661,0.5669666316342616,2015-11-05,2015-09-30,,,-0.4881496566403165,-0.9820653144583812,-1.2313675773383868,1.2941267136485488,-0.3518639586971339
2016-12-31,NOW,-0.03939470327353989,-0.12765668306872138,-0.1073712425808922,0.4612896727695958,2015-11-05,2015-09-30,,,-0.6806110294016062,-1.0112467526981268,-0.3991775288292499,0.6038821027286425,-0.3717883020500852
2016-12-31,VEEV,0.6110918172496906,-0.10207672336477358,0.2278430693018846,0.2966139775851131,2015-09-05,2015-07-31,,,2.132593651777832,-0.08913737893473693,1.2963539160975623,-0.6273904995771143,0.6781049223408858
2016-12-31,WDAY,0.058232923843839934,-0.11514147653108157,-0.2392676231711803,0.5135239318984901,2015-09-05,2015-07-31,,,-0.1537810583785463,-0.5650651858587401,-1.0794144236355179,0.9944352568847346,-0.2009563527470174
2017-01-31,ADBE,0.15505441625371819,-0.049317970198188114,0.2020245235545686,0.2112165297903638,2015-09-24,2015-08-28,,,-0.19367648508679258,1.6381684837954509,1.2481042752459603,-1.1580858515363923,0.38362760560455655
2017-01-31,CRM,0.005877260164496745,-0.07260074716390835,0.0253708161430681,0.2372788014353288,2015-11-21,2015-10-31,,,-0.9652351215780967,1.0796517684487252,0.3104640176186048,-0.9974201897710919,-0.14313488132046465
2017-01-31,HUBS,0.15792066576288066,-0.13551104730574087,-0.2785521158642661,0.5669666316342616,2015-11-05,2015-09-30,,,-0.17770061040298352,-0.9011531930356808,-1.2694885755930294,1.4953197343767808,-0.21325566116372824
2017-01-31,NOW,0.1949846942252118,-0.13159013261492117,-0.1073712425808922,0.4612896727695958,2015-11-05,2015-09-30,,,0.02888652449175774,-0.8070966980782458,-0.40838074001746283,0.8438547062844937,-0.08568405182986433
2017-01-31,VEEV,0.6887966854238441,-0.11282002593645736,0.187989263100794,0.2755263942737846,2015-12-11,2015-10-31,,,2.0931900150460674,-0.2067434358536569,1.1910998855131254,-0.6830411058072716,0.5986263397245661
2017-01-31,WDAY,0.048881099800075045,-0.13145663772778943,-0.2298782045822332,0.4193797368298693,2015-12-05,2015-10-31,,,-0.7854643224699522,-0.802826925276592,-1.0717988627671986,0.49937270645347986,-0.5401793510150658
2017-02-28,ADBE,0.3315325334311281,-0.05203858529981552,0.2223156083416768,0.2171526318143195,2016-01-20,2015-11-27,,,-0.41335618276664554,1.5996269162071728,1.2941818143591486,-1.1355333729295327,0.3362297937175358
2017-02-28,CRM,0.16752746442020672,-0.07562410489724561,0.0253708161430681,0.2372788014353288,2015-11-21,2015-10-31,,,-1.1495883478831181,0.8624786612437713,0.29163593222742124,-1.0105879507112185,-0.25151542628078605
2017-02-28,HUBS,0.2313970097205189,-0.10681551135728708,-0.2785521158642661,0.5669666316342616,2015-11-05,2015-09-30,,,-0.9113577191929093,-0.43734095883526825,-1.2612003834376841,1.4997106834854284,-0.27754709449510834
2017-02-28,NOW,0.6479360165879322,-0.11383995086655102,-0.1073712425808922,0.4612896727695958,2015-11-05,2015-09-30,,,1.1602054755124303,-0.7300659536474295,-0.41487149703267034,0.8436567749309729,0.21473119994082582
2017-02-28,VEEV,0.7426924757337205,-0.09377816110898297,0.187989263100794,0.2755263942737846,2015-12-11,2015-10-31,,,1.513642950738184,0.10595623644502052,1.1571576968799482,-0.6939943993947294,0.5206906211671058
2017-02-28,WDAY,0.37452432240218014,-0.13529586378889313,-0.2298782045822332,0.4193797368298693,2015-12-05,2015-10-31,,,-0.19954617640794042,-1.4006549014132665,-1.0669035629961634,0.49674826461907834,-0.542589094049573
2017-03-31,ADBE,0.2616203889949975,-0.0479220586588029,0.2223156083416768,0.2171526318143195,2016-01-20,2015-11-27,,,-0.2747263742779434,1.6499539693112535,1.2941818143591486,-1.1355333729295327,0.38346900911573145
2017-03-31,CRM,0.10185561591489067,-0.07544188656834822,0.0253708161430681,0.2372788014353288,2015-11-21,2015-10-31,,,-1.0795207915901548,0.8105912523006189,0.29163593222742124,-1.0105879507112185,-0.2469703894433333
2017-03-31,HUBS,0.36405322001297624,-0.11372149818167733,-0.2785521158642661,0.5669666316342616,2015-11-05,2015-09-30,,,0.24126578696914153,-0.7461277269742592,-1.2612003834376841,1.4997106834854284,-0.06658790998934339
2017-03-31,NOW,0.4207257838741436,-0.10644095784795683,-0.1073712425808922,0.4612896727695958,2015-11-05,2015-09-30,,,0.5267465104786246,-0.45004961021164047,-0.41487149703267034,0.8436567749309729,0.12637054454132168
2017-03-31,VEEV,0.7448081880706618,-0.09300076016660054,0.187989263100794,0.2755263942737846,2015-12-11,2015-10-31,,,1.751138962353957,0.09652361595161071,1.1571576968799482,-0.6939943993947294,0.5777064689476966
2017-03-31,WDAY,0.07925565145143176,-0.13387749618613468,-0.2298782045822332,0.4193797368298693,2015-12-05,2015-10-31,,,-1.1649040939336244,-1.3608915003775854,-1.0669035629961634,0.49674826461907834,-0.7739877231720736
2017-04-30,ADBE,0.3811293058465681,-0.047654519463937756,0.2223156083416768,0.2171526318143195,2016-01-20,2015-11-27,,,0.2784758867250651,1.7554042683575257,1.3313787424582528,-1.146976295173906,0.5545706505917343
2017-04-30,CRM,0.08825821206766382,-0.07197442397741972,0.0253708161430681,0.2372788014353288,2015-11-21,2015-10-31,,,-1.029569831744724,0.9240136705707,0.24228174888647658,-1.0156696602241801,-0.21973601812793186
2017-04-30,HUBS,0.3671257165369062,-0.11377642731138406,-0.1966833565485826,0.5553929031502518,2016-02-25,2015-12-31,,,0.21471054543679058,-0.9527803768118708,-1.041613005123194,1.506382779729793,-0.06832501419212028
2017-04-30,NOW,0.22369894096518284,-0.10460832730349494,-0.1080273061438823,0.4426476232803378,2016-02-26,2015-12-31,,,-0.43838325015871016,-0.5634658754854964,-0.5290126939195329,0.7708129427981955,-0.19001221919138597
2017-04-30,VEEV,0.8640493766866533,-0.09874292031261371,0.187989263100794,0.2755263942737846,2015-12-11,2015-10-31,,,1.9277082255456577,-0.29611590998934806,1.182525151761628,-0.6829577198257887,0.5327899368730372
2017-04-30,WDAY,0.11069611964208792,-0.1112688044249221,-0.2298782045822332,0.4193797368298693,2015-12-05,2015-10-31,,,-0.9529415758040803,-0.8670557766415123,-1.1855599440636306,0.5684079526958857,-0.6092873359533343
2017-05-31,ADBE,0.34452602645920316,-0.047050313523045305,0.2224753946079583,0.2471679554554215,2016-03-31,2016-03-04,,,0.21663872547598595,1.7472009468659835,1.4499784202379116,-1.1543154426593636,0.5648756624801292
2017-05-31,CRM,0.02878982079921788,-0.0724764488859037,0.0113628952834036,0.2525183302321461,2016-03-08,2016-01-31,,,-1.4961814721081481,0.8646664569773099,0.26024056642651333,-1.1158477212172866,-0.3717805424804029
2017-05-31,HUBS,0.40389458559774405,-0.11553145725520263,-0.1966833565485826,0.5553929031502518,2016-02-25,2015-12-31,,,0.5736541447929795,-1.0766445819416146,-1.0509714895300912,1.5173961514382253,-0.009141443810125272
2017-05-31,NOW,0.31900039275990366,-0.09722369463295442,-0.1080273061438823,0.4426476232803378,2016-02-26,2015-12-31,,,0.0631392141063158,-0.2806274221927352,-0.4922164958663842,0.7067886330991237,-0.0007290177134199882
2017-05-31,VEEV,0.627314042195529,-0.09832790505873676,0.133114553251072,0.3132671355675078,2016-04-01,2016-01-31,,,1.5813111286187627,-0.33172989456039137,1.0275807148509872,-0.5334914766303139,0.43591761806976115
2017-05-31,WDAY,0.15242623610482364,-0.11110102686714042,-0.2270713329437554,0.4293662964648896,2016-03-23,2016-01-31,,,-0.9385617408858952,-0.9228655051485536,-1.1946117161189367,0.5794698559696175,-0.619142276545942
2017-06-30,ADBE,0.4809478990970171,-0.04731399621047379,0.2224753946079583,0.2471679554554215,2016-03-31,2016-03-04,,,-0.13225501348123378,1.636088820522387,1.4499784202379116,-1.1543154426593636,0.44987419615492535
2017-06-30,CRM,0.12882493339145484,-0.06734041617855248,0.0113628952834036,0.2525183302321461,2016-03-08,2016-01-31,,,-1.5820626904245252,1.005607105548908,0.26024056642651333,-1.1158477212172866,-0.35801568491659763
2017-06-30,HUBS,0.6605251385221886,-0.11544598268619549,-0.1966833565485826,0.5553929031502518,2016-02-25,2015-12-31,,,0.7367751831873901,-1.0137040590595643,-1.0509714895300912,1.5173961514382253,0.04737394650898996
2017-06-30,NOW,0.5760542715382286,-0.09945094917930923,-0.1080273061438823,0.4426476232803378,2016-02-26,2015-12-31,,,0.3279943466915248,-0.342285924245366,-0.4922164958663842,0.7067886330991237,0.05007013991972456
2017-06-30,VEEV,0.8622509643794247,-0.09677891575220095,0.133114553251072,0.3132671355675078,2016-04-01,2016-01-31,,,1.4689357621630865,-0.23012287694584965,1.0275807148509872,-0.5334914766303139,0.43322553085947757
2017-06-30,WDAY,0.33895816001927437,-0.1167762140907273,-0.2270713329437554,0.4293662964648896,2016-03-23,2016-01-31,,,-0.819387588136244,-1.0555830658205145,-1.1946117161189367,0.5794698559696175,-0.6225281285265194
2017-07-31,ADBE,0.44533007928925783,-0.0437518876241273,0.2224753946079583,0.2471679554554215,2016-03-31,2016-03-04,,,0.7553574210283944,1.6490631481614575,1.006330835711177,-1.1637277565896562,0.561755912077843
2017-07-31,CRM,0.05867939179585546,-0.06612492776728757,0.0113628952834036,0.2525183302321461,2016-03-08,2016-01-31,,,-1.320396580629348,0.9732004149689064,0.4641068329306564,-1.1245454113719706,-0.251908686025439
2017-07-31,HUBS,0.2044330429788992,-0.11515808133272783,-0.1672489823609226,0.5448304773882513,2016-05-05,2016-03-31,,,-0.632325636115349,-1.0017766689818284,-0.04893270142587104,1.48129747289513,-0.05043438340697959
2017-07-31,NOW,0.4148425301315317,-0.09378606439442785,-1.0597393086808835,0.4430705214092958,2016-05-07,2016-03-31,,,0.5797344409037762,-0.1409459733869304,-2.0145630303090325,0.7360798216290587,-0.20992368529078198
2017-07-31,VEEV,0.6138457137274169,-0.10050305465967431,0.133114553251072,0.3132671355675078,2016-04-01,2016-01-31,,,1.483405888400531,-0.4114956093445092,0.8138227350010248,-0.5313705998760441,0.3385906035452506
2017-07-31,WDAY,0.16390693859316663,-0.11735176789750341,-0.2270713329437554,0.4293662964648896,2016-03-23,2016-01-31,,,-0.8657755335880046,-1.0680453114170974,-0.22076467190795518,0.6022664733134819,-0.3880797608998938
2017-08-31,ADBE,0.4318249339148703,-0.04358200041588479,0.2224753946079583,0.2471679554554215,2016-03-31,2016-03-04,,,0.47765986247198494,1.7275143536160524,0.9856698458290121,-1.1981546659833193,0.49817234898343254
2017-08-31,CRM,0.14328896547120906,-0.06686273040162823,0.0271240314243481,0.2682933123870492,2016-05-21,2016-04-30,,,-1.3444506535845888,0.8847944601808976,0.48096532489761923,-1.0298628158151975,-0.25213842108031737
2017-08-31,HUBS,0.29799060451178616,-0.09564028144332064,-0.1672489823609226,0.5448304773882513,2016-05-05,2016-03-31,,,-0.4146529338848436,-0.5041319043578284,-0.07358604027464234,1.6372389967212886,0.16121702955099357
2017-08-31,NOW,0.5198843779831028,-0.089928915937784,-1.0597393086808835,0.4430705214092958,2016-05-07,2016-03-31,,,1.0647780490584344,-0.2284772415734874,-2.016091706407572,0.8265842314479053,-0.0883016668686799
2017-08-31,VEEV,0.558162296544809,-0.0988105541220411,0.1486757289335693,0.3318505832768035,2016-06-09,2016-04-30,,,1.2561856462507277,-0.6571426765348028,0.8277555427372748,-0.35477074554208177,0.2680069417277795
2017-08-31,WDAY,0.20426936558332387,-0.1144305223883455,-0.2132096227889876,0.3764509457795559,2016-06-02,2016-04-30,,,-1.039519970311713,-1.2225569913308343,-0.20471296678169176,0.11896499917140474,-0.5869562323132086
2017-09-30,ADBE,0.4295190929919437,-0.04405773361943681,0.2461119503770977,0.2035446126946594,2016-06-30,2016-06-03,,,0.757875024490932,1.6766190889805,1.0192042806056034,-1.38399133870044,0.5174267638441489
2017-09-30,CRM,0.3387073292386116,-0.0665518335421939,0.0271240314243481,0.2682933123870492,2016-05-21,2016-04-30,,,-0.2307162910439533,0.895971105692101,0.468576109176666,-0.9041557137292868,0.05741880252388171
2017-09-30,HUBS,0.2729954847939424,-0.09571109782365464,-0.1672489823609226,0.5448304773882513,2016-05-05,2016-03-31,,,-0.94606588960734,-0.453308390333521,-0.08132823276178915,1.5769313392402986,0.024057206634412076
2017-09-30,NOW,0.46797226669288494,-0.08750437545060838,-1.0597393086808835,0.4430705214092958,2016-05-07,2016-03-31,,,1.1040996277496042,-0.07356073550101216,-2.0075561119677743,0.8228150047629567,-0.03855055373905639
2017-09-30,VEEV,0.44137601161560536,-0.10362257194278485,0.1486757289335693,0.3318505832768035,2016-06-09,2016-04-30,,,0.8869513279993052,-0.819394095008406,0.8124602982861298,-0.2761473687744586,0.1509675406256426
2017-09-30,WDAY,0.19631366038519582,-0.11534820120720943,-0.2132096227889876,0.3764509457795559,2016-06-02,2016-04-30,,,-1.572143799588548,-1.2263269738296598,-0.21135634333883613,0.16454807720093076,-0.7113197598890282
2017-10-31,ADBE,0.38759175622328557,-0.04814730011361303,0.2461119503770977,0.2035446126946594,2016-06-30,2016-06-03,,,0.16712585365277044,1.4645726216444677,1.4784649209496983,-1.4675878890635647,0.41064387679584297
2017-10-31,CRM,0.24294812066745863,-0.05679085919647727,0.0271240314243481,0.2682933123870492,2016-05-21,2016-04-30,,,-1.0558570374905114,1.1976090800362753,0.2849030624965192,-0.8913224241540413,-0.11616682977793955
2017-10-31,HUBS,0.6024785858753798,-0.10167169933904237,-0.1697602117770185,0.513099368901516,2016-08-04,2016-06-30,,,1.665934796169314,-0.6506338979539049,-0.9224899154964424,1.6290047162514376,0.430453924742601
2017-10-31,NOW,0.3369354760321943,-0.08666578572641274,-0.1414482936433527,0.3834206131746625,2016-08-04,2016-06-30,,,-0.2611803332361364,-0.03267366426018619,-0.7488670262683906,0.47485970928063226,-0.1419653286210202
2017-10-31,VEEV,0.4519949050960237,-0.10653427342828263,0.1486757289335693,0.3318505832768035,2016-06-09,2016-04-30,,,0.7116638065633399,-0.8508801140863834,1.0303190676039282,-0.1371068093917756,0.1884989876722773
2017-10-31,WDAY,0.215851396153669,-0.11550647409105205,-0.2132096227889876,0.3764509457795559,2016-06-02,2016-04-30,,,-1.2276870856587758,-1.1279940253802683,-1.1223301092853128,0.39215269707730915,-0.7714646308117621
2017-11-30,ADBE,0.7037253946269348,-0.06229303299821082,0.2461119503770977,0.2035446126946594,2016-06-30,2016-06-03,,,1.5897894798561831,1.2333501559744144,1.4249241994676969,-1.3579360328484653,0.7225319506124573
2017-11-30,CRM,0.4213891569741841,-0.059960006768972486,0.0159828696397655,0.2458787141735039,2016-09-02,2016-07-31,,,-0.32698801912433517,1.324786282394252,0.1877561401826314,-0.9957739491379934,0.047445113578638703
2017-11-30,HUBS,0.5427808450241456,-0.09369482271982939,-0.1697602117770185,0.513099368901516,2016-08-04,2016-06-30,,,0.6341055780083448,-0.40758468296934175,-0.8863411625728538,1.682476887562803,0.25566415500723805
2017-11-30,NOW,0.5197836105411813,-0.0844940195038305,-0.1414482936433527,0.3834206131746625,2016-08-04,2016-06-30,,,0.45202972777188455,0.07321334406171541,-0.7226217137985068,0.5730939847394584,0.09392883569363789
2017-11-30,VEEV,0.3111015324200437,-0.10335161259275248,0.1813669135952857,0.3388137441772758,2016-09-09,2016-07-31,,,-1.189887846619279,-0.9122107910771053,1.1441231508753225,0.06428694551075953,-0.2234221353275756
2017-11-30,WDAY,0.31629504584287105,-0.11354100858788944,-0.2300548285383733,0.3361455415004104,2016-09-03,2016-07-31,,,-1.1590489198927987,-1.311554308383937,-1.1478406141542903,0.03385216417343942,-0.8961479195643968
2017-12-31,ADBE,0.7627004040800178,-0.05612702185806625,0.2522768614319858,0.2021723349603537,2016-09-28,2016-09-02,,,1.366906983163757,1.280255305171468,1.4380320221867156,-1.3640865404252684,0.6802769425241679
2017-12-31,CRM,0.523809405039799,-0.05596022634331094,0.0159828696397655,0.2458787141735039,2016-09-02,2016-07-31,,,-0.94010790987732,1.2862569855372747,0.1821380328245038,-0.991177865172531,-0.11572268917201811
2017-12-31,HUBS,0.7223403606008976,-0.09860759806140008,-0.1697602117770185,0.513099368901516,2016-08-04,2016-06-30,,,1.0616923221564087,-0.7578078126265844,-0.8851509357900781,1.6799598094491646,0.2746733457972277
2017-12-31,NOW,0.6545601513974011,-0.08223563295182916,-0.1414482936433527,0.3834206131746625,2016-08-04,2016-06-30,,,0.3782601685792444,0.027659364089216244,-0.7224692484082611,0.5735233148887916,0.06424339978724779
2017-12-31,VEEV,0.4793611291353732,-0.09211475898224064,0.1813669135952857,0.3388137441772758,2016-09-09,2016-07-31,,,-1.276239001251113,-0.4463050732641594,1.132442961289236,0.0660676154552403,-0.131008374442699
2017-12-31,WDAY,0.5584809457910074,-0.11617878101012584,-0.2300548285383733,0.3361455415004104,2016-09-03,2016-07-31,,,-0.590512562770979,-1.3900587689072141,-1.1449928321021159,0.03571366580460456,-0.7724626244939261
2018-01-31,ADBE,0.545598956943715,-0.05975784653940575,0.2522768614319858,0.2021723349603537,2016-09-28,2016-09-02,,,0.8283071367226797,1.0033469218932758,1.4423469845436645,-1.4325910922018181,0.4603524877394505
2018-01-31,CRM,0.2924147017733836,-0.05261551057398691,0.0159828696397655,0.2458787141735039,2016-09-02,2016-07-31,,,-0.8046802223368202,1.4193662322010019,0.09032910437689391,-1.0163436233557142,-0.07783212727865965
2018-01-31,HUBS,0.7231969364634276,-0.07725839498957193,-0.1409709728144611,0.4795120622078765,2016-11-03,2016-09-30,,,1.6874104862430388,-0.35579125204038864,-0.8805625769495184,1.601295382169418,0.5130880098556374
2018-01-31,NOW,0.43886550014333525,-0.06907636415054919,-0.074862437649585,0.3695424085774459,2016-11-05,2016-09-30,,,0.13989787672945625,0.27964657353888384,-0.4716256190985422,0.5539748125492966,0.1254734109297736
2018-01-31,VEEV,0.3059295154280304,-0.0864742335970987,0.1813669135952857,0.3388137441772758,2016-09-09,2016-07-31,,,-0.7175124012444877,-1.0715172815399017,1.1133686807884384,0.16377307669700775,-0.12797198132473575
2018-01-31,WDAY,0.22445543805342716,-0.08996856077736469,-0.2300548285383733,0.3361455415004104,2016-09-03,2016-07-31,,,-1.1334228761138674,-1.2750511940528717,-1.293856573660936,0.12989144414180892,-0.8931097999214666
2018-02-28,ADBE,0.6880175822928931,-0.06385499194404744,0.2522768614319858,0.2021723349603537,2016-09-28,2016-09-02,,,1.0820947066386886,0.255193118503232,1.332663879905193,-1.461212890260824,0.30218470369657235
2018-02-28,CRM,0.40024590287494743,-0.044828678471700384,0.0014155330978773,0.2528132843682151,2016-11-22,2016-10-31,,,-1.1525269005637926,1.4428395037092026,-0.023650033290452562,-0.9695757309778119,-0.17572829028071363
2018-02-28,HUBS,0.631092488264837,-0.07753991256682065,-0.1409709728144611,0.4795120622078765,2016-11-03,2016-09-30,,,0.6247490705267044,-0.713150140447299,-0.8055409556114954,1.6090291929198115,0.17877179184693037
2018-02-28,NOW,0.7127242772093683,-0.053797216700645134,-0.074862437649585,0.3695424085774459,2016-11-05,2016-09-30,,,1.2309679666973057,0.9668800274342754,-0.4425173446157926,0.5414116077366888,0.5741855643131193
2018-02-28,VEEV,0.43877323383396494,-0.09195874416139178,0.2367995293425503,0.3353691042919537,2016-12-09,2016-10-31,,,-0.9203756807985984,-1.4783561705782464,1.2689205564862855,0.09905902052064057,-0.25768806859247967
2018-02-28,WDAY,0.4456770643731196,-0.07415178044789796,-0.2682832741673218,0.3417216460398471,2016-12-03,2016-10-31,,,-0.8649091625003088,-0.4734063386211611,-1.3298761028737378,0.1812888000614963,-0.6217257009834278
2018-03-31,ADBE,0.6070851996904387,-0.06383300314937874,0.2936299558759254,0.2311804005499065,2017-01-21,2016-12-02,,,0.05419480952272238,0.1380109032379979,1.4191327403151506,-1.3120812192692028,0.07481430845166698
2018-03-31,CRM,0.4092618599442581,-0.044939476541562495,0.0014155330978773,0.2528132843682151,2016-11-22,2016-10-31,,,-1.0117586487374608,1.3030883854637858,-0.05007844173721553,-1.0874140447401628,-0.21154068743776333
2018-03-31,HUBS,0.8340215433692022,-0.07577551495631493,-0.1409709728144611,0.4795120622078765,2016-11-03,2016-09-30,,,1.277021098168321,-0.6252992534252168,-0.8025630374777931,1.6710488842614135,0.38005192288168116
2018-03-31,NOW,0.8407454338220655,-0.04759983242979089,-0.074862437649585,0.3695424085774459,2016-11-05,2016-09-30,,,1.3041944120846225,1.1755601462634624,-0.4531924700929179,0.5289648434745786,0.6388817329324363
2018-03-31,VEEV,0.35920434101847043,-0.09421256193600806,0.2367995293425503,0.3353691042919537,2016-12-09,2016-10-31,,,-1.2140565126270204,-1.5091073739017822,1.1938795451735786,0.055758109835435506,-0.36838155787994714
2018-03-31,WDAY,0.5210134489151201,-0.07353745503684651,-0.2682832741673218,0.3417216460398471,2016-12-03,2016-10-31,,,-0.4095951584111844,-0.4822528076382506,-1.3071783361808025,0.14372342643793665,-0.5138257189480752
2018-04-30,ADBE,0.6156721471205511,-0.062024824096724225,0.2936299558759254,0.2311804005499065,2017-01-21,2016-12-02,,,0.6961368724409822,0.19219859009159196,1.3987551017897435,-1.4011404956669944,0.22148751716383086
2018-04-30,CRM,0.35044130946818,-0.04557518962013982,0.0014155330978773,0.2528132843682151,2016-11-22,2016-10-31,,,-1.2051719244988623,1.2856145747299637,-0.01761822869393195,-1.135680624237671,-0.2682140506751254
2018-04-30,HUBS,0.6152124999630191,-0.07865898742307191,-0.1807859348019465,0.438918796822648,2017-02-17,2016-12-31,,,0.6928062131760921,-0.9214736730463262,-0.9458879146212124,1.5461253012730671,0.09289248169540515
2018-04-30,NOW,0.751164284129539,-0.046047291108399856,-0.0612006243744587,0.3501347803255732,2017-03-01,2016-12-31,,,1.4324812630032182,1.2619088588541667,-0.3366314699197162,0.45664533169334987,0.7036009959077547
2018-04-30,VEEV,0.36180526105243094,-0.08495347296886292,0.2367995293425503,0.3353691042919537,2016-12-09,2016-10-31,,,-1.1434134919550687,-1.2375397936653831,1.18160278080136,0.21505667777969928,-0.24607345675984807
2018-04-30,WDAY,0.45434780767955285,-0.07356921120752381,-0.2682832741673218,0.3417216460398471,2016-12-03,2016-10-31,,,-0.4728389321663571,-0.5807085569640147,-1.2802202693562428,0.3189938091585486,-0.5036934873320166
2018-05-31,ADBE,0.5621035186104841,-0.06208296496005354,0.2936299558759254,0.2311804005499065,2017-01-21,2016-12-02,,,1.054870826090382,0.2513368118982352,1.4547133426090169,-1.427452057733084,0.33336723071613744
2018-05-31,CRM,0.3497322217567853,-0.0454843674962796,-0.0101766007494372,0.2678183572657868,2017-03-07,2017-01-31,,,-0.2601019587946884,1.3075141180574787,-0.06429462374359342,-0.9540522215640754,0.007266328488780366
2018-05-31,HUBS,0.4687933948277361,-0.07931980747893776,-0.1807859348019465,0.438918796822648,2017-02-17,2016-12-31,,,0.47710784612846063,-0.880585547909675,-0.9750216816638803,1.611303793009635,0.05820110239113507
2018-05-31,NOW,0.5875776472230718,-0.04754515093202449,-0.0612006243744587,0.3501347803255732,2017-03-01,2016-12-31,,,1.1731699548114751,1.2060172728368785,-0.33666517824660236,0.464097503786419,0.6266548882970425
2018-05-31,VEEV,0.10371413665309248,-0.08733524651089734,0.2166456880648405,0.3140194276713048,2017-03-31,2017-01-31,,,-1.5590558486389117,-1.275358603967309,1.1465019420468494,-0.15809883983249765,-0.46150283759796723
2018-05-31,WDAY,0.24864965139284512,-0.0751829632850253,-0.2432832881430456,0.3501408354899251,2017-03-21,2017-01-31,,,-0.8859908195967195,-0.6089240509156099,-1.2252338010017905,0.4642018223335979,-0.5639867122951305
2018-06-30,ADBE,0.7624433998618252,-0.0662227530357559,0.2788928228652166,0.2156462462093418,2017-03-30,2017-03-03,,,0.9720352310953367,-0.16479589664610578,1.4257392507862003,-1.519742578162122,0.1783090017683273
2018-06-30,CRM,0.49341801192152657,-0.0468155514656973,-0.0101766007494372,0.2678183572657868,2017-03-07,2017-01-31,,,-0.35074762415727595,1.233720884150807,-0.055243557626818866,-0.8773184358818932,-0.012397183378795279
2018-06-30,HUBS,0.8433459611899954,-0.08434325275991734,-0.1807859348019465,0.438918796822648,2017-02-17,2016-12-31,,,1.2703802736123149,-1.325246775250791,-0.9790550122739025,1.5674302947684975,0.1333771952140297
2018-06-30,NOW,0.6755659472063911,-0.04443096038811472,-0.0612006243744587,0.3501347803255732,2017-03-01,2016-12-31,,,0.5448636330522124,1.3625992270161777,-0.33152725422967183,0.47415859936264465,0.5125235513003407
2018-06-30,VEEV,0.26178435618258744,-0.07627550880099092,0.2166456880648405,0.3140194276713048,2017-03-31,2017-01-31,,,-1.3811127510352164,-0.889215003655548,1.1729484972780275,-0.11878589357956668,-0.3040412877480758
2018-06-30,WDAY,0.3501031619986308,-0.06694805520663986,-0.2432832881430456,0.3501408354899251,2017-03-21,2017-01-31,,,-1.0554187625673712,-0.2170624356145368,-1.2328619239338348,0.47425801349243796,-0.5077712771558262
2018-07-31,ADBE,0.6643456100489469,-0.06781000148586805,0.2788928228652166,0.2156462462093418,2017-03-30,2017-03-03,,,0.9252681336820658,-0.37502197644971597,1.4648577469429704,-1.6245674122310698,0.09763412298606261
2018-07-31,CRM,0.5022024643085217,-0.042239961798292966,-0.0101766007494372,0.2678183572657868,2017-03-07,2017-01-31,,,0.13947404860751617,1.5831570552088396,-0.11942177023514841,-0.9156802919011529,0.17188226042001364
2018-07-31,HUBS,0.7332412463109215,-0.07311731430730882,-0.0972620726547682,0.3950474898236091,2017-05-03,2017-03-31,,,1.1756847480333275,-0.8088401330282063,-0.6238600719458639,1.2422086338788354,0.24629829423452315
2018-07-31,NOW,0.5615210159770019,-0.048695005589232766,-0.1019475362478796,0.3625747436077664,2017-05-06,2017-03-31,,,0.42694945697847614,1.1874320491324029,-0.6510003887624949,0.8009860901092701,0.44109180186441355
2018-07-31,VEEV,0.20545800868370145,-0.07485944965209211,0.2166456880648405,0.3140194276713048,2017-03-31,2017-01-31,,,-1.298638163560543,-0.9156413480514078,1.1944351528115933,-0.07867259838475116,-0.2746292392962772
2018-07-31,WDAY,0.186171795344239,-0.07143203179937291,-0.2432832881430456,0.3501408354899251,2017-03-21,2017-01-31,,,-1.3687382237408408,-0.6710856468119106,-1.2650106688110563,0.5757255785288663,-0.6822772402087353
2018-08-31,ADBE,0.5769527384687281,-0.06898130408525348,0.2788928228652166,0.2156462462093418,2017-03-30,2017-03-03,,,0.8074880054618967,-0.42500727999553584,1.473042297713285,-1.4786542397344964,0.0942171958612874
2018-08-31,CRM,0.4362760361866449,-0.04320779809410421,-0.0037200863301277,0.2457347713637097,2017-05-23,2017-04-30,,,-0.009670704498820463,1.5683426728459449,-0.21107131016016306,-1.1414869127852278,0.05152843635043336
2018-08-31,HUBS,0.6918882216187818,-0.07421080804219181,-0.0972620726547682,0.3950474898236091,2017-05-03,2017-03-31,,,1.3082134078349281,-0.8540517916828253,-0.7902430303156709,1.0674591757938936,0.18284444040758138
2018-08-31,NOW,0.5144160437907137,-0.04911627434056527,-0.1019475362478796,0.3625747436077664,2017-05-06,2017-03-31,,,0.4442266841535285,1.20478056539948,-0.8192534043260152,0.6042337972525872,0.35849691061989514
2018-08-31,VEEV,0.2710923908137475,-0.07534804507866381,0.2364454970301042,0.3185765338499049,2017-06-09,2017-04-30,,,-0.9691846280542838,-0.9240285972752279,1.275930618087923,-0.05314898454445071,-0.16760789794650985
2018-08-31,WDAY,0.13064084130470244,-0.07074901347689769,-0.1254529957633564,0.3891700199751036,2017-06-03,2017-04-30,,,-1.5810727648972482,-0.5700355692918411,-0.9284051709993588,1.0015971640176917,-0.5194790852926892
2018-09-30,ADBE,0.7663897486462656,-0.06948565325753424,0.2844401559652181,0.2670183719415546,2017-06-29,2017-06-02,,,0.7867490943331039,0.34721762342116536,1.4850784587181336,-1.1270430860384981,0.37300052260847616
2018-09-30,CRM,0.6343397631887724,-0.04858600753246352,-0.0037200863301277,0.2457347713637097,2017-05-23,2017-04-30,,,-0.5126483834160236,1.1799970886882138,-0.21400567151166128,-1.41120827490015,-0.23946631028490525
2018-09-30,HUBS,0.7096965107752826,-0.07957481114252737,-0.0972620726547682,0.3950474898236091,2017-05-03,2017-03-31,,,0.22887663384199697,-0.0810793156265504,-0.7895227505989436,1.1259513575049764,0.12105648128036983
2018-09-30,NOW,0.670722304618484,-0.053715259999139404,-0.1019475362478796,0.3625747436077664,2017-05-06,2017-03-31,,,-0.15463711666667326,1.0166898665105435,-0.8183500657675435,0.5740346554616234,0.15443433488448752
2018-09-30,VEEV,0.8500266068541609,-0.12453645938952888,0.2364454970301042,0.3185765338499049,2017-06-09,2017-04-30,,,1.4040012785666853,-1.68641840869419,1.2636131012293725,-0.20921374524566497,0.19299555646405073
2018-09-30,WDAY,0.4663629773330462,-0.0959542635267769,-0.1254529957633564,0.3891700199751036,2017-06-03,2017-04-30,,,-1.7523415066590948,-0.776406854299185,-0.9268130720693574,1.0474790932177116,-0.6020205849524813
2018-10-31,ADBE,0.5411624033062683,-0.0646295484461115,0.2844401559652181,0.2670183719415546,2017-06-29,2017-06-02,,,-0.3521906684373243,0.45966515563917815,1.480066269112812,-1.1407505728536924,0.11169754586524333
2018-10-31,CRM,0.553937618290238,-0.0444311844536958,-0.0037200863301277,0.2457347713637097,2017-05-23,2017-04-30,,,-0.2584260828783934,1.2060766294926395,-0.20650180699860957,-1.4319746954472896,-0.17270648895791327
2018-10-31,HUBS,0.7440784705457781,-0.0748866772155012,-0.1187186423175782,0.3712100224705266,2017-08-03,2017-06-30,,,1.1371260257893445,0.024977660590863853,-0.9088185269416879,0.7601259194107585,0.25335276971231974
2018-10-31,NOW,0.5480730866046004,-0.054773673331112674,-0.0821215892203356,0.3820287596099756,2017-08-09,2017-06-30,,,-0.3014692241242372,0.87734789722991,-0.6853137875113687,0.9575033772008968,0.21201706569880024
2018-10-31,VEEV,0.7865114079419449,-0.12012372614179422,0.2364454970301042,0.3185765338499049,2017-06-09,2017-04-30,,,1.3707056638223696,-1.648889090245672,1.2602323037077963,-0.2001214777354066,0.1954818498872718
2018-10-31,WDAY,0.31525361327348334,-0.0971655071597574,-0.1254529957633564,0.3891700199751036,2017-06-03,2017-04-30,,,-1.59574571417176,-0.9191782527069202,-0.9396644513689417,1.0552174494247333,-0.5998427422057222
2018-11-30,ADBE,0.3542733942451657,-0.06432731074829393,0.2844401559652181,0.2670183719415546,2017-06-29,2017-06-02,,,-0.6036649287157966,0.9306041145149809,1.3675235707710112,-0.9626945432950467,0.1829420533187872
2018-11-30,CRM,0.315567605676347,-0.06629517968035022,0.0198287078840516,0.2577660611857502,2017-08-26,2017-07-31,,,-0.7024451503476639,0.8747796146609982,0.27883143217476053,-1.0364234332912325,-0.1463143842007844
2018-11-30,HUBS,0.6757257444149909,-0.08707227150384433,-0.1187186423175782,0.3712100224705266,2017-08-03,2017-06-30,,,0.21670679261996814,0.2853751372729399,-0.33499844973601434,0.22340834233928414,0.09762295562404445
2018-11-30,MDB,1.8566420623378743,-0.1699586613646784,-0.579685692248361,0.577190648165748,2017-12-16,2017-10-31,,,2.3263608249617733,-1.7763421970058006,-1.813349141293127,1.931553989469501,0.16705586903308667
2018-11-30,NOW,0.4718699033183602,-0.063549102546705,-0.0821215892203356,0.3820287596099756,2017-08-09,2017-06-30,,,-0.3035493734228075,0.946057460035001,-0.17285630303836846,0.346567302533044,0.20405477152671725
2018-11-30,VEEV,0.5171898333026055,-0.1359292912634441,0.2214965333013176,0.2682817270284057,2017-09-08,2017-07-31,,,-0.18788934184316702,-1.1006006500402135,1.1723146874007198,-0.9483126892166507,-0.26612199842482787
2018-11-30,WDAY,0.291456352159815,-0.10276772640551146,-0.1553890961699535,0.3907546005935567,2017-09-01,2017-07-31,,,-0.7455188232523081,-0.15987347943790445,-0.49746579627898174,0.4459010314611018,-0.23923926687702313
2018-12-31,ADBE,0.43169362888108,-0.06435702768109235,0.2963889555770164,0.2575925550234397,2017-09-28,2017-09-01,,,-0.6672513884510103,0.9260463147506459,1.3891502783993752,-1.0292195000299607,0.15468142616726255
2018-12-31,CRM,0.39645902218831774,-0.06635528529395743,0.0198287078840516,0.2577660611857502,2017-08-26,2017-07-31,,,-0.7469314767207421,0.8693303968982508,0.27155601941118024,-1.0278637875970742,-0.15847721200209633
2018-12-31,HUBS,0.5727375156050891,-0.08074625008073573,-0.1187186423175782,0.3712100224705266,2017-08-03,2017-06-30,,,-0.26451300425470997,0.4608761658677613,-0.3378272185044257,0.23843449501697367,0.024242609531399825
2018-12-31,MDB,1.7931267073276373,-0.16447567667084506,-0.579685692248361,0.577190648165748,2017-12-16,2017-10-31,,,2.3176461991597317,-1.66355686472271,-1.8054685923513882,1.9133391471495569,0.1904899723087976
2018-12-31,NOW,0.4208912536235456,-0.06092271347029422,-0.0821215892203356,0.3820287596099756,2017-08-09,2017-06-30,,,-0.6980966186680029,0.9942788574335516,-0.17685964545368757,0.35919674718610306,0.11962983512449105
2018-12-31,VEEV,0.7395080641377043,-0.13487629652128144,0.2214965333013176,0.2682817270284057,2017-09-08,2017-07-31,,,0.2116855946890541,-1.0754799313155923,1.15856679411979,-0.9104845155204316,-0.15392801450679497
2018-12-31,WDAY,0.6119520684440845,-0.11500555569072074,-0.1553890961699535,0.3907546005935567,2017-09-01,2017-07-31,,,-0.15253930575431957,-0.5114949389119099,-0.49911763562084344,0.45659741379483154,-0.17663861662306038
2019-01-31,ADBE,0.13255912952791937,-0.07225448021117897,0.2963889555770164,0.2575925550234397,2017-09-28,2017-09-01,,,-0.64545014029953,0.8407391059983926,1.350852778962349,-1.052929459110943,0.12330307138756719
2019-01-31,CRM,0.20244082700638244,-0.06796635715296558,0.0198287078840516,0.2577660611857502,2017-08-26,2017-07-31,,,-0.5373783057442455,0.9701893250877702,0.23240197892525297,-1.05159365301389,-0.0965951636862781
2019-01-31,HUBS,0.29551776819502473,-0.08936999219666553,-0.1240816159466262,0.3844366686027567,2017-11-02,2017-09-30,,,-0.33954746720710594,0.3240545924547881,-0.4010547484985462,0.34158345750186736,-0.018741041437249167
2019-01-31,MDB,2.088896937604444,-0.16576784370013553,-0.579685692248361,0.577190648165748,2017-12-16,2017-10-31,,,2.4086459344013122,-1.6943035525983499,-1.8462144957385827,1.853418093216953,0.1803864948203332
2019-01-31,NOW,0.19600995531689613,-0.06404805059713685,-0.0141618323062408,0.3928747176057441,2017-11-07,2017-09-30,,,-0.5510468333366743,1.0529896423029883,0.08278424630418439,0.43438870228664955,0.254778939389287
2019-01-31,VEEV,0.42093539337502506,-0.1339731115312075,0.2214965333013176,0.2682817270284057,2017-09-08,2017-07-31,,,-0.07297796417187137,-1.0224281207376225,1.120092572032396,-0.9359378963031731,-0.22781285229506773
2019-01-31,WDAY,0.33188750928935584,-0.11571467789873817,-0.1553890961699535,0.3907546005935567,2017-09-01,2017-07-31,,,-0.26224522364188485,-0.4712409925079658,-0.5388623319870534,0.4110707554225377,-0.21531944817859155
2019-02-28,ADBE,0.18500454998356863,-0.06668083916096441,0.2963889555770164,0.2575925550234397,2017-09-28,2017-09-01,,,-0.8130267711268895,1.1968416301954508,1.320332593049513,-0.8973436398272078,0.2017009530727166
2019-02-28,CRM,0.3072688710697087,-0.06742386127491272,0.0432816723081705,0.2494741872690609,2017-11-23,2017-10-31,,,-0.5959342129992516,1.1801928451772206,0.2962185443195916,-0.9826818592839237,-0.025551170696590797
2019-02-28,HUBS,0.4255740045753009,-0.10975319419081685,-0.1240816159466262,0.3844366686027567,2017-11-02,2017-09-30,,,-0.29584475056943094,-0.1747600279847282,-0.4326569503091097,0.4360094588404254,-0.11681306750571088
2019-02-28,MDB,1.8674325748390093,-0.15486299301646947,-0.579685692248361,0.577190648165748,2017-12-16,2017-10-31,,,2.3701950996565184,-1.4859450373313852,-1.8478008167095694,1.880945653474535,0.22934872477252471
2019-02-28,NOW,0.3664990396918295,-0.08234032859402465,-0.0141618323062408,0.3928747176057441,2017-11-07,2017-09-30,,,-0.4456926390729631,0.7027199237019276,0.04604920744989049,0.5247080863711957,0.20694614461251268
2019-02-28,VEEV,0.5647059158349679,-0.1410370146056659,0.2365497391412951,0.2337178436604823,2017-12-07,2017-10-31,,,0.05707332846535058,-1.1761484136414257,1.1379106458422759,-1.0986205361916483,-0.2699462438813619
2019-02-28,WDAY,0.43309387702984226,-0.11188194609458244,-0.1441494159949152,0.3559897651752275,2017-12-01,2017-10-31,,,-0.27677005435333263,-0.24290092011705924,-0.5200532236425917,0.13698283661662725,-0.22568534037408905
2019-03-31,ADBE,0.21482783124575988,-0.06722311230583163,0.3236029193733663,0.247557383990117,2018-01-23,2017-12-01,,,-1.18163825606892,1.1914100606577915,1.3696083068912086,-0.9722853439285796,0.10177369188787513
2019-03-31,CRM,0.4071367117187461,-0.06891870605751806,0.0432816723081705,0.2494741872690609,2017-11-23,2017-10-31,,,-0.6433083571023532,1.152332896729804,0.2799043095164376,-0.9524347269911058,-0.04087646946180434
2019-03-31,HUBS,0.5547553106008851,-0.10563450313809691,-0.1240816159466262,0.3844366686027567,2017-11-02,2017-09-30,,,-0.05298196413379223,-0.05647183177606729,-0.43753332553789287,0.4452509652841342,-0.02543403904090455
2019-03-31,MDB,1.3400920273708916,-0.1532952910020365,-0.579685692248361,0.577190648165748,2017-12-16,2017-10-31,,,2.2174010989203343,-1.497315366397174,-1.8304700839470676,1.8687929435072717,0.18960214802084108
2019-03-31,NOW,0.4472046016154534,-0.0827005376811825,-0.0141618323062408,0.3928747176057441,2017-11-07,2017-09-30,,,-0.4830769696233968,0.6985896973762608,0.0336607484013278,0.5326362907882846,0.19545244173561907
2019-03-31,VEEV,0.6147632029959218,-0.14030486395416616,0.2365497391412951,0.2337178436604823,2017-12-07,2017-10-31,,,0.186989441471343,-1.1979340748942398,1.1083881798212813,-1.0726119615238727,-0.243792103781372
2019-03-31,WDAY,0.5571551547900966,-0.11274617303869183,-0.1441494159949152,0.3559897651752275,2017-12-01,2017-10-31,,,-0.04338499346321384,-0.29061138169637324,-0.523558135145295,0.1506518328638688,-0.1767256693602533
2019-04-30,ADBE,0.20257212497498767,-0.06713105766605162,0.3236029193733663,0.247557383990117,2018-01-23,2017-12-01,,,-0.8740314456197338,1.197882625399657,1.5036038666762415,-1.0966214276157036,0.1827084047101153
2019-04-30,CRM,0.30895119723841136,-0.07086199210615722,0.0432816723081705,0.2494741872690609,2017-11-23,2017-10-31,,,-0.7752798304479201,1.1364728275801987,0.370940746754884,-1.0791067626039683,-0.08674325467920144
2019-04-30,HUBS,0.5694995686402351,-0.10502572707474972,-0.0885386846378389,0.3937130448432839,2018-02-14,2017-12-31,,,-0.4031769641623089,0.2713614229343623,-0.22664373489277712,0.23886639606040888,-0.02989822001507872
2019-04-30,MDB,3.085023545870646,-0.16928946269065373,-0.579685692248361,0.577190648165748,2017-12-16,2017-10-31,,,2.3336318281358643,-1.3559574471357108,-1.8246427376977883,1.641061354474971,0.19852324944433408
2019-04-30,NOW,0.4836282468063622,-0.0826839544542787,-0.0240349946007284,0.4166921636856762,2018-03-01,2017-12-31,,,-0.5258143263311927,0.837111107848566,0.06577243714790247,0.44883659655542635,0.20647645380517554
2019-04-30,VEEV,0.8089263593143619,-0.1404461075084231,0.2365497391412951,0.2337178436604823,2017-12-07,2017-10-31,,,-0.061238940922820645,-0.625571394810404,1.2470876501108048,-1.1788190610631377,-0.1546354366713894
2019-04-30,WDAY,0.5447774091690119,-0.11398788257590879,-0.1441494159949152,0.3559897651752275,2017-12-01,2017-10-31,,,-0.438483983548068,0.04441718099506944,-0.4787452375891845,-0.10582761285950877,-0.24465991325042297
2019-04-30,ZS,1.373034518352663,-0.17838801970941884,-0.183552671724671,0.4914148768353354,2018-06-08,2018-04-30,,,0.7443936628961801,-1.5057163228117378,-0.6573729905100825,1.1316105170515107,-0.07177128334353233
2019-05-31,ADBE,0.1603417900209918,-0.0697774366779556,0.3236029193733663,0.247557383990117,2018-01-23,2017-12-01,,,-1.0444623023142583,1.204017313770618,1.5315161474987458,-1.0765176162379004,0.15363838567930127
2019-05-31,CRM,0.2785124013563256,-0.07092747683238786,0.0273128439359762,0.2428151324244067,2018-03-10,2018-01-31,,,-0.9093720708784409,1.183024726565848,0.3632199266130537,-1.1228666467603314,-0.12149851611496765
2019-05-31,HUBS,0.5221948031232175,-0.10472138456553871,-0.0885386846378389,0.3937130448432839,2018-02-14,2017-12-31,,,-0.48079861086762476,0.23399892704317013,-0.18021814940091085,0.3519543009609606,-0.01876588306610122
2019-05-31,MDB,1.9900274766656358,-0.15249214302085778,-0.6050709353699962,0.5046769559698003,2018-03-31,2018-01-31,,,1.86144654089751,-1.107535251094829,-1.911132873061391,1.3911083940536868,0.05847170269874419
2019-05-31,NOW,0.528686423008718,-0.08397081008628939,-0.0240349946007284,0.4166921636856762,2018-03-01,2017-12-31,,,-0.46938155335657245,0.8167320838957696,0.12235672070305906,0.5765437951804815,0.2615627616056844
2019-05-31,VEEV,0.808040253537323,-0.1376896616138325,0.1886609812945127,0.2315371654246003,2018-03-31,2018-01-31,,,0.021928598089848948,-0.6918408939003482,1.1200741728536865,-1.1945140149250686,-0.18608803447047034
2019-05-31,WDAY,0.5701740557488733,-0.11262916998891036,-0.1396356956462024,0.3339073721236991,2018-03-15,2018-01-31,,,-0.3964156839208498,0.011926580656689213,-0.41990476980451596,-0.23256444754608252,-0.25923958015368975
2019-05-31,ZS,1.601294629215714,-0.18222779496708436,-0.183552671724671,0.4914148768353354,2018-06-08,2018-04-30,,,1.4170550823503867,-1.650323486936917,-0.6259111754017274,1.3068562352742545,0.11191916382149922
2019-06-30,ADBE,0.11111109720338774,-0.06627840713088241,0.3380235282573341,0.2362572146575439,2018-03-29,2018-03-02,,,-1.2018259291040394,1.3301280864213454,1.5567764054065287,-1.148876260705499,0.13405057550458394
2019-06-30,CRM,0.11004406578788495,-0.0765990785832926,0.0273128439359762,0.2428151324244067,2018-03-10,2018-01-31,,,-1.2033462511570947,1.1195957483688022,0.3547133352089585,-1.0859576842762677,-0.20374871296390046
2019-06-30,HUBS,0.38181815526961493,-0.10501756639125283,-0.0885386846378389,0.3937130448432839,2018-02-14,2017-12-31,,,-0.6084299329913093,0.2277320880341597,-0.1841513487405994,0.36180091427055644,-0.05076206985679817
2019-06-30,MDB,1.8277250315848166,-0.14550824930637102,-0.6050709353699962,0.5046769559698003,2018-03-31,2018-01-31,,,1.931683052081644,-1.0429959295210667,-1.900499276273327,1.3818869632343982,0.0925187023804121
2019-06-30,NOW,0.5186989730043865,-0.08658989471321385,-0.0240349946007284,0.4166921636856762,2018-03-01,2017-12-31,,,-0.30838408354552704,0.8060517658889857,0.11587715302648051,0.5822692849578434,0.29895353008194564
2019-06-30,VEEV,1.0074159778936163,-0.137689695306698,0.1886609812945127,0.2315371654246003,2018-03-31,2018-01-31,,,0.7628946485462189,-0.7976245277845104,1.1051981506782729,-1.1783118548728528,-0.02696089585821787
2019-06-30,WDAY,0.6852707272824734,-0.11374522372348587,-0.1396356956462024,0.3339073721236991,2018-03-15,2018-01-31,,,0.056744970569895525,-0.04616990376328987,-0.4218208471645695,-0.21199215903126165,-0.1558094848473064
2019-06-30,ZS,0.9197202028928104,-0.17265266179455674,-0.183552671724671,0.4914148768353354,2018-06-08,2018-04-30,,,0.5706635256002109,-1.5967173276444249,-0.6260935721417445,1.2991807964230855,-0.08824164444071825
2019-07-31,ADBE,0.2042259388446075,-0.06912085903854141,0.3380235282573341,0.2362572146575439,2018-03-29,2018-03-02,,,-1.082969781285297,1.3072467582681568,1.567838074652737,-1.1469721284298653,0.16128573080143288
2019-07-31,CRM,0.10630706798386713,-0.07568169095341638,0.0273128439359762,0.2428151324244067,2018-03-10,2018-01-31,,,-1.2141454036239336,1.1606066026739372,0.3665214532795518,-1.0838995500738173,-0.1927292244360655
2019-07-31,HUBS,0.37405323423932146,-0.10604153417813549,-0.0988512168720974,0.3927442493799542,2018-05-11,2018-03-31,,,-0.7329594423860571,0.11665547151063096,-0.21994590293221533,0.35808498117712007,-0.11954122315763038
2019-07-31,MDB,1.8107557682931334,-0.14481584202179937,-0.6050709353699962,0.5046769559698003,2018-03-31,2018-01-31,,,1.7662021164994053,-1.216634764339778,-1.8872907318488132,1.3899854888819376,0.01306552729818794
2019-07-31,NOW,0.5604114392351875,-0.08415341259984858,-0.0344233582588566,0.4137380843268559,2018-05-09,2018-03-31,,,-0.3488792606010544,0.8692986624375169,0.07954379060874356,0.5599989646633505,0.28999053927713914
2019-07-31,VEEV,1.1434616752286777,-0.13589144841496714,0.1886609812945127,0.2315371654246003,2018-03-31,2018-01-31,,,0.8527745149069033,-0.9097612824235918,1.1165402378706912,-1.1764797702892684,-0.029231574983816455
2019-07-31,WDAY,0.6576359248155814,-0.10831704047277843,-0.1396356956462024,0.3339073721236991,2018-03-15,2018-01-31,,,-0.14850172371450093,0.0384100947911764,-0.40953052225982706,-0.20779487320623335,-0.18185425609734623
2019-07-31,ZS,1.1704898444897829,-0.15149061247745957,-0.183552671724671,0.4914148768353354,2018-06-08,2018-04-30,,,0.9084789802045347,-1.3658215429180496,-0.613676399370868,1.3070768872767788,0.059014481298099
2019-08-31,ADBE,0.13415040900108122,-0.06898483510152163,0.3380235282573341,0.2362572146575439,2018-03-29,2018-03-02,,,-0.9737083669389831,1.2996766094316947,1.5033518072665772,-1.1271170951710887,0.17555073864705
2019-08-31,CRM,0.011920245802329088,-0.07567810518253246,0.0635395874916833,0.2590159320382696,2018-06-01,2018-04-30,,,-1.2110038854712375,1.154192634200695,0.45391773117659634,-0.9094713770115487,-0.1280912242763737
2019-08-31,HUBS,0.24370219217940847,-0.10532096956640846,-0.0988512168720974,0.3927442493799542,2018-05-11,2018-03-31,,,-0.6465053954160856,0.16294167601011375,-0.2717290859959096,0.4104964317152206,-0.08619909342166522
2019-08-31,MDB,0.9902724158261804,-0.1524087489989942,-0.6073576375927999,0.4887928372954615,2018-06-08,2018-04-30,,,1.5614730476209793,-1.3726466135738955,-1.881177435779535,1.358545780143039,-0.08345130539735307
2019-08-31,NOW,0.41266045900895376,-0.08444191482117253,-0.0344233582588566,0.4137380843268559,2018-05-09,2018-03-31,,,-0.14187055181891947,0.8611327399474555,0.016168191950980394,0.6177164645585963,0.3382867111595282
2019-08-31,VEEV,0.5896894684382419,-0.1340400743892786,0.2247848343365022,0.2382818931344115,2018-06-08,2018-04-30,,,0.3868695220576449,-0.797418962738772,1.1744455998299457,-1.114127088247737,-0.0875577322747296
2019-08-31,WDAY,0.2940339356510355,-0.11042366418983875,-0.1151940618418053,0.2892129179074774,2018-06-02,2018-04-30,,,-0.4961774359064079,-0.0076913258930519065,-0.3447574417718065,-0.6114114742155767,-0.3650094194467108
2019-08-31,ZS,0.9693852498256685,-0.149075093957341,-0.183552671724671,0.4914148768353354,2018-06-08,2018-04-30,,,1.5209230658730097,-1.3001867573842392,-0.6502193666768481,1.375368358229096,0.23647132501025464
2019-09-30,ADBE,0.053935902575278805,-0.06887523120602952,0.3181637635740835,0.2387836518657706,2018-06-28,2018-06-01,,,-1.1685884845885979,1.1669959470835567,1.468615372635204,-1.1147059358256202,0.08807922482613567
2019-09-30,CRM,-0.01861268961300533,-0.06875597768552413,0.0635395874916833,0.2590159320382696,2018-06-01,2018-04-30,,,-1.3472422714767662,1.1698465364156343,0.46612279046637684,-0.9144509709369298,-0.15643097888292123
2019-09-30,HUBS,0.3228221047546469,-0.1016173390217309,-0.0988512168720974,0.3927442493799542,2018-05-11,2018-03-31,,,-0.14990703553143828,-0.037087883393152596,-0.2673837393573149,0.409164522006047,-0.011303534068964685
2019-09-30,MDB,0.8676884348112934,-0.1329817210874059,-0.6073576375927999,0.4887928372954615,2018-06-08,2018-04-30,,,1.672925265305134,-1.1905061517204816,-1.8942645387250432,1.359833771178098,-0.013002913490573198
2019-09-30,NOW,0.3384450433406785,-0.08528562198975354,-0.0344233582588566,0.4137380843268559,2018-05-09,2018-03-31,,,-0.09071917989452741,0.5635074268664649,0.02363184604186729,0.6169572000594706,0.27834432326831887
2019-09-30,VEEV,0.47313310220199845,-0.09642898158393548,0.2247848343365022,0.2382818931344115,2018-06-08,2018-04-30,,,0.4195495726836338,0.15371282292506422,1.194454926803078,-1.1179340341703567,0.1624458220603548
2019-09-30,WDAY,0.21441296045916425,-0.09934751038054493,-0.1151940618418053,0.2892129179074774,2018-06-02,2018-04-30,,,-0.5606175268354904,0.04638456682870854,-0.3412030886002866,-0.6155673901726582,-0.36775085969493165
2019-09-30,ZS,0.685630208960853,-0.16152750091976584,-0.183552671724671,0.4914148768353354,2018-06-08,2018-04-30,,,1.224599660338052,-1.8728532650057932,-0.6499735692638812,1.3767028378619486,0.019618915982581586
2019-10-31,ADBE,0.12406415272895832,-0.06948426207460007,0.3181637635740835,0.2387836518657706,2018-06-28,2018-06-01,,,-1.01256904913848,1.1061212442942023,1.4827786227099398,-1.0379875330686639,0.13458582119924956
2019-10-31,CRM,0.08160844590754324,-0.06922485519073959,0.0635395874916833,0.2590159320382696,2018-06-01,2018-04-30,,,-1.1842719157470678,1.110674777630449,0.4829400213771474,-0.8300933818483326,-0.10518762464695097
2019-10-31,HUBS,0.11765578645028474,-0.1281701990189526,-0.1146390810599138,0.3758207715533206,2018-08-02,2018-06-30,,,-1.0494446074711754,-0.4787270970041983,-0.31974838946925593,0.37011948404582296,-0.3694501524747017
2019-10-31,MDB,0.47828224977832634,-0.15355079882771416,-0.6073576375927999,0.4887928372954615,2018-06-08,2018-04-30,,,1.0257024122961294,-1.1641451648151637,-1.8711984608415193,1.5309491838536486,-0.1196730073767262
2019-10-31,NOW,0.40217632017834504,-0.08651504436008436,-0.0506912223320909,0.3378248601344489,2018-08-09,2018-06-30,,,0.5877672936735102,0.6461949235854147,-0.03166561549565743,-0.020302538925479067,0.29549851570944713
2019-10-31,VEEV,0.6714833606117947,-0.09974618970526246,0.2247848343365022,0.2382818931344115,2018-06-08,2018-04-30,,,1.74832952812185,0.2888800395499562,1.2093439843123817,-1.0413387746511524,0.5513036943332588
2019-10-31,WDAY,0.27770261054678014,-0.0985092552963705,-0.1151940618418053,0.2892129179074774,2018-06-02,2018-04-30,,,-0.12848975856161826,0.32228418283024823,-0.32224855767394645,-0.519808199300078,-0.16206558317634862
2019-10-31,ZS,0.30228705233545883,-0.19155647700893846,-0.183552671724671,0.4914148768353354,2018-06-08,2018-04-30,,,0.012976096826849666,-1.831282906070905,-0.6302016049190897,1.5484617598942358,-0.2250116635672273
2019-11-30,ADBE,0.10777628981591225,-0.06292848594064905,0.3181637635740835,0.2387836518657706,2018-06-28,2018-06-01,,,-0.6546330529113682,1.0545021090642153,1.554225970199406,-0.95551140273331,0.24964590590473573
2019-11-30,CRM,0.09617518507230383,-0.05654081372127187,0.0350502895458701,0.2808456001333548,2018-09-01,2018-07-31,,,-0.7198569886736998,1.1590181920975,0.3167060083662709,-0.6680290584938967,0.021959538324043598
2019-11-30,HUBS,0.11558661774664247,-0.12346797109564091,-0.1146390810599138,0.3758207715533206,2018-08-02,2018-06-30,,,-0.6107216894252868,-0.4694308764515287,-0.39590535299712826,0.10672965896051823,-0.34233206497835644
2019-11-30,MDB,0.5412544546598159,-0.15299995921288975,-0.5317098625847974,0.6148876404494381,2018-09-08,2018-07-31,,,1.6519787413282192,-1.2128262109925194,-1.730510911495565,1.8349946889492994,0.13590907694735854
2019-11-30,NOW,0.334592716681265,-0.08246528208437769,-0.0506912223320909,0.3378248601344489,2018-08-09,2018-06-30,,,0.6205782638262008,0.5627112060114182,-0.09147511536643166,-0.20322149100085135,0.222148215867584
2019-11-30,VEEV,0.47493756686430944,-0.08633329770667636,0.2519834549089018,0.2582705525707596,2018-09-07,2018-07-31,,,1.4096275565632752,0.46534340415086484,1.34943824358517,-0.8521847134358562,0.5930561227158635
2019-11-30,WDAY,-0.011219489865186727,-0.09504193137923427,-0.1324688858452926,0.2786872763268102,2018-09-06,2018-07-31,,,-1.1123245421693337,0.2461249209013455,-0.48078593876973946,-0.6856355566892589,-0.5081552791817466
2019-11-30,ZS,0.12022418294690329,-0.18921869282559714,-0.1410617011428775,0.5371606830122593,2018-09-14,2018-07-31,,,-0.5846482885380062,-1.8054427447812929,-0.5216929035219824,1.4228578744433558,-0.3722315155994815
2019-12-31,ADBE,0.36814882984366526,-0.06946802149580406,0.3136543702609603,0.2444236353345927,2018-09-27,2018-08-31,,,-0.16475835937451003,0.8670471847940787,1.5461971859016752,-0.9326357319577887,0.32896256984086386
2019-12-31,CRM,0.18923816599900367,-0.05657131698844078,0.0350502895458701,0.2808456001333548,2018-09-01,2018-07-31,,,-0.9873177758368908,1.0711746402722797,0.31931363877890495,-0.6741463939444059,-0.06774397268252802
2019-12-31,HUBS,0.2009862082905356,-0.12410743045996363,-0.1146390810599138,0.3758207715533206,2018-08-02,2018-06-30,,,-0.933304993120439,-0.46345413278834463,-0.39522979944871417,0.10335626348912902,-0.42215816546709223
2019-12-31,MDB,0.7757344249059013,-0.15616432523662802,-0.5317098625847974,0.6148876404494381,2018-09-08,2018-07-31,,,1.5392939657598832,-1.2440581244224829,-1.733453824705105,1.837742238494034,0.09988106378158235
2019-12-31,NOW,0.5896658449516805,-0.08887870924969775,-0.0506912223320909,0.3378248601344489,2018-08-09,2018-06-30,,,0.853687957732341,0.39438567323422713,-0.08997417135866545,-0.2076926312704503,0.23760170708436307
2019-12-31,VEEV,0.6701745766399247,-0.08632304987103108,0.2519834549089018,0.2582705525707596,2018-09-07,2018-07-31,,,1.2238347893102874,0.45661746225006905,1.3548458827638488,-0.8589542675095215,0.5440859667036709
2019-12-31,WDAY,0.12174350784745958,-0.07382624764234437,-0.1324688858452926,0.2786872763268102,2018-09-06,2018-07-31,,,-1.1890214503399525,0.7609218488831864,-0.4803405188185205,-0.6918152485524192,-0.4000638422069265
2019-12-31,ZS,0.32950783691191066,-0.1939821841636989,-0.1410617011428775,0.5371606830122593,2018-09-14,2018-07-31,,,-0.34241413413071914,-1.8426345522230165,-0.5213583931134236,1.424145771251422,-0.32056532705393437
2020-01-31,ADBE,0.3308449189379161,-0.05953306571047534,0.3136543702609603,0.2444236353345927,2018-09-27,2018-08-31,,,0.9995158724863721,0.9946304284963239,1.5047160316252575,-0.9205904193498707,0.6445679783145207
2020-01-31,CRM,0.07021120859248886,-0.05432048811695607,0.0350502895458701,0.2808456001333548,2018-09-01,2018-07-31,,,-0.4966618621848535,1.0698964723176059,0.2798430605747178,-0.6615826789802978,0.04787374793179308
2020-01-31,HUBS,0.001200192308359549,-0.11942994782749779,-0.114165642589474,0.3489347768250004,2018-11-08,2018-09-30,,,-0.892822227912307,-0.3359386165891822,-0.4312731486914109,-0.10306106082024749,-0.44077376350328695
2020-01-31,MDB,0.42496751559788226,-0.16377576084022466,-0.5317098625847974,0.6148876404494381,2018-09-08,2018-07-31,,,1.3507201991352058,-1.3210510963774311,-1.7695603956621386,1.8553435654368464,0.028863068133120617
2020-01-31,NOW,0.28315604550693374,-0.08655483043314231,0.0142148902758443,0.3511391693598571,2018-11-08,2018-09-30,,,0.7257560793866003,0.39436005693809983,0.18054809967196364,-0.08497887881349733,0.3039213392957916
2020-01-31,VEEV,0.2897488246003135,-0.08475539940900115,0.2519834549089018,0.2582705525707596,2018-09-07,2018-07-31,,,0.7636021787113869,0.43433320971107703,1.3136783086575958,-0.846761186157751,0.4162131277305773
2020-01-31,WDAY,-0.09408914199256102,-0.07792875316708592,-0.1324688858452926,0.2786872763268102,2018-09-06,2018-07-31,,,-1.3284673072991187,0.5859825752572724,-0.5185006503066395,-0.6792869686121707,-0.48506808774016413
2020-01-31,ZS,-0.038660305420269325,-0.19848391516869257,-0.1410617011428775,0.5371606830122593,2018-09-14,2018-07-31,,,-1.121642932323285,-1.822213029753767,-0.5594513058693453,1.4409176272969884,-0.5155974101623522
2020-02-29,ADBE,0.337676246279762,-0.05724700742645918,0.3136543702609603,0.2444236353345927,2018-09-27,2018-08-31,,,0.6081124763798808,0.8624677788602751,1.495494758241487,-0.9902578023208197,0.4939543027902058
2020-02-29,CRM,0.1140237560558024,-0.056182056542691206,0.0271226415094339,0.2657467364668278,2018-11-29,2018-10-31,,,-0.6508934618294226,0.8766240777500789,0.26155595800220083,-0.8762766372052936,-0.09724751582060913
2020-02-29,HUBS,0.0745931654256402,-0.10215714466570607,-0.114165642589474,0.3489347768250004,2018-11-08,2018-09-30,,,-0.8728599049517988,-0.05597302672945616,-0.3723738551774618,-0.19215982634872203,-0.3733416533018597
2020-02-29,MDB,0.6139228791094009,-0.17291337791737255,-0.4470877894898822,0.5663565368299268,2018-12-07,2018-10-31,,,1.7665051941099894,-1.5029828971728016,-1.5501932877486335,1.5958601874053382,0.07729729914847311
2020-02-29,NOW,0.41258776798789687,-0.07927794029749777,0.0142148902758443,0.3511391693598571,2018-11-08,2018-09-30,,,1.0298115622089425,0.411921221271771,0.2036416844991633,-0.17403147539431643,0.36783574814639014
2020-02-29,VEEV,0.24340595417575228,-0.06338902445070366,0.2807534341056641,0.2758006006278775,2018-12-08,2018-10-31,,,0.07743715308335042,0.7368596331171084,1.3995421823559633,-0.7935962728520926,0.3550606739260824
2020-02-29,WDAY,-0.06719541396010031,-0.07583837306042797,-0.2459064921574458,0.3381413747841604,2018-12-04,2018-10-31,,,-1.3916702750254697,0.48226255394829987,-0.9634664053303865,-0.28092195790850044,-0.5384490210790142
2020-02-29,ZS,0.1290257610313319,-0.19609839808620638,-0.1368605643148282,0.5879681894583679,2018-12-07,2018-10-31,,,-0.5664427439754717,-1.8111793410452754,-0.47420103484233295,1.7113837846244042,-0.2851098338096689
2020-03-31,ADBE,0.2950580050442355,-0.05805539486464585,0.2923552264543287,0.2282623050491006,2019-01-26,2018-11-30,,,1.3184644704114823,0.8365168286158937,1.4578591912831986,-1.0542092654345405,0.6396578062190086
2020-03-31,CRM,0.07596132254387666,-0.05732600197282188,0.0271226415094339,0.2657467364668278,2018-11-29,2018-10-31,,,-0.0013367401320346936,0.8459726145341329,0.27244462118187873,-0.8560268867108697,0.06526340221827684
2020-03-31,HUBS,0.07965820166993809,-0.10123825792934542,-0.114165642589474,0.3489347768250004,2018-11-08,2018-09-30,,,0.020932631955792043,-0.02474297979890768,-0.3688385857897984,-0.1793806879887053,-0.13800740540540482
2020-03-31,MDB,0.03727381015023923,-0.17637603965900683,-0.4470877894898822,0.5663565368299268,2018-12-07,2018-10-31,,,-0.23438374525935501,-1.5233270685899547,-1.5603203669735732,1.5891139993893095,-0.43222929535839333
2020-03-31,NOW,0.3229340313042266,-0.08038327740367769,0.0142148902758443,0.3511391693598571,2018-11-08,2018-09-30,,,1.4276127619743277,0.3911987910169771,0.21385855965058903,-0.16145030012549638,0.4678049531290994
2020-03-31,VEEV,0.11910768199317356,-0.06295665371103744,0.2807534341056641,0.2758006006278775,2018-12-08,2018-10-31,,,0.25856960250112904,0.7387637628057369,1.42363114099988,-0.7742493987720648,0.41167877688367027
2020-03-31,WDAY,-0.10163342226183258,-0.07273854834715099,-0.2459064921574458,0.3381413747841604,2018-12-04,2018-10-31,,,-1.0711373254528924,0.5436689473552101,-0.9667876304606244,-0.2671735297333773,-0.440357384572921
2020-03-31,ZS,-0.2670238057975438,-0.1983388397474473,-0.1368605643148282,0.5879681894583679,2018-12-07,2018-10-31,,,-1.7187216559984495,-1.8080508959390889,-0.47184692989154997,1.703376069375746,-0.5738108531133356
2020-04-30,ADBE,0.10022468533923945,-0.06520113309247494,0.2923552264543287,0.2282623050491006,2019-01-26,2018-11-30,,,1.1267807837131163,1.1636724865086783,1.4458486611315837,-1.0020178046485078,0.6835710316762177
2020-04-30,CRM,-0.12924110392973553,-0.07328984753893059,0.0271226415094339,0.2657467364668278,2018-11-29,2018-10-31,,,-0.33249834324761524,0.8963425396723752,0.2487898419324872,-0.8063178405701675,0.0015790494467699256
2020-04-30,HUBS,-0.2780638599615558,-0.1276068050583477,-0.0543805807446084,0.3517988380060259,2019-02-13,2018-12-31,,,-1.2789311086104638,-0.9218264172518006,-0.12477304697930812,-0.11514296555576622,-0.6101683845993346
2020-04-30,MDB,-0.031081499714195493,-0.12776655363713466,-0.4470877894898822,0.5663565368299268,2018-12-07,2018-10-31,,,0.29174399805651113,-0.9271737327151043,-1.6019782757592769,1.6081954307811976,-0.15730314490916808
2020-04-30,NOW,0.0555044723396505,-0.0912955404311526,0.0003885715244164,0.3094441495689735,2019-02-28,2018-12-31,,,0.8423842573662518,0.2936322009564146,0.12625657097978032,-0.4553379865154648,0.20173376069674548
2020-04-30,VEEV,0.11796668746699956,-0.06549357824141848,0.2807534341056641,0.2758006006278775,2018-12-08,2018-10-31,,,1.2001200241624634,1.1573095647766503,1.4112843909690072,-0.725564690087725,0.760787322455099
2020-04-30,WDAY,-0.36672665404586824,-0.10056393273899038,-0.2459064921574458,0.3381413747841604,2018-12-04,2018-10-31,,,-1.6454321341112013,-0.016611670281797393,-1.0026153063421965,-0.22484040776276148,-0.7223748796244891
2020-04-30,ZS,-0.10906159002350801,-0.16077429815874644,-0.1368605643148282,0.5879681894583679,2018-12-07,2018-10-31,,,-0.20416747732906282,-1.6453449716654127,-0.5028128359320765,1.7210262643591963,-0.15782475514183897
2020-05-31,ADBE,0.3054264400743012,-0.06803607326748692,0.2923552264543287,0.2282623050491006,2019-01-26,2018-11-30,,,1.1795476154555402,1.3426887547432318,1.6840814559737487,-0.7763281416550718,0.8574974211293622
2020-05-31,CRM,0.06961227206405218,-0.08148842102352462,0.0380238689980571,0.2637657694502602,2019-03-09,2019-01-31,,,-0.24147803047544691,1.0510483473832335,0.047271133446746466,-0.6692383479689433,0.04690077559639744
2020-05-31,HUBS,-0.02683514502101869,-0.1473779054336009,-0.0543805807446084,0.3517988380060259,2019-02-13,2018-12-31,,,-0.82267403883289,-1.146570459223662,-0.5652820515189338,-0.3020223173674656,-0.7091372167357379
2020-05-31,MDB,0.1552658480370699,-0.13752315062623832,-0.0919340940001453,1.1384738349503785,2019-04-02,2019-01-31,,,0.27467385789652876,-0.8178838001450581,-0.8142259521145423,2.2692845351412436,0.22796216019454296
2020-05-31,NOW,0.34211423906018035,-0.10761040825735262,0.0003885715244164,0.3094441495689735,2019-02-28,2018-12-31,,,1.3232510129211625,0.17979899818925674,-0.202214918348495,-0.47869820542155794,0.2055342218350916
2020-05-31,VEEV,0.23663238935992892,-0.08496150285466891,0.2711655755134016,0.2563500776015444,2019-03-29,2019-01-31,,,0.7649919033138035,0.9352102888926711,1.5927778192396966,-0.7001717343602644,0.6482020692714767
2020-05-31,WDAY,-0.24603175789746257,-0.11485008907260848,-0.1525218480703196,0.3539142974866089,2019-03-19,2019-01-31,,,-1.6812509732362206,-0.06166682683402029,-1.0752912383515452,-0.29319801252268035,-0.7778517627361167
2020-05-31,ZS,-0.022584809622531177,-0.16287893515914215,-0.0697424026271163,0.6520366417644967,2019-03-07,2019-01-31,,,-0.7970613470424774,-1.4826253030056553,-0.6671162483266758,0.9503722241547399,-0.4991076685550171
2020-06-30,ADBE,0.31206520994985953,-0.06577649686185466,0.2671451079722531,0.2510881710789163,2019-03-28,2019-03-01,-0.3506051815544663,,0.28850917278606586,1.245978760906763,1.624742834939191,-0.726397622665,0.608208286491755
2020-06-30,CRM,0.15198035821359102,-0.07951425264724993,0.0380238689980571,0.2637657694502602,2019-03-09,2019-01-31,-0.3506051815544663,,-0.7750132693689531,1.0468470590946315,0.06488714974436259,-0.6809329518769623,-0.08605300310173034
2020-06-30,HUBS,0.1725310663371633,-0.15467629743027228,-0.0543805807446084,0.3517988380060259,2019-02-13,2018-12-31,-0.3506051815544663,,-0.6384848030303426,-0.6292912163976091,-0.564201654566047,-0.3115697243252146,-0.5358868495798033
2020-06-30,MDB,0.5261358813809462,-0.18110804945747674,-0.0919340940001453,1.1384738349503785,2019-04-02,2019-01-31,-0.3506051815544663,,1.447302954309826,-1.2187279645463804,-0.8198656925790647,2.2747721532690606,0.4208703626133603
2020-06-30,NOW,0.4128636862281332,-0.10780042729188427,0.0003885715244164,0.3094441495689735,2019-02-28,2018-12-31,-0.3506051815544663,,0.9581630500534988,0.4160560777423108,-0.19133367461521816,-0.4892786771052521,0.17340169401883485
2020-06-30,VEEV,0.3501325907910182,-0.08927754382253167,0.2711655755134016,0.2563500776015444,2019-03-29,2019-01-31,-0.3506051815544663,,0.5414095153202367,0.8291224604503727,1.642534188401365,-0.7120472129234888,0.5752547378121213
2020-06-30,WDAY,-0.10774398753764136,-0.129878928580218,-0.1525218480703196,0.3539142974866089,2019-03-19,2019-01-31,-0.3506051815544663,,-1.8965730788385775,-0.07630174969188866,-1.0879783280149453,-0.3026938217317692,-0.8408867445692951
2020-06-30,ZS,0.27987992065588907,-0.20835535185879406,-0.0697424026271163,0.6520366417644967,2019-03-07,2019-01-31,-0.3506051815544663,,0.07468645876824588,-1.6136834275582002,-0.6687848233096436,0.9481478573586272,-0.3149084836852427
2020-07-31,ADBE,0.4565683560698799,-0.06954642031046993,0.2671451079722531,0.2510881710789163,2019-03-28,2019-03-01,-0.2592088858664854,,0.9144888218956478,1.2862098092049135,1.6810687046842243,-0.7990704790892361,0.7706742141738874
2020-07-31,CRM,0.21249202636721742,-0.0810154902847422,0.0380238689980571,0.2637657694502602,2019-03-09,2019-01-31,-0.2592088858664854,,-0.5832451288821999,1.1428005100392717,0.26338330916416886,-0.7658961569897541,0.014260633332871642
2020-07-31,CRWD,0.12596835364483727,-0.19710457375541132,-0.2682744049043996,1.0316987037154517,2019-07-20,2019-04-30,-0.2592088858664854,,-1.1141833085089083,-1.276496802741416,-1.3453471058233046,1.6436423135661773,-0.5230962258768629
2020-07-31,HUBS,0.2553156030167185,-0.1565954603913054,-0.0595264759746505,0.3250986417123502,2019-05-08,2019-03-31,-0.2592088858664854,,-0.32046534716461367,-0.43228659645039014,-0.34020848361295514,-0.5734523788535709,-0.41660320152038244
2020-07-31,MDB,0.5803658316487441,-0.18233927252652143,-0.0919340940001453,1.1384738349503785,2019-04-02,2019-01-31,-0.2592088858664854,,1.3793342449933186,-0.9687878216943216,-0.5407302989803674,1.8446589192587528,0.4286187608943456
2020-07-31,NOW,0.46025451713770504,-0.10777241668774597,-0.0199169503857142,0.3389282817002759,2019-05-04,2019-03-31,-0.2592088858664854,,0.9371083384462404,0.5851859763573602,-0.09512493656895087,-0.5300592020565226,0.2242775440445318
2020-07-31,VEEV,0.41301993244927404,-0.08983632032179822,0.2711655755134016,0.2563500776015444,2019-03-29,2019-01-31,-0.2592088858664854,,0.6472611368559139,0.958974350273469,1.6959946665246033,-0.7891643279432066,0.628266456427695
2020-07-31,WDAY,-0.06310628756278924,-0.13002536263976824,-0.1525218480703196,0.3539142974866089,2019-03-19,2019-01-31,-0.2592088858664854,,-1.8103184307785223,0.12143442682614516,-0.9156164268540058,-0.4830376719901246,-0.7718845256991269
2020-07-31,ZS,0.29939485418277245,-0.2083439373056186,-0.0697424026271163,0.6520366417644967,2019-03-07,2019-01-31,-0.2592088858664854,,-0.049980326856874834,-1.417033851815036,-0.4034194285334125,0.45237898409748384,-0.35451365577695987
2020-08-31,ADBE,0.5617025484981806,-0.0693955061276556,0.2671451079722531,0.2510881710789163,2019-03-28,2019-03-01,-0.026992651215376084,,0.4584401828227533,1.3397173770388215,1.5379784783765105,-0.8159306031092336,0.630051358782213
2020-08-31,CRM,0.24847815751731117,-0.0811993275318146,0.0561948086700562,0.2431803060545576,2019-06-06,2019-04-30,-0.026992651215376084,,-0.8880172148864005,1.1813216369365669,0.4878452525561124,-0.8341667476967348,-0.013254268272614028
2020-08-31,CRWD,0.39271651880334146,-0.1825022038051379,-0.2682744049043996,1.0316987037154517,2019-07-20,2019-04-30,-0.026992651215376084,,-0.26797990559881446,-1.0843209195983485,-1.1273973095899106,1.9106276669754134,-0.14226761695291512
2020-08-31,HUBS,0.17492993397333456,-0.15657906720733192,-0.0595264759746505,0.3250986417123502,2019-05-08,2019-03-31,-0.026992651215376084,,-1.204178894917258,-0.5045490154286012,-0.08822771980757634,-0.5314742128987855,-0.5821074607630552
2020-08-31,MDB,0.5040378537392298,-0.1797358137966192,-0.3420705240076968,0.8536767450541247,2019-06-08,2019-04-30,-0.026992651215376084,,0.2105570131829673,-1.0224505052345718,-1.347816309316349,1.5000953465705882,-0.16490361369934137
2020-08-31,NOW,0.6773601490738934,-0.1081623874734231,-0.0199169503857142,0.3389282817002759,2019-05-04,2019-03-31,-0.026992651215376084,,0.955617402670777,0.5782918089059395,0.10895274885029438,-0.47832052484348664,0.29113535889588105
2020-08-31,VEEV,0.6496445895330685,-0.09368673386602434,0.2907800549127279,0.2516274859752387,2019-06-07,2019-04-30,-0.026992651215376084,,0.8364765526924893,0.9020403346446637,1.6085728595785178,-0.8138577670999285,0.6333079949539356
2020-08-31,WDAY,0.020532487673242894,-0.1301784939594562,-0.1495488179575907,0.3336528498665627,2019-05-31,2019-04-30,-0.026992651215376084,,-1.6024037900612456,0.08590077699309448,-0.5363685979915189,-0.4985964436881567,-0.6378670136869566
2020-08-31,ZS,0.8890021841556539,-0.21168693665654714,-0.1710772419371145,0.6095030815857454,2019-06-06,2019-04-30,-0.026992651215376084,,1.5014886540947336,-1.4759514942575662,-0.6435394026560803,0.5616232857903242,-0.014094739257147187
2020-09-30,ADBE,0.858425392392534,-0.07187993216130388,0.2731306572215663,0.2500364404926753,2019-06-27,2019-05-31,0.09195933456561911,0.4425645161200854,-0.4071295151692271,1.5957991745554894,1.551900758260941,-0.8189206619170457,0.4804124389325393
2020-09-30,CRM,0.836769279709271,-0.13538807550837748,0.0561948086700562,0.2431803060545576,2019-06-06,2019-04-30,0.09195933456561911,0.4425645161200854,-0.4824479452543887,0.18533871941272484,0.4797358025101408,-0.834723264114795,-0.16302417186157953
2020-09-30,CRWD,1.1562339289280898,-0.1792977470497919,-0.2682744049043996,1.0316987037154517,2019-07-20,2019-04-30,0.09195933456561911,0.4425645161200854,0.6286275371642225,-0.9205424260773875,-1.1238927463783581,1.9102687527984261,0.12361527937672578
2020-09-30,HUBS,0.976650560446735,-0.1704466344630796,-0.0595264759746505,0.3250986417123502,2019-05-08,2019-03-31,0.09195933456561911,0.4425645161200854,0.004049267682170987,-0.6976239167229433,-0.09219505566269591,-0.5305710783754333,-0.3290851957697254
2020-09-30,MDB,0.9405710203966613,-0.17994428584681185,-0.3420705240076968,0.8536767450541247,2019-06-08,2019-04-30,0.09195933456561911,0.4425645161200854,-0.12143282388758964,-0.9368257422661196,-1.342726876287082,1.4999485905290515,-0.2252592129779349
2020-09-30,NOW,0.8988378660507048,-0.1042477679938283,-0.0199169503857142,0.3389282817002759,2019-05-04,2019-03-31,0.09195933456561911,0.4425645161200854,-0.2665777865968235,0.969618759235466,0.10356763424739665,-0.47744485950292376,0.08229093684577886
2020-09-30,VEEV,0.8486474851029691,-0.09064235305749573,0.2907800549127279,0.2516274859752387,2019-06-07,2019-04-30,0.09195933456561911,0.4425645161200854,-0.4411363859931613,1.3122761129910914,1.6042380713078788,-0.8128087001728082,0.4156422745332502
2020-09-30,WDAY,0.41039066394852663,-0.15475160970963409,-0.1495488179575907,0.3336528498665627,2019-05-31,2019-04-30,0.09195933456561911,0.4425645161200854,-1.3721967685268983,-0.3023389750793812,-0.5371136846176732,-0.497710299998088,-0.6773399320555102
2020-09-30,ZS,2.033008917238582,-0.19773742046354076,-0.1710772419371145,0.6095030815857454,2019-06-06,2019-04-30,0.09195933456561911,0.4425645161200854,2.4582444205816936,-1.205701706048937,-0.6435139033805483,0.5619615207536155,0.292747582976456
2020-10-31,ADBE,0.7645810297555455,-0.0736235093769739,0.2731306572215663,0.2500364404926753,2019-06-27,2019-05-31,0.14412484700122397,0.40333373286770935,-0.7290547666369417,1.7260550084746467,1.532003842969824,-0.9487436005669739,0.3950651210601388
2020-10-31,CRM,0.6059814016344693,-0.13768146439690476,0.0145108831623717,0.2182261505638525,2019-08-24,2019-07-31,0.14412484700122397,0.40333373286770935,-1.0169607642554521,-0.058566021839274174,0.49536277998592887,-1.0149813245888049,-0.39878633267440056
2020-10-31,CRWD,1.7513525895420123,-0.1450816657815088,-0.4684112184112184,0.9408628211342704,2019-09-07,2019-07-31,0.14412484700122397,0.40333373286770935,1.0622322225419623,-0.28887144640336415,-1.4403626784976846,1.795178100834711,0.2820440496189061
2020-10-31,DDOG,2.041381458708883,-0.21367266537393612,-0.0439998330968872,0.8769628382347183,2019-11-14,2019-09-30,0.14412484700122397,0.40333373286770935,1.5887217982420456,-1.6227082239590782,0.2608307867553409,1.662120859238646,0.47224130506923856
2020-10-31,HUBS,0.8841392616792696,-0.1469562455381687,-0.0963217053076475,0.3318675760344602,2019-08-07,2019-06-30,0.14412484700122397,0.40333373286770935,-0.5120206383524329,-0.3472111947830503,0.051105906192049175,-0.6079539891212429,-0.3540199790161692
2020-10-31,MDB,0.8119276871672294,-0.1622086711973113,-0.3791160132034458,0.7284397286484605,2019-09-06,2019-07-31,0.14412484700122397,0.40333373286770935,-0.6431063517667228,-0.8218896777726068,-1.0824353824017448,1.0435893862057775,-0.3759605064338243
2020-10-31,NET,1.4382423397413753,-0.12707363943478545,-0.5556592418279439,0.4767525464349911,2019-11-13,2019-09-30,0.14412484700122397,0.40333373286770935,0.49384300308796053,0.2715654846742017,-1.615223406117949,-0.004573717782945392,-0.213597159034683
2020-10-31,NOW,0.9614980315955242,-0.1019635893549954,-0.0323778276636159,0.3214421541035979,2019-08-07,2019-06-30,0.14412484700122397,0.40333373286770935,-0.37159121811269935,1.0530281022298504,0.30741596420427547,-0.6513711489278814,0.08437042484838628
2020-10-31,VEEV,0.9825847762193125,-0.0870521076045391,0.2767178718621206,0.2733231874585538,2019-09-06,2019-07-31,0.14412484700122397,0.40333373286770935,-0.3333124382734181,1.517095896731131,1.5391932661522998,-0.8517648479467743,0.46780296916580966
2020-10-31,WDAY,0.32665268885338716,-0.15850307344077466,-0.1379856085933909,0.3216101947239922,2019-08-31,2019-07-31,0.14412484700122397,0.40333373286770935,-1.2704935520351885,-0.7065658885635142,-0.1158980019480357,-0.650671335863427,-0.6859071946025413
2020-10-31,ZS,2.198954158839728,-0.15899682041347185,-0.0921052631578947,0.5328799800619504,2019-09-19,2019-07-31,0.14412484700122397,0.40333373286770935,1.731742705560884,-0.7219320387889442,0.06800692270569514,0.2291716185189135,0.3267473019991371
2020-11-30,ADBE,0.44444805953141175,-0.08331655033539884,0.2731306572215663,0.2500364404926753,2019-06-27,2019-05-31,0.16891793754538864,0.19591058876076473,-1.0087819372817008,1.579269877669625,1.532003842969824,-0.9487436005669739,0.2884370456976936
2020-11-30,CRM,0.4259317142787986,-0.142571397003829,0.0145108831623717,0.2182261505638525,2019-08-24,2019-07-31,0.16891793754538864,0.19591058876076473,-1.050648677281236,-0.2123631907767588,0.49536277998592887,-1.0149813245888049,-0.44565760316521774
2020-11-30,CRWD,1.1351723506532867,-0.1390224269182624,-0.4684112184112184,0.9408628211342704,2019-09-07,2019-07-31,0.16891793754538864,0.19591058876076473,0.5529935596232054,-0.1050563201707496,-1.4403626784976846,1.795178100834711,0.20068816544737053
2020-11-30,DDOG,1.2259013730945112,-0.22097842169165482,-0.0439998330968872,0.8769628382347183,2019-11-14,2019-09-30,0.16891793754538864,0.19591058876076473,0.7581381678672461,-1.719254589313204,0.2608307867553409,1.662120859238646,0.24045880613700724
2020-11-30,HUBS,0.9209934259882036,-0.14802609499143238,-0.0963217053076475,0.3318675760344602,2019-08-07,2019-06-30,0.16891793754538864,0.19591058876076473,0.06872016603504225,-0.37729176358470945,0.051105906192049175,-0.6079539891212429,-0.21635492011971524
2020-11-30,MDB,0.5364492663723885,-0.16383949032851208,-0.3791160132034458,0.7284397286484605,2019-09-06,2019-07-31,0.16891793754538864,0.19591058876076473,-0.8007608319336554,-0.85542652560448,-1.0824353824017448,1.0435893862057775,-0.4237583384335257
2020-11-30,NET,1.6678646017430503,-0.1260102034811375,-0.5556592418279439,0.4767525464349911,2019-11-13,2019-09-30,0.16891793754538864,0.19591058876076473,1.6853219250191869,0.28838204166348635,-1.615223406117949,-0.004573717782945392,0.08847671069544473
2020-11-30,NOW,0.7579493522939666,-0.09904768314517301,-0.0323778276636159,0.3214421541035979,2019-08-07,2019-06-30,0.16891793754538864,0.19591058876076473,-0.299933785308747,1.1036224103185805,0.30741596420427547,-0.6513711489278814,0.11493336007155694
2020-11-30,VEEV,0.8102292602995298,-0.08327999958490412,0.2767178718621206,0.2733231874585538,2019-09-06,2019-07-31,0.16891793754538864,0.19591058876076473,-0.18172528974401736,1.5798224530026548,1.5391932661522998,-0.8517648479467743,0.5213813953660407
2020-11-30,WDAY,0.17306833879555739,-0.15763737366607447,-0.1379856085933909,0.3216101947239922,2019-08-31,2019-07-31,0.16891793754538864,0.19591058876076473,-1.3365194863510663,-0.6678989572864986,-0.1158980019480357,-0.650671335863427,-0.6927469453622569
2020-11-30,ZS,1.604066702830552,-0.1558483336160221,-0.0921052631578947,0.5328799800619504,2019-09-19,2019-07-31,0.16891793754538864,0.19591058876076473,1.61319618935574,-0.61380543591795,0.06800692270569514,0.2291716185189135,0.32414232366559964
2020-12-31,ADBE,0.4507443824097499,-0.08089616359494768,0.3012611295334081,0.2370283657111331,2019-09-27,2019-08-30,0.23867964451967838,0.14672030995405927,-1.1470939068422759,1.6471901399903643,1.5085981178564596,-0.9760798297151013,0.2581536303223617
2020-12-31,CRM,0.5113132329449681,-0.14264980669430166,0.0145108831623717,0.2182261505638525,2019-08-24,2019-07-31,0.23867964451967838,0.14672030995405927,-1.0695983496393668,-0.04072032920212497,0.43681315698890477,-1.0147635754352817,-0.4220672743219672
2020-12-31,CRWD,2.0735913788298905,-0.14434368542202877,-0.4684112184112184,0.9408628211342704,2019-09-07,2019-07-31,0.23867964451967838,0.14672030995405927,0.929277546988109,-0.08813914591721746,-1.4489025697393791,1.788595242247837,0.29520776839483737
2020-12-31,DDOG,1.6183166057472889,-0.21836381876992894,-0.0439998330968872,0.8769628382347183,2019-11-14,2019-09-30,0.23867964451967838,0.14672030995405927,0.3467706658322681,-1.501321299317981,0.20834032985446996,1.6571271853913727,0.17772922044003248
2020-12-31,HUBS,1.487886350613663,-0.16733564599456208,-0.0810501033861111,0.3170467130914993,2019-11-06,2019-09-30,0.23867964451967838,0.14672030995405927,0.17989007938592802,-0.7317811885636334,0.06366631900206622,-0.646819752775831,-0.28376113573786754
2020-12-31,MDB,1.1830407736963098,-0.171285969691237,-0.3791160132034458,0.7284397286484605,2019-09-06,2019-07-31,0.23867964451967838,0.14672030995405927,-0.21014832542606587,-0.8423674260974531,-1.1002223742522674,1.045983215406934,-0.27668872759221314
2020-12-31,NET,3.4009381114542325,-0.1596178194692203,-0.5556592418279439,0.4767525464349911,2019-11-13,2019-09-30,0.23867964451967838,0.14672030995405927,1.9549058145176545,-0.5157266414148365,-1.6192457465651822,0.010338970140145077,-0.04243190083055476
2020-12-31,NOW,0.8934188568487982,-0.09588565283114435,0.0635830907180021,0.3160554868020508,2019-10-26,2019-09-30,0.23867964451967838,0.14672030995405927,-0.5807086320183474,1.2684057638145454,0.6284304659325205,-0.6508984579105,0.16630728495455457
2020-12-31,VEEV,0.9683633435861343,-0.08381353059548032,0.2767178718621206,0.2733231874585538,2019-09-06,2019-07-31,0.23867964451967838,0.14672030995405927,-0.4848199911134177,1.6063554306264474,1.4606798233477967,-0.8267336335952715,0.43887040731638866
2020-12-31,WDAY,0.36692002102548904,-0.15651626933195298,-0.1379856085933909,0.3216101947239922,2019-08-31,2019-07-31,0.23867964451967838,0.14672030995405927,-1.2007189594497558,-0.42890115911534893,-0.1586556191091613,-0.628041905411862,-0.6040794107715319
2020-12-31,ZS,2.349462365591398,-0.15451917811721808,-0.0921052631578947,0.5328799800619504,2019-09-19,2019-07-31,0.23867964451967838,0.14672030995405927,1.2822440577652707,-0.3729941448027563,0.020498096683772817,0.24129254165755548,0.29276013782596066
2021-01-31,ADBE,0.42427514454001836,-0.08052343012228111,0.3012611295334081,0.2370283657111331,2019-09-27,2019-08-30,0.22064723188018176,0.0765223848789578,-0.9252170519115327,1.630823844275073,1.6249324791797781,-0.9572998995338252,0.3433098430023733
2021-01-31,CRM,0.2206133517995681,-0.14774811460045503,0.0144028362508309,0.3304834905660376,2019-12-05,2019-10-31,0.22064723188018176,0.0765223848789578,-1.1069249804830144,-0.2678522784834072,0.4138108964811265,-0.5817119008321816,-0.3856695658293692
2021-01-31,CRWD,2.4673433752683605,-0.14620812920982973,-0.3078509259185256,0.8849184229952245,2019-12-07,2019-10-31,0.22064723188018176,0.0765223848789578,1.323695330634707,-0.2243573403773536,-0.9798754570560275,1.7959481454943118,0.47885266967390944
2021-01-31,DDOG,1.130274927325929,-0.2144040584778298,-0.0439998330968872,0.8769628382347183,2019-11-14,2019-09-30,0.22064723188018176,0.0765223848789578,-0.14808605368923025,-1.5082481801484469,0.1612304371185413,1.7787663572550514,0.07091564013397889
2021-01-31,HUBS,1.1910025262091248,-0.16892729132943896,-0.0810501033861111,0.3170467130914993,2019-11-06,2019-09-30,0.22064723188018176,0.0765223848789578,-0.08123999978038274,-0.8660313174353822,0.0009950507281800557,-0.6397510952184138,-0.39650684042649964
2021-01-31,MDB,1.1904703832785049,-0.1681672578878652,-0.3537431127274056,0.6840963299222897,2019-12-11,2019-10-31,0.22064723188018176,0.0765223848789578,-0.08182575742075733,-0.8445651348981842,-1.1783504540861656,0.9456933389848324,-0.2897620018550686
2021-01-31,NET,3.2547589735090003,-0.14401661788074896,-0.5556592418279439,0.4767525464349911,2019-11-13,2019-09-30,0.22064723188018176,0.0765223848789578,1.8083566701012774,-0.16246087681520305,-1.6149749201468226,0.05008677130892669,0.020251911112044635
2021-01-31,NOW,0.6273836217392279,-0.09446312301348651,0.0635830907180021,0.3160554868020508,2019-10-26,2019-09-30,0.22064723188018176,0.0765223848789578,-0.7016448958261846,1.237114862870914,0.62650616201649,-0.6440326259204783,0.12948587578518533
2021-01-31,VEEV,0.8569674569715369,-0.07956341594431321,0.2876253466276996,0.2500322607917911,2019-12-06,2019-10-31,0.22064723188018176,0.0765223848789578,-0.4489299242354745,1.6443810369295737,1.595446392768328,-0.9292152045318187,0.4654205752326521
2021-01-31,WDAY,0.2977847276905816,-0.15267492698523155,-0.1175247841381515,0.26226303134196,2019-12-05,2019-10-31,0.22064723188018176,0.0765223848789578,-1.0644516895255312,-0.4070038581285757,-0.15675102016804637,-0.8763852703604894,-0.6261479595456607
2021-01-31,ZS,2.5605278333138486,-0.14647167146484608,-0.1952665883107169,0.4785617239091282,2019-12-07,2019-10-31,0.22064723188018176,0.0765223848789578,1.4262683521361232,-0.2318007577890028,-0.4929695668353817,0.05790138335408483,0.18984985271645585
2021-02-28,ADBE,0.3293057356989526,-0.08708932061111525,0.3012611295334081,0.2370283657111331,2019-09-27,2019-08-30,0.2128479125248508,0.04392997497946216,-1.0783167946681702,1.4635868638768341,1.6249324791797781,-0.9572998995338252,0.2632256622136542
2021-02-28,CRM,0.323708970205109,-0.1453309954553594,0.0144028362508309,0.3304834905660376,2019-12-05,2019-10-31,0.2128479125248508,0.04392997497946216,-1.0845311196986076,-0.18685040084528617,0.4138108964811265,-0.5817119008321816,-0.35982063122373725
2021-02-28,CRWD,2.618377016435947,-0.14703142926924712,-0.3078509259185256,0.8849184229952245,2019-12-07,2019-10-31,0.2128479125248508,0.04392997497946216,1.4633356958617423,-0.23503684706509617,-0.9798754570560275,1.7959481454943118,0.5110928843087326
2021-02-28,DDOG,1.2757474313950166,-0.21137487936253344,-0.0439998330968872,0.8769628382347183,2019-11-14,2019-09-30,0.2128479125248508,0.04392997497946216,-0.02744261995362563,-1.5231538412827808,0.1612304371185413,1.7787663572550514,0.09735008328429656
2021-02-28,HUBS,1.0741154557633288,-0.1735997547910161,-0.0810501033861111,0.3170467130914993,2019-11-06,2019-09-30,0.2128479125248508,0.04392997497946216,-0.251323115658306,-0.9879230684806332,0.0009950507281800557,-0.6397510952184138,-0.4695005571572933
2021-02-28,MDB,1.423672035092213,-0.16247800322834977,-0.3537431127274056,0.6840963299222897,2019-12-11,2019-10-31,0.2128479125248508,0.04392997497946216,0.13680431309800936,-0.6727577976141129,-1.1783504540861656,0.9456933389848324,-0.19215264990435918
2021-02-28,NET,2.5990613337077586,-0.1466665266648547,-0.5556592418279439,0.4767525464349911,2019-11-13,2019-09-30,0.2128479125248508,0.04392997497946216,1.441888677795717,-0.22469633302778513,-1.6149749201468226,0.05008677130892669,-0.08692395101749104
2021-02-28,NOW,0.665675119152987,-0.0859219275515787,0.0635830907180021,0.3160554868020508,2019-10-26,2019-09-30,0.2128479125248508,0.04392997497946216,-0.7048316662720367,1.4966681413845586,0.62650616201649,-0.6440326259204783,0.19357750280213337
2021-02-28,VEEV,0.9471719381875563,-0.08045894872198732,0.2876253466276996,0.2500322607917911,2019-12-06,2019-10-31,0.2128479125248508,0.04392997497946216,-0.3922738629409375,1.574072370064949,1.595446392768328,-0.9292152045318187,0.46200742384013027
2021-02-28,WDAY,0.3133044662585678,-0.15257184482747133,-0.1175247841381515,0.26226303134196,2019-12-05,2019-10-31,0.2128479125248508,0.04392997497946216,-1.0903073997102857,-0.3920396860767412,-0.15675102016804637,-0.8763852703604894,-0.6288708440788907
2021-02-28,ZS,2.8411231102335948,-0.14974274506144952,-0.1952665883107169,0.4785617239091282,2019-12-07,2019-10-31,0.2128479125248508,0.04392997497946216,1.5869978921465002,-0.31186940093391174,-0.4929695668353817,0.05790138335408483,0.21001507693282287
2021-03-31,ADBE,0.44441310813641,-0.08640209831224024,0.3241810929011061,0.2139554698990717,2020-01-22,2019-11-29,0.22537296435485699,-0.013306680164821394,-1.256214342658224,1.3647256721105283,1.6577292483643096,-0.9981793024608272,0.19201531883894668
2021-03-31,CRM,0.5036812955728176,-0.14406157654746304,0.0144028362508309,0.3304834905660376,2019-12-05,2019-10-31,0.22537296435485699,-0.013306680164821394,-1.2221916696869033,-0.11138457685002008,0.40630042316234927,-0.5746365042660618,-0.37547808191015897
2021-03-31,CRWD,2.8793103235655257,-0.14500205661577562,-0.3078509259185256,0.8849184229952245,2019-12-07,2019-10-31,0.22537296435485699,-0.013306680164821394,1.4979857476840972,-0.13546131688079013,-0.9771545217253427,1.7925382804932442,0.5444770473928021
2021-03-31,DDOG,1.651751108281954,-0.2141021597884825,-0.0439998330968872,0.8769628382347183,2019-11-14,2019-09-30,0.22537296435485699,-0.013306680164821394,0.09589837070646667,-1.6257793265768063,0.15557422167496576,1.7754322623558363,0.10028138204011561
2021-03-31,HUBS,2.866656585028309,-0.19233087046215874,-0.0810501033861111,0.3170467130914993,2019-11-06,2019-09-30,0.22537296435485699,-0.013306680164821394,1.4907219181874007,-1.3471016113833978,-0.003484835684043925,-0.632419751156676,-0.12307107000917925
2021-03-31,MDB,1.8264978149444282,-0.15611551299641563,-0.3537431127274056,0.6840963299222897,2019-12-11,2019-10-31,0.22537296435485699,-0.013306680164821394,0.29652370820212604,-0.4199711211130715,-1.1741724629436316,0.9460330192809505,-0.08789671414340666
2021-03-31,NET,2.1503408289103367,-0.15346506406876875,-0.5556592418279439,0.4767525464349911,2019-11-13,2019-09-30,0.22537296435485699,-0.013306680164821394,0.6683253587935423,-0.35211835958641435,-1.6075915569151658,0.05437599398722075,-0.30925214093020426
2021-03-31,NOW,0.8614697086451517,-0.08455387351819205,0.0635830907180021,0.3160554868020508,2019-10-26,2019-09-30,0.22537296435485699,-0.013306680164821394,-0.8114175698732783,1.412041111729109,0.6174342382508636,-0.6366824007031319,0.1453438448508906
2021-03-31,VEEV,0.7913282221543925,-0.07692612489242769,0.2876253466276996,0.2500322607917911,2019-12-06,2019-10-31,0.22537296435485699,-0.013306680164821394,-0.8919464660592098,1.5096781201412612,1.5792612304805869,-0.9206073504386518,0.31909638353099656
2021-03-31,WDAY,0.8828136259977328,-0.1504192951049594,-0.1175247841381515,0.26226303134196,2019-12-05,2019-10-31,0.22537296435485699,-0.013306680164821394,-0.7869127840371021,-0.2741452158631247,-0.16007285225184123,-0.8680103914057237,-0.522285310889448
2021-03-31,ZS,2.3688793414902416,-0.14051081478601335,-0.1952665883107169,0.4785617239091282,2019-12-07,2019-10-31,0.22537296435485699,-0.013306680164821394,0.919227728741085,-0.020483375727265055,-0.49382313241304976,0.06215614431382237,0.11676934122864814
2021-04-30,ADBE,0.34422004135975626,-0.07977502733402093,0.3241810929011061,0.2139554698990717,2020-01-22,2019-11-29,0.27859333917616125,0.05794610729597949,-1.0094254008992702,1.441436616287811,1.7131720242805724,-1.0179010154420873,0.2818205560567565
2021-04-30,CRM,0.30824318239197,-0.1333397678110142,0.0144028362508309,0.3304834905660376,2019-12-05,2019-10-31,0.27859333917616125,0.05794610729597949,-1.0397963337334526,0.14181263895351423,0.3799891583539974,-0.58205174321793,-0.27501156991096776
2021-04-30,CRWD,1.6974576504352785,-0.15720579664423232,-0.3078509259185256,0.8849184229952245,2019-12-07,2019-10-31,0.27859333917616125,0.05794610729597949,1.275325948334556,-0.43724110123447507,-1.093844903289907,1.7822307433527742,0.3816176717907371
2021-04-30,DDOG,0.8470744306466969,-0.20579793832704332,-0.0199394600682834,0.8445706865768543,2020-02-26,2019-12-31,0.27859333917616125,0.05794610729597949,-0.16042649879487936,-1.3875291381785624,0.22292397553208596,1.6929546824760622,0.0919807552586766
2021-04-30,HUBS,1.6935300854122977,-0.17125481611320528,-0.0438163986551083,0.2927608282068017,2020-02-13,2019-12-31,0.27859333917616125,0.05794610729597949,1.2686948072657016,-0.7781079176760828,0.11372231675192189,-0.74898704121306,-0.03616945871787983
2021-04-30,MDB,0.6494787184462218,-0.1869469774686101,-0.3537431127274056,0.6840963299222897,2019-12-11,2019-10-31,0.27859333917616125,0.05794610729597949,-0.4940390639683166,-1.1588417543767797,-1.3037337425292963,0.9828024060117359,-0.49345303871566415
2021-04-30,NET,1.9821733331444333,-0.16105626602867645,-0.3567496723460026,0.512279500531541,2020-03-05,2019-12-31,0.27859333917616125,0.05794610729597949,1.5156771386411019,-0.5306637948096373,-1.3106090229673295,0.22245592405403847,-0.025784938770456622
2021-04-30,NOW,0.42262623149702505,-0.0752606047707317,0.0299566913994288,0.3303319211507307,2020-02-21,2019-12-31,0.27859333917616125,0.05794610729597949,-0.877047577889467,1.4962026037155818,0.4511250276563755,-0.5827224881741119,0.12188939132709461
2021-04-30,VEEV,0.3691823168551476,-0.08392685573664739,0.2876253466276996,0.2500322607917911,2019-12-06,2019-10-31,0.27859333917616125,0.05794610729597949,-0.9672801100534119,1.3407021463028688,1.6295778039309519,-0.9380751301290167,0.266231177512848
2021-04-30,WDAY,0.6142300359211144,-0.12097438522422654,-0.1175247841381515,0.26226303134196,2019-12-05,2019-10-31,0.27859333917616125,0.05794610729597949,-0.5535515061424386,0.44182991814865274,-0.22338446649362773,-0.8839499120556266,-0.30476399163576007
2021-04-30,ZS,1.5591829678434905,-0.16266105279255663,-0.1952665883107169,0.4785617239091282,2019-12-07,2019-10-31,0.27859333917616125,0.05794610729597949,1.0418685972398782,-0.5696002171328854,-0.5789381712257442,0.07324357433722145,-0.00835655419538249
2021-05-31,ADBE,0.314899090306217,-0.07709664090648681,0.3241810929011061,0.2139554698990717,2020-01-22,2019-11-29,0.2834750537854729,0.07062714126062208,-0.6832151047135436,1.2357702244196642,1.766488311017161,-0.9042832914413934,0.35369003482047207
2021-05-31,CRM,0.31769567031007995,-0.13158483845322924,-0.0074211502782931,0.3463780183180682,2020-03-06,2020-01-31,0.2834750537854729,0.07062714126062208,-0.6783608740021085,0.03824973956554295,0.391703010121358,-0.34935820498733317,-0.14944158232563517
2021-05-31,CRWD,1.3745587097608283,-0.15434476745533493,-0.2046690202420632,0.8906096575725562,2020-03-24,2020-01-31,0.2834750537854729,0.07062714126062208,1.156114455434529,-0.46195915779183433,-0.6260251129920141,2.052625255916143,0.5301888601417059
2021-05-31,DDOG,0.2034516722740809,-0.19952483207043029,-0.0199394600682834,0.8445706865768543,2020-02-26,2019-12-31,0.2834750537854729,0.07062714126062208,-0.8088842761521676,-1.2843868753087206,0.327113030369188,1.9465409617456688,0.04509571016349212
2021-05-31,HUBS,1.6330399408758183,-0.16562028810966248,-0.0438163986551083,0.2927608282068017,2020-02-13,2019-12-31,0.2834750537854729,0.07062714126062208,1.6047794421950545,-0.709768180091935,0.20391660802948944,-0.5964506853509293,0.12561929619541995
2021-05-31,MDB,0.28154750192961764,-0.18400701995590132,-0.331136711381686,0.2824364870897746,2020-03-28,2020-01-31,0.2834750537854729,0.07062714126062208,-0.7411059229090535,-1.1138646455054257,-1.2785529499803219,-0.6440299607555545,-0.9443883697875889
2021-05-31,NET,1.9150326368547264,-0.1599604304747484,-0.3567496723460026,0.512279500531541,2020-03-05,2019-12-31,0.2834750537854729,0.07062714126062208,1.8495172296587348,-0.5853780228775526,-1.3446297869428143,0.4151915345841601,0.08367523860563196
2021-05-31,NOW,0.30531286555918236,-0.05101514556068772,0.0299566913994288,0.3303319211507307,2020-02-21,2019-12-31,0.2834750537854729,0.07062714126062208,-0.6998546238796309,1.6515730406705937,0.5845592405267046,-0.4233059434086267,0.2782429284772602
2021-05-31,VEEV,0.29049215748280943,-0.06533937477985492,0.1938762407386006,0.3408401234488192,2020-03-31,2020-01-31,0.2834750537854729,0.07062714126062208,-0.7255800228348429,1.49416686197489,1.4303252065733196,-0.374879351776188,0.45600817348429473
2021-05-31,WDAY,0.34656277524134715,-0.11600523960831996,-0.1496437054631829,0.2379715150869612,2020-03-04,2020-01-31,0.2834750537854729,0.07062714126062208,-0.6282541053368048,0.3806521239825307,-0.3421142634405415,-0.8489448434391278,-0.35966527205848586
2021-05-31,ZS,0.9129371637785051,-0.16267578850063405,-0.2990085713157167,0.3629242819843341,2020-03-05,2020-01-31,0.2834750537854729,0.07062714126062208,0.3548438025398346,-0.6450551090377558,-1.112783293281528,-0.27310547108681893,-0.4190250177165671
2021-06-30,ADBE,0.15912795341749075,-0.07545145933717973,0.3031381429957942,0.1884137540725567,2020-03-26,2020-02-28,0.24507434944237927,0.019701385087522283,-0.8301905651034118,1.0783034377182958,1.7320903529847875,-0.9530511388420276,0.25678802168941095
2021-06-30,CRM,0.27101903161854723,-0.1308966847359689,-0.0074211502782931,0.3463780183180682,2020-03-06,2020-01-31,0.24507434944237927,0.019701385087522283,-0.5873874826567669,-0.39783991598724777,0.4000923655045332,-0.342306914841548,-0.23186048699525735
2021-06-30,CRWD,1.2150761977118507,-0.1425385541983339,-0.2046690202420632,0.8906096575725562,2020-03-24,2020-01-31,0.24507434944237927,0.019701385087522283,1.4612118660903608,-0.7077866807081805,-0.6264987639654082,2.0478000432251484,0.5436816161604802
2021-06-30,DDOG,0.04715360836592297,-0.11908820629352873,-0.0199394600682834,0.8445706865768543,2020-02-26,2019-12-31,0.24507434944237927,0.019701385087522283,-0.9516824506521926,-0.08345744491221956,0.33493989623466863,1.9422402782369774,0.31051006972680845
2021-06-30,HUBS,1.248183602233068,-0.16923090897266568,-0.0438163986551083,0.2927608282068017,2020-02-13,2019-12-31,0.24507434944237927,0.019701385087522283,1.533054769017036,-1.3161205599792056,0.21067060320435474,-0.5881776571741582,-0.040143211232993276
2021-06-30,MDB,0.2898294917597548,-0.14454170616529943,-0.331136711381686,0.2824364870897746,2020-03-28,2020-01-31,0.24507434944237927,0.019701385087522283,-0.5465688778318308,-0.7611175029968559,-1.2847092172003551,-0.6355216789192505,-0.8069793192370731
2021-06-30,NET,1.2826146263448401,-0.16154529628912945,-0.3567496723460026,0.512279500531541,2020-03-05,2019-12-31,0.24507434944237927,0.019701385087522283,1.5704123444401232,-1.2138117858660356,-1.3513614921533288,0.4184625417685194,-0.14407459795268043
2021-06-30,NOW,0.1699007525141487,-0.05259805040004887,0.0299566913994288,0.3303319211507307,2020-02-21,2019-12-31,0.24507434944237927,0.019701385087522283,-0.8068136447152919,1.6543347240745934,0.5946281073208032,-0.4158890218838463,0.2565650411990646
2021-06-30,VEEV,0.24281204083929464,-0.05503239825491121,0.1938762407386006,0.3408401234488192,2020-03-31,2020-01-31,0.24507434944237927,0.019701385087522283,-0.6485965121688443,1.6219293511978796,1.4477595268348034,-0.3677018734292061,0.5133476231086581
2021-06-30,WDAY,0.22075149698770025,-0.11082440950364966,-0.1496437054631829,0.2379715150869612,2020-03-04,2020-01-31,0.24507434944237927,0.019701385087522283,-0.6964677824589711,0.13655336070747565,-0.3401154430268072,-0.839423368870608,-0.43486330841222764
2021-06-30,ZS,0.7735159538652254,-0.11636615286178546,-0.2990085713157167,0.3629242819843341,2020-03-05,2020-01-31,0.24507434944237927,0.019701385087522283,0.5030283360397901,-0.010986983248500892,-1.1174959357380507,-0.2664312092700053,-0.2229714480541917
2021-07-31,ADBE,0.31805906777701765,-0.08018339237354294,0.3031381429957942,0.1884137540725567,2020-03-26,2020-02-28,0.2067517779110617,-0.07184156126509955,-0.6180134329332371,1.0636041411158108,1.6784475316742316,-0.9363716881289247,0.2969166379319701
2021-07-31,CRM,0.25363106256558465,-0.13032459099110377,-0.0074211502782931,0.3463780183180682,2020-03-06,2020-01-31,0.2067517779110617,-0.07184156126509955,-0.7460597746285198,-0.3197404446650733,0.3807592793213038,-0.3424294527457894,-0.25686759817951965
2021-07-31,CRWD,1.2200530418167665,-0.14220446117174476,-0.2046690202420632,0.8906096575725562,2020-03-24,2020-01-31,0.2067517779110617,-0.07184156126509955,1.1746391290691678,-0.6474939596840353,-0.6193888148984068,2.0467262179349843,0.4886206431054275
2021-07-31,DDOG,0.10888558655704905,-0.10942736521007146,0.0287852005363891,0.8736331192005711,2020-05-13,2020-03-31,0.2067517779110617,-0.07184156126509955,-0.967731293321023,0.25679272444643164,0.564344089502554,2.008872652976474,0.4655695434011091
2021-07-31,HUBS,1.4837814636509314,-0.1700449659500419,-0.070875718708536,0.3107419070079975,2020-05-07,2020-03-31,0.2067517779110617,-0.07184156126509955,1.6987816895304781,-1.3635229930775428,0.05901199912659995,-0.5013492307107159,-0.02676963378279515
2021-07-31,MDB,0.5781385809499469,-0.15514526758031427,-0.331136711381686,0.2824364870897746,2020-03-28,2020-01-31,0.2067517779110617,-0.07184156126509955,-0.10112283384676919,-1.004517624344967,-1.2606450185618143,-0.6275776794173731,-0.7484657890427309
2021-07-31,NET,1.5430081464227863,-0.16627084112536325,-0.3952986301369863,0.4782834092050481,2020-05-12,2020-03-31,0.2067517779110617,-0.07184156126509955,1.7576362205282599,-1.3114608636687344,-1.423311973536741,0.24580463513606476,-0.1828329953852877
2021-07-31,NOW,0.25125237072327433,-0.06653321277230913,0.0471500659441481,0.3262840874809551,2020-05-01,2020-03-31,0.2067517779110617,-0.07184156126509955,-0.7507872652194313,1.4401986894497658,0.6574633974147022,-0.43203864156247634,0.22870904502064004
2021-07-31,VEEV,0.17530333597479886,-0.054760950888962975,0.1938762407386006,0.3408401234488192,2020-03-31,2020-01-31,0.2067517779110617,-0.07184156126509955,-0.9017308808554537,1.6025910453139722,1.4014405269004302,-0.3671257787662283,0.4337937281481801
2021-07-31,WDAY,0.31958881223415525,-0.110973718048165,-0.1496437054631829,0.2379715150869612,2020-03-04,2020-01-31,0.2067517779110617,-0.07184156126509955,-0.6149731683647114,0.21413042507462487,-0.34038218369856066,-0.8258698953221659,-0.3917737055777033
2021-07-31,ZS,0.663919810572454,-0.11621898477292388,-0.2990085713157167,0.3629242819843341,2020-03-05,2020-01-31,0.2067517779110617,-0.07184156126509955,0.0693616100412422,0.06941886003974823,-1.0977388332442988,-0.26864113939384965,-0.3068998756392895
2021-08-31,ADBE,0.21083384395097027,-0.0807130419138645,0.3248081841432225,0.1398253822496247,2020-06-25,2020-05-29,0.20370370370370372,-0.07977135008176917,-0.6188545690984484,0.9968172555645013,1.75394602297817,-1.1495124764779148,0.24559905824157707
2021-08-31,CRM,-0.11267194754150334,-0.13072737810125942,-0.0287769784172661,0.3018464008563017,2020-06-02,2020-04-30,0.20370370370370372,-0.07977135008176917,-1.1978921354263556,-0.34981223952756585,0.1334634710464998,-0.6179033273515436,-0.5080360578147414
2021-08-31,CRWD,1.0171000862091826,-0.14328217245130845,-0.1267759071867384,0.853492511214963,2020-06-04,2020-04-30,0.20370370370370372,-0.07977135008176917,1.059009263401533,-0.6878484440519044,-0.361167559099126,1.9372544654331973,0.48681193142092494
2021-08-31,DDOG,0.32495503177498897,-0.10874325002436633,0.0287852005363891,0.8736331192005711,2020-05-13,2020-03-31,0.20370370370370372,-0.07977135008176917,-0.3813650110145624,0.242107548856771,0.42399766596866584,1.9838988906176602,0.5671597736071337
2021-08-31,HUBS,0.9888548922118869,-0.17076778958140876,-0.070875718708536,0.3107419070079975,2020-05-07,2020-03-31,0.20370370370370372,-0.07977135008176917,1.0002301815472905,-1.3576235275277466,-0.07902194628992608,-0.576700423102854,-0.25327892884330905
2021-08-31,MDB,0.5351582923131013,-0.15568752295738456,-0.3225682695332581,0.4580144985904149,2020-06-06,2020-04-30,0.20370370370370372,-0.07977135008176917,0.05607417451134863,-1.0218608925195827,-1.3493924213312214,0.1054483367257216,-0.5524327006534334
2021-08-31,NET,2.1006273512210667,-0.16554796254493162,-0.3952986301369863,0.4782834092050481,2020-05-12,2020-03-31,0.20370370370370372,-0.07977135008176917,2.186435362998068,-1.2873519455930986,-1.5329387806639339,0.19933146929157103,-0.10863097349184837
2021-08-31,NOW,0.2196382281703706,-0.06553523455366594,0.0471500659441481,0.3262840874809551,2020-05-01,2020-03-31,0.20370370370370372,-0.07977135008176917,-0.6005323858357707,1.4054777441389759,0.5166908454675352,-0.5047109305520505,0.20423131830467245
2021-08-31,VEEV,0.1786941736798069,-0.046715333534415565,0.2597550918702129,0.3773370595541609,2020-06-05,2020-04-30,0.20370370370370372,-0.07977135008176917,-0.6857381709536154,1.6588394373970692,1.589774442486462,-0.2682397636424161,0.5736589863218748
2021-08-31,WDAY,-0.022151819568054787,-0.11027690151953097,-0.1418491042189348,0.2343237723545703,2020-05-29,2020-04-30,0.20370370370370372,-0.07977135008176917,-1.1037046072380685,0.2008141818741005,-0.43724666597550454,-0.930659942808026,-0.5676992585368746
2021-08-31,ZS,0.6458072393556262,-0.11029076604281268,-0.1856067460461076,0.3967748458194318,2020-06-04,2020-04-30,0.20370370370370372,-0.07977135008176917,0.2863378971085815,0.20044088138848395,-0.6581050745876211,-0.17820629813334263,-0.0873831485559746
2021-09-30,ADBE,0.3533022492892215,-0.07193669092740985,0.3248081841432225,0.1398253822496247,2020-06-25,2020-05-29,0.267000074643577,0.021925725201197732,-0.6310928913785279,0.8794548226015713,1.75394602297817,-1.1495124764779148,0.2131988694308246
2021-09-30,CRM,0.05550694652129162,-0.06415225508767773,-0.0287769784172661,0.3018464008563017,2020-06-02,2020-04-30,0.267000074643577,0.021925725201197732,-1.1096730616445343,1.072535325170157,0.1334634710464998,-0.6179033273515436,-0.13039439819485527
2021-09-30,CRWD,1.046315067086665,-0.1432286868489419,-0.1267759071867384,0.853492511214963,2020-06-04,2020-04-30,0.267000074643577,0.021925725201197732,0.778818705912373,-0.8888293132107242,-0.361167559099126,1.9372544654331973,0.36651907475893003
2021-09-30,DDOG,0.3488645077532151,-0.11827709099080569,0.0287852005363891,0.8736331192005711,2020-05-13,2020-03-31,0.267000074643577,0.021925725201197732,-0.6401213293766599,-0.269944815044834,0.42399766596866584,1.9838988906176602,0.374457603041208
2021-09-30,HUBS,1.3422302466229166,-0.161902983724439,-0.070875718708536,0.3107419070079975,2020-05-07,2020-03-31,0.267000074643577,0.021925725201197732,1.38084832604059,-1.3027632237352809,-0.07902194628992608,-0.576700423102854,-0.14440931677186775
2021-09-30,MDB,0.6924970665173411,-0.15583249792280782,-0.3225682695332581,0.4580144985904149,2020-06-06,2020-04-30,0.267000074643577,0.021925725201197732,0.058987716467709145,-1.2014467239677868,-1.3493924213312214,0.1054483367257216,-0.5966007730263944
2021-09-30,NET,1.9405746182538923,-0.15793157643713995,-0.3952986301369863,0.4782834092050481,2020-05-12,2020-03-31,0.267000074643577,0.021925725201197732,1.9895042174405841,-1.2535110151794304,-1.5329387806639339,0.19933146929157103,-0.14940352727780226
2021-09-30,NOW,0.327092750785277,-0.06527674587747555,0.0471500659441481,0.3262840874809551,2020-05-01,2020-03-31,0.267000074643577,0.021925725201197732,-0.6844152469697785,1.044644126463151,0.5166908454675352,-0.5047109305520505,0.09305219860221428
2021-09-30,VEEV,0.18062522886284116,-0.04465863925788222,0.2597550918702129,0.3773370595541609,2020-06-05,2020-04-30,0.267000074643577,0.021925725201197732,-0.9823985634129384,1.31428933398895,1.589774442486462,-0.2682397636424161,0.4133563623550144
2021-09-30,WDAY,0.2697438639993872,-0.07504012062990059,-0.1418491042189348,0.2343237723545703,2020-05-29,2020-04-30,0.267000074643577,0.021925725201197732,-0.8010896554289624,0.8024792036896929,-0.43724666597550454,-0.930659942808026,-0.3416292651307
2021-09-30,ZS,0.9783921494621626,-0.11533245097435253,-0.1856067460461076,0.3967748458194318,2020-06-04,2020-04-30,0.267000074643577,0.021925725201197732,0.6406317823501436,-0.19690772077546823,-0.6581050745876211,-0.17820629813334263,-0.0981468277865721
2021-10-31,ADBE,0.2876760519878643,-0.0831548123553791,0.3248081841432225,0.1398253822496247,2020-06-25,2020-05-29,0.2679636466912809,0.061211868780219225,-0.7303685488126711,0.6902711137569804,1.584574465082345,-1.0804004514243932,0.11601914465056523
2021-10-31,CRM,0.16769252946750535,-0.059458335932546444,-0.0287769784172661,0.3018464008563017,2020-06-02,2020-04-30,0.2679636466912809,0.061211868780219225,-1.0129416168299867,1.2596187599518092,0.27997154894262954,-0.6356503235227566,-0.027250407864576165
2021-10-31,CRWD,0.98465767157082,-0.15457015891672388,-0.1267759071867384,0.853492511214963,2020-06-04,2020-04-30,0.2679636466912809,0.061211868780219225,0.9110921322888945,-1.1137364172670494,-0.12231696547964727,1.5938052005445769,0.3172109875216937
2021-10-31,DDOG,0.5575758248321281,-0.10483043385444402,0.004671028197583,0.6823916752781716,2020-08-08,2020-06-30,0.2679636466912809,0.061211868780219225,-0.09472787692925262,0.1427279552238131,0.417276609930865,0.9023080673484325,0.3418961888934645
2021-10-31,HUBS,1.330782258711034,-0.16118729294447925,-0.0669178028368237,0.2471777280940859,2020-08-06,2020-06-30,0.2679636466912809,0.061211868780219225,1.5148747680305468,-1.280890400194403,0.12340233142925991,-0.8565915613824931,-0.12480121552927237
2021-10-31,MDB,1.0637720805636275,-0.1597962856554677,-0.3225682695332581,0.4580144985904149,2020-06-06,2020-04-30,0.2679636466912809,0.061211868780219225,1.0974143939117853,-1.2457524677203142,-0.9260504304534571,-0.0045032499939723905,-0.2697229385639896
2021-10-31,NET,1.1675966688452353,-0.16590069078298209,-0.2477311699642001,0.4790134076886569,2020-08-11,2020-06-30,0.2679636466912809,0.061211868780219225,1.3419315728551728,-1.3344692529628397,-0.6188419131019214,0.08036299488542187,-0.1327541495810416
2021-10-31,NOW,0.2506180281840018,-0.06733586292018894,0.0581467667499033,0.2841310270726607,2020-07-31,2020-06-30,0.2679636466912809,0.061211868780219225,-0.8176438617969127,1.0898701535720159,0.6367961056026222,-0.7072462927523365,0.050444026156347216
2021-10-31,SNOW,0.20962318017643988,-0.1182952492659591,-1.0615822182128,1.1862707500136964,2020-12-04,2020-10-31,0.2679636466912809,0.061211868780219225,-0.9141907853333069,-0.19740381722871306,-2.2912038283333547,2.1990146291646573,-0.30094595043267935
2021-10-31,VEEV,0.06709878338767838,-0.06156320767223808,0.2597550918702129,0.3773370595541609,2020-06-05,2020-04-30,0.2679636466912809,0.061211868780219225,-1.1195503184684867,1.2356919417833678,1.4644042705714388,-0.3305578686153903,0.3124970063177324
2021-10-31,WDAY,0.189272821229034,-0.07273323510285783,-0.1418491042189348,0.2343237723545703,2020-05-29,2020-04-30,0.2679636466912809,0.061211868780219225,-0.9621178943415156,0.9535283092191298,-0.18419288716385948,-0.9085403054984411,-0.2753306944461716
2021-10-31,ZS,0.9316390513495627,-0.11837648431524851,-0.1856067460461076,0.3967748458194318,2020-06-04,2020-04-30,0.2679636466912809,0.061211868780219225,0.7862280354257318,-0.19945587813379226,-0.36381930702692045,-0.25200083875330553,-0.007261997122071609
2021-11-30,ADBE,0.35924923964370326,-0.08193631933043101,0.3314728682170542,0.1379169451181774,2020-09-24,2020-08-28,0.2814986737400529,0.07779497003634916,-0.6120644736168575,0.7857873712790263,1.4913377246302812,-1.0988993304204804,0.1415403229679924
2021-11-30,CRM,0.21924346619388513,-0.059197390975134295,0.0345563968161522,0.2887165374030522,2020-08-29,2020-07-31,0.2814986737400529,0.07779497003634916,-0.970746512335849,1.2394685566144017,0.5221963612222223,-0.6277780886753056,0.04078507920636737
2021-11-30,CRWD,0.8384654882384481,-0.1478372659570956,-0.1507305084660578,0.8404835904835906,2020-09-04,2020-07-31,0.2814986737400529,0.07779497003634916,0.6156439043868457,-0.7731190420486206,-0.1828587251588142,1.5618146362931316,0.30537019336813565
2021-11-30,DDOG,0.6887384365540863,-0.10239914227962266,0.004671028197583,0.6823916752781716,2020-08-08,2020-06-30,0.2814986737400529,0.07779497003634916,0.2320568363236859,0.301733233013038,0.40847633810023487,0.9344540400460304,0.46918011187074726
2021-11-30,HUBS,1.0547003982926006,-0.16166912485283216,-0.0669178028368237,0.2471777280940859,2020-08-06,2020-06-30,0.2814986737400529,0.07779497003634916,1.169618047519169,-1.1003157614365973,0.13606599495156965,-0.7926177146714013,-0.14681235840931495
2021-11-30,MDB,0.8143816172670164,-0.15761343689527074,-0.359991611284269,0.3916049432412849,2020-09-04,2020-07-31,0.2814986737400529,0.07779497003634916,0.5539432207120076,-1.0043772614433355,-0.979140603249261,-0.21948313222724267,-0.4122644440519579
2021-11-30,NET,1.593500219390815,-0.2438137905878243,-0.2477311699642001,0.4790134076886569,2020-08-11,2020-06-30,0.2814986737400529,0.07779497003634916,1.7907782760506858,-1.974736141650145,-0.5519663513422435,0.1273823371517201,-0.15213546994749563
2021-11-30,NOW,0.30532220721066605,-0.07309850353778567,0.0581467667499033,0.2841310270726607,2020-07-31,2020-06-30,0.2814986737400529,0.07779497003634916,-0.7502206185995491,0.9948485217510084,0.6119626093338661,-0.6459748983681586,0.052653903529291696
2021-11-30,SNOW,0.08593174660781822,-0.1253320067857302,-1.0615822182128,1.1862707500136964,2020-12-04,2020-10-31,0.2814986737400529,0.07779497003634916,-1.2290800986749046,-0.24075046994609225,-2.180504570921001,2.179303248743587,-0.36775797269960275
2021-11-30,VEEV,0.14497784287332371,-0.06567027550672161,0.2546941752925642,0.3251517422255525,2020-09-09,2020-07-31,0.2814986737400529,0.07779497003634916,-1.1610082745688424,1.170565456181212,1.3598662450330474,-0.4831912399921952,0.22155804666330547
2021-11-30,WDAY,0.29000409113948256,-0.08262523087342138,-0.0157763847652516,0.1962428696302571,2020-08-29,2020-07-31,0.2814986737400529,0.07779497003634916,-0.789464236675882,0.7694909646633951,0.330669692828556,-0.9947439469591737,-0.17101188153577612
2021-11-30,ZS,1.047255122642456,-0.12228173667658282,-0.3565658090191997,0.4619663678171599,2020-09-18,2020-07-31,0.2814986737400529,0.07779497003634916,1.1505439294794875,-0.16859542697729388,-0.9661047154284572,0.059734089079487886,0.018894469038306057
2021-12-31,ADBE,0.3393785134085252,-0.08117758892964706,0.3314728682170542,0.1379169451181774,2020-09-24,2020-08-28,0.23671497584541057,-0.030285098798166432,-0.2922290616239805,0.8089341269823777,1.4913377246302812,-1.0988993304204804,0.22728586489204955
2021-12-31,CRM,0.2805463725833779,-0.06146858830290193,0.0345563968161522,0.2887165374030522,2020-08-29,2020-07-31,0.23671497584541057,-0.030285098798166432,-0.4447246244079955,1.1300555159702892,0.5221963612222223,-0.6277780886753056,0.14493729102730266
2021-12-31,CRWD,0.025115625915764994,-0.16327661056790624,-0.1507305084660578,0.8404835904835906,2020-09-04,2020-07-31,0.23671497584541057,-0.030285098798166432,-1.088525593607396,-1.3041330782739415,-0.1828587251588142,1.5618146362931316,-0.2534256901867551
2021-12-31,DDOG,0.81115388931705,-0.10193638330766572,0.004671028197583,0.6823916752781716,2020-08-08,2020-06-30,0.23671497584541057,-0.030285098798166432,0.9306339932941061,0.27464362332540165,0.40847633810023487,0.9344540400460304,0.6370519986914434
2021-12-31,HUBS,1.0353898904634184,-0.1414118640094201,-0.0669178028368237,0.2471777280940859,2020-08-06,2020-06-30,0.23671497584541057,-0.030285098798166432,1.5118638229697265,-0.741377542555749,0.13606599495156965,-0.7926177146714013,0.028483640173536495
2021-12-31,MDB,0.38731059004304536,-0.15124101119236236,-0.359991611284269,0.3916049432412849,2020-09-04,2020-07-31,0.23671497584541057,-0.030285098798166432,-0.1679869568956866,-0.9943604423937892,-0.979140603249261,-0.21948313222724267,-0.5902427836914949
2021-12-31,NET,1.47716819035355,-0.22748642242433864,-0.2477311699642001,0.4790134076886569,2020-08-11,2020-06-30,0.23671497584541057,-0.030285098798166432,2.0271629993243883,-2.04781845042489,-0.5519663513422435,0.1273823371517201,-0.11130986632275633
2021-12-31,NOW,0.17671634004177106,-0.07725946693418068,0.0581467667499033,0.2841310270726607,2020-07-31,2020-06-30,0.23671497584541057,-0.030285098798166432,-0.7138567522592223,0.9097788743326339,0.6119626093338661,-0.6459748983681586,0.0404774582597798
2021-12-31,SNOW,0.2087775453954408,-0.09402299978641536,-1.0615822182128,1.1862707500136964,2020-12-04,2020-10-31,0.23671497584541057,-0.030285098798166432,-0.6307526617847193,0.47831853768732224,-2.180504570921001,2.179303248743587,-0.03840886156870282
2021-12-31,VEEV,0.03794301771263764,-0.0746185301777521,0.2546941752925642,0.3251517422255525,2020-09-09,2020-07-31,0.23671497584541057,-0.030285098798166432,-1.0735634634408602,0.9777513877659081,1.3598662450330474,-0.4831912399921952,0.19521573234147505
2021-12-31,WDAY,0.14448483071570473,-0.0849544926862643,-0.0157763847652516,0.1962428696302571,2020-08-29,2020-07-31,0.23671497584541057,-0.030285098798166432,-0.7974022783121475,0.7117240591123594,0.330669692828556,-0.9947439469591737,-0.18743811833260143
2021-12-31,ZS,0.7373691330240724,-0.12051434778041271,-0.3565658090191997,0.4619663678171599,2020-09-18,2020-07-31,0.23671497584541057,-0.030285098798166432,0.7393805767437855,-0.20351661152792905,-0.9661047154284572,0.059734089079487886,-0.09262666528327819
2022-01-31,ADBE,0.23604422943562398,-0.0968591764523264,0.3314728682170542,0.1379169451181774,2020-09-24,2020-08-28,0.1947026542725947,-0.07326099241868622,-0.3807353273970586,0.3618663264277037,1.5131878636500795,-1.1623659244883369,0.08298823454809695
2022-01-31,CRM,0.12666249074042746,-0.06372618731433878,0.0345563968161522,0.2887165374030522,2020-08-29,2020-07-31,0.1947026542725947,-0.07326099241868622,-0.7663135814490369,1.0440304617322713,0.5302129454343899,-0.6758349880106466,0.03302370942674443
2022-01-31,CRWD,-0.05120483269459253,-0.12460074721453615,-0.1507305084660578,0.8404835904835906,2020-09-04,2020-07-31,0.1947026542725947,-0.07326099241868622,-1.3933082959331766,-0.37563813765085285,-0.18490611979236676,1.5853761495670669,-0.09211910095233233
2022-01-31,DDOG,0.7334306628744678,-0.10173765079517605,-0.0599127202198157,0.6134836852207293,2020-11-13,2020-09-30,0.1947026542725947,-0.07326099241868622,1.3725865239670754,0.2321729995218798,0.1656072191707715,0.655101840610557,0.6063671458175709
2022-01-31,HUBS,0.7709564825253661,-0.15861916894671002,-0.0676970904393896,0.315422673524516,2020-11-06,2020-09-30,0.1947026542725947,-0.07326099241868622,1.4321130325777323,-1.2800115094197546,0.13556326357487022,-0.5663898660114796,-0.06968126981965791
2022-01-31,MDB,0.43218526707939153,-0.13883515502798424,-0.359991611284269,0.3916049432412849,2020-09-04,2020-07-31,0.1947026542725947,-0.07326099241868622,0.3106755035586612,-0.7540572039653387,-0.9925541508701865,-0.2541852937961776,-0.4225302862682604
2022-01-31,NET,0.7153664716689325,-0.25454830336214934,-0.1861565144268671,0.5439607254432588,2020-11-11,2020-09-30,0.1947026542725947,-0.07326099241868622,1.3089089906879554,-2.4276276434466344,-0.3216336031988471,0.37018796239239316,-0.26754107339128325
2022-01-31,NOW,0.19506224412010909,-0.0773135880075053,0.0601854906195636,0.3004392475782682,2020-10-30,2020-09-30,0.1947026542725947,-0.07326099241868622,-0.5251996825447975,0.8814821353037543,0.6291290214268584,-0.6277938397347549,0.08940440861276508
2022-01-31,SNOW,0.24334734748548392,-0.08268156966927583,-1.0615822182128,1.1862707500136964,2020-12-04,2020-10-31,0.1947026542725947,-0.07326099241868622,-0.35499132716090087,0.7387753479851172,-2.2110664262276676,2.223061921847163,0.09894487911092797
2022-01-31,VEEV,-0.07582117829820911,-0.07995903938748042,0.2546941752925642,0.3251517422255525,2020-09-09,2020-07-31,0.1947026542725947,-0.07326099241868622,-1.432356746364599,0.8111533057303342,1.3798397559495388,-0.5265189125317121,0.058029350695890464
2022-01-31,WDAY,0.20063285782708884,-0.08389675499522403,-0.0157763847652516,0.1962428696302571,2020-08-29,2020-07-31,0.1947026542725947,-0.07326099241868622,-0.5055628808925525,0.7064698736393606,0.33595241925239255,-1.0548037690081302,-0.12948608925223237
2022-01-31,ZS,0.6090635527428037,-0.10816195616801193,-0.3565658090191997,0.4619663678171599,2020-09-18,2020-07-31,0.1947026542725947,-0.07326099241868622,0.9341837909507001,0.06138404414216229,-0.9793321883698324,0.03416471916405523,0.012600091471771312
2022-02-28,ADBE,0.16235554242210126,-0.09482345911666565,0.3314728682170542,0.1379169451181774,2020-09-24,2020-08-28,0.16155239327296256,-0.11994628046709033,0.4406703763709214,0.6346188094014256,1.4935675689272716,-1.1337609685442056,0.35877394653885325
2022-02-28,CRM,0.07450350427503616,-0.06966791339906372,0.0413360398597527,0.2007533791269664,2020-12-05,2020-10-31,0.16155239327296256,-0.11994628046709033,-0.09260577345351356,1.0548027931932091,0.5193658382525036,-0.9770342579031597,0.12613215002225991
2022-02-28,CRWD,-0.16370370652940536,-0.12933559567345748,-0.1039275574292351,0.8579112684724142,2020-12-04,2020-10-31,0.16155239327296256,-0.11994628046709033,-1.511327076584644,-0.16188574140718529,-0.03469515108254436,1.580183935344839,-0.03193100843238367
2022-02-28,DDOG,0.5313907871526151,-0.12236636732288468,-0.0599127202198157,0.6134836852207293,2020-11-13,2020-09-30,0.16155239327296256,-0.11994628046709033,1.9190425746526056,-0.0010431320914427596,0.13318520369867878,0.6290355538722758,0.6700550500330293
2022-02-28,HUBS,-0.050873810110740214,-0.18036499914335755,-0.0676970904393896,0.315422673524516,2020-11-06,2020-09-30,0.16155239327296256,-0.11994628046709033,-0.8536664488933833,-1.3395917933619819,0.10349424226236606,-0.5308181953791347,-0.6551455488430334
2022-02-28,MDB,0.04969811375063116,-0.16036800031101442,-0.3852929276850322,0.377646403084767,2020-12-10,2020-10-31,0.16155239327296256,-0.11994628046709033,-0.24317852546641763,-0.8780816649969712,-1.1078723153407992,-0.28868513137269636,-0.629454409294221
2022-02-28,NET,0.30323103873219814,-0.27249517205899215,-0.1861565144268671,0.5439607254432588,2020-11-11,2020-09-30,0.16155239327296256,-0.11994628046709033,1.2958075349544709,-2.2964130508057106,-0.34833090096322644,0.3584987765256982,-0.247609410072192
2022-02-28,NOW,0.09807667637228934,-0.08381839178720685,0.0601854906195636,0.3004392475782682,2020-10-30,2020-09-30,0.16155239327296256,-0.11994628046709033,0.05048721243860646,0.8886044238662035,0.5912609691133089,-0.5891236498949329,0.2353072388807965
2022-02-28,SNOW,0.06303454116104357,-0.1010659668842113,-1.0615822182128,1.1862707500136964,2020-12-04,2020-10-31,0.16155239327296256,-0.11994628046709033,-0.1622242435642466,0.49054816233713344,-2.268641318523907,2.1551737272678144,0.05371408187919857
2022-02-28,VEEV,-0.15554601529376233,-0.08230280009682553,0.2683441098328826,0.3438617974448332,2020-12-10,2020-10-31,0.16155239327296256,-0.11994628046709033,-1.4890437463465565,0.9235827184313619,1.3852146688176206,-0.42015217999962484,0.09990036522570028
2022-02-28,WDAY,0.03193572911721576,-0.08578408043483546,-0.0127283084379181,0.1789361475322459,2020-11-21,2020-10-31,0.16155239327296256,-0.11994628046709033,-0.3509990870469222,0.8432383553026827,0.3131548751165044,-1.0619323051835392,-0.06413454045281858
2022-02-28,ZS,0.25401154407812676,-0.12918368847839898,-0.2992537418114996,0.523431990597286,2020-12-09,2020-10-31,0.16155239327296256,-0.11994628046709033,0.9970372029390786,-0.1583798798687214,-0.7797036802777777,0.27861469526666593,0.08439208451481137
2022-03-31,ADBE,-0.016176878053715704,-0.10331418362749863,0.3548481308411215,0.1444060636141373,2021-01-16,2020-11-27,0.11394817073170738,-0.12276680511370319,-0.8466506346332383,0.43605039664742357,1.5226671439896757,-1.1245472009678261,-0.0031200737409912693
2022-03-31,CRM,-0.006324649825404816,-0.0745149078191192,0.0413360398597527,0.2007533791269664,2020-12-05,2020-10-31,0.11394817073170738,-0.12276680511370319,-0.8108846852882328,1.0826592381199347,0.5134335178145235,-0.9790279831027594,-0.04845497811413349
2022-03-31,CRWD,0.06958529718522133,-0.13178994977499817,-0.1039275574292351,0.8579112684724142,2020-12-04,2020-10-31,0.11394817073170738,-0.12276680511370319,-0.5353133874408647,-0.3129818225494948,-0.037847710729795266,1.5809273789533151,0.1736961145582901
2022-03-31,DDOG,0.9331654390426547,-0.11866540367407061,-0.0599127202198157,0.6134836852207293,2020-11-13,2020-09-30,0.11394817073170738,-0.12276680511370319,2.048265314381569,0.032248849770563796,0.12919037715890647,0.6287609170961792,0.7096163646018046
2022-03-31,HUBS,0.15585304127314226,-0.14502514156120935,-0.0676970904393896,0.315422673524516,2020-11-06,2020-09-30,0.11394817073170738,-0.12276680511370319,-0.22214080417789417,-0.6611229409928735,0.09964837724854196,-0.5323343044366203,-0.32898741808971155
2022-03-31,MDB,0.4283737826575067,-0.16166836364432374,-0.3852929276850322,0.377646403084767,2020-12-10,2020-10-31,0.11394817073170738,-0.12276680511370319,0.7671747908271145,-1.0989095665371698,-1.1056406738619406,-0.2899420685409971,-0.43182937952824824
2022-03-31,NET,0.6569882526222108,-0.274757468551051,-0.1861565144268671,0.5439607254432588,2020-11-11,2020-09-30,0.11394817073170738,-0.12276680511370319,1.597100099377821,-2.437532810225478,-0.34990992921795755,0.3579345653869814,-0.20810201866965822
2022-03-31,NOW,0.1595848661229018,-0.08361628509783971,0.0601854906195636,0.3004392475782682,2020-10-30,2020-09-30,0.11394817073170738,-0.12276680511370319,-0.20859338572108327,0.9541878392981709,0.5849679460276817,-0.5907021673428573,0.184965058065478
2022-03-31,SNOW,0.15867064321572855,-0.10061730131844623,-1.0615822182128,1.1862707500136964,2020-12-04,2020-10-31,0.11394817073170738,-0.12276680511370319,-0.21191223394813127,0.5069897255630673,-2.260586021844175,2.1565326225133736,0.04775602307103366
2022-03-31,VEEV,-0.12321998310341964,-0.0821827496273481,0.2683441098328826,0.3438617974448332,2020-12-10,2020-10-31,0.11394817073170738,-0.12276680511370319,-1.1449747927104212,0.9918958415762452,1.3749383272768512,-0.42154983551012315,0.20007738515813797
2022-03-31,WDAY,-0.0780098627194169,-0.0882134907621762,-0.0127283084379181,0.1789361475322459,2020-11-21,2020-10-31,0.11394817073170738,-0.12276680511370319,-1.0711191859249214,0.8332620266957599,0.30825712877953054,-1.06401690267847,-0.24840423328202527
2022-03-31,ZS,0.3930797253293503,-0.13231324853884874,-0.2992537418114996,0.523431990597286,2020-12-09,2020-10-31,0.11394817073170738,-0.12276680511370319,0.639048905258284,-0.32674677736615093,-0.7791184826418437,0.27796497862980213,-0.047212844029977136
2022-04-30,ADBE,-0.1037101184256618,-0.10330037786574292,0.3548481308411215,0.1444060636141373,2021-01-16,2020-11-27,0.05722990391375671,-0.137472750358838,-0.9121535808678883,0.33946453380499747,1.531034728275742,-1.134476336105288,-0.04403266372310927
2022-04-30,CRM,-0.0781521618622475,-0.07422572492581597,0.0413360398597527,0.2007533791269664,2020-12-05,2020-10-31,0.05722990391375671,-0.137472750358838,-0.8103704056506035,1.0857198624656776,0.518192726251231,-0.9858161884070183,-0.04806850133517829
2022-04-30,CRWD,0.08906051418849348,-0.12978539842441886,-0.1039275574292351,0.8579112684724142,2020-12-04,2020-10-31,0.05722990391375671,-0.137472750358838,-0.14445499638088827,-0.4586092674234396,-0.03505953240910071,1.6293940072464,0.24781755275824283
2022-04-30,DDOG,0.7660021819873519,-0.11090334788219891,-0.0503461367310497,0.5621678223223399,2021-03-02,2020-12-31,0.05722990391375671,-0.137472750358838,1.9496468536965443,0.11036404403130905,0.16901115409969186,0.4524602928239549,0.670370586162875
2022-04-30,HUBS,-0.09784406604851248,-0.14331818848087663,-0.0303136095848293,0.3538343377053055,2021-02-17,2020-12-31,0.05722990391375671,-0.137472750358838,-0.8887923455728942,-0.8663931759787132,0.24530721930226435,-0.37661877919197795,-0.4716242703603303
2022-04-30,MDB,0.49125935951249033,-0.13130121518198984,-0.3852929276850322,0.377646403084767,2020-12-10,2020-10-31,0.05722990391375671,-0.137472750358838,1.4572800814696851,-0.5042854125108239,-1.106670242235719,-0.2818568396800592,-0.10888310323922927
2022-04-30,NET,0.412556053407924,-0.27260795879929556,-0.1964725314867461,0.5003693554152269,2021-02-26,2020-12-31,0.05722990391375671,-0.137472750358838,1.143848435416738,-2.6195445546313993,-0.3875271628445561,0.20652855655246702,-0.4141736813766876
2022-04-30,NOW,0.09976890485036138,-0.08206079678433736,0.0143402141834555,0.3136837106287837,2021-02-13,2020-12-31,0.05722990391375671,-0.137472750358838,-0.10180941161640614,0.9794773732356326,0.41537617889491524,-0.5364012774238472,0.18916071577257362
2022-04-30,SNOW,-0.010622183574324207,-0.10309664593455209,-1.0615822182128,1.1862707500136964,2020-12-04,2020-10-31,0.05722990391375671,-0.137472750358838,-0.541435931353144,0.34560359329324153,-2.2657449382627486,2.2174232846088,-0.06103849792846283
2022-04-30,VEEV,-0.24779607883982857,-0.08249693446265147,0.2683441098328826,0.3438617974448332,2020-12-10,2020-10-31,0.05722990391375671,-0.137472750358838,-1.1703701144729528,0.9663352254309914,1.3827777275224182,-0.4163052676121781,0.19060939271706967
2022-04-30,WDAY,-0.030526288607825136,-0.08921167059134374,-0.0127283084379181,0.1789361475322459,2020-11-21,2020-10-31,0.05722990391375671,-0.137472750358838,-0.620702949635353,0.7639999100930571,0.3122827572919758,-1.0726395339568608,-0.15426495405179524
2022-04-30,ZS,0.28586655065086086,-0.11928273134005067,-0.2992537418114996,0.523431990597286,2020-12-09,2020-10-31,0.05722990391375671,-0.137472750358838,0.6393143649671633,-0.14213213181054052,-0.7789806158861134,0.2983080811456065,0.004127424604028956
2022-05-31,ADBE,-0.2152879171906601,-0.10742809503143504,0.3723431498079385,0.2633451957295374,2021-04-01,2021-03-05,-0.004321290150131385,-0.16587368342309394,-0.7250009383618409,0.5051102999127239,1.5776640616988693,-0.7974510484382594,0.14008059370287326
2022-05-31,CRM,-0.2610667242636998,-0.08432612844925065,0.0331786144060512,0.199134199134199,2021-03-18,2021-01-31,-0.004321290150131385,-0.16587368342309394,-0.9679717066085276,1.1829067089419703,0.5095223729798811,-1.0901391438808363,-0.09142044214187814
2022-05-31,CRWD,-0.1052892191414937,-0.13098235384551532,-0.0596499439472462,0.7417049615736084,2021-03-19,2021-01-31,-0.004321290150131385,-0.16587368342309394,-0.14118344987859135,-0.1878289795337763,0.14417202018981282,1.3830198401170295,0.29954485772361866
2022-05-31,DDOG,0.3265238301050788,-0.13391303944934768,-0.0503461367310497,0.5621678223223399,2021-03-02,2020-12-31,-0.004321290150131385,-0.16587368342309394,1.827338967711642,-0.2740463887349464,0.18078951494602039,0.5646493718960548,0.5746828664546927
2022-05-31,HUBS,-0.24772990800073857,-0.14772661865807843,-0.0303136095848293,0.3538343377053055,2021-02-17,2020-12-31,-0.004321290150131385,-0.16587368342309394,-0.8971866272112756,-0.6804260459777844,0.25963261010961414,-0.3849812842632668,-0.4257403368356782
2022-05-31,MDB,0.21576347779546712,-0.1479444069019761,-0.3473295165468804,0.3843494733774277,2021-03-23,2021-01-31,-0.004321290150131385,-0.16587368342309394,1.5628019837738283,-0.6868331263274391,-0.988063955508058,-0.24588646537528686,-0.08949539085923892
2022-05-31,NET,0.049719741072882906,-0.28710740116293554,-0.1964725314867461,0.5003693554152269,2021-02-26,2020-12-31,-0.004321290150131385,-0.16587368342309394,0.681525758955023,-2.5291401833435057,-0.39432800085926606,0.2829581267919858,-0.48974607461394076
2022-05-31,NOW,0.00890522665361515,-0.09325004321932658,0.0143402141834555,0.3136837106287837,2021-02-13,2020-12-31,-0.004321290150131385,-0.16587368342309394,0.46490294682619465,0.9222123231258114,0.4353790674129542,-0.5679968297766261,0.31362437689708356
2022-05-31,SNOW,-0.2797546388244675,-0.1268710003378887,-1.0521460635812354,1.1719769192172604,2021-04-01,2021-01-31,-0.004321290150131385,-0.16587368342309394,-1.0671577109645094,-0.06687767473527413,-2.2363569421238476,2.2655939927878737,-0.2761995837589394
2022-05-31,VEEV,-0.37547195978810954,-0.08443965810213726,0.2491247879705918,0.273678364600588,2021-03-31,2021-01-31,-0.004321290150131385,-0.16587368342309394,-1.295766331922573,1.1814037484616766,1.3594333496773636,-0.7503501517520698,0.12368015361609938
2022-05-31,WDAY,-0.09627493946719923,-0.09766008159775766,-0.0647804510799834,0.1591571844281312,2021-03-03,2021-01-31,-0.004321290150131385,-0.16587368342309394,-0.09334020979242304,0.7924740519960616,0.12397960716317107,-1.1721400255412175,-0.087256644043602
2022-05-31,ZS,0.043975327904860695,-0.130000866033251,-0.343203178726981,0.5507761583125963,2021-03-05,2021-01-31,-0.004321290150131385,-0.16587368342309394,0.6510373174730535,-0.1589547337855128,-0.9718237056865149,0.5127236174346197,0.008245623858911366
2022-06-30,ADBE,-0.2888463893022353,-0.10917008598509509,0.3723431498079385,0.2633451957295374,2021-04-01,2021-03-05,-0.03609305508039684,-0.15004122581210422,0.45286081390832406,0.6518673660483665,1.5776640616988693,-0.7974510484382594,0.4712352983043251
2022-06-30,CRM,-0.3440045439080279,-0.08482669524050498,0.0331786144060512,0.199134199134199,2021-03-18,2021-01-31,-0.03609305508039684,-0.15004122581210422,-0.050742956117765345,1.2284288603002944,0.5095223729798811,-1.0901391438808363,0.14926728332039352
2022-06-30,CRWD,-0.36337588218764805,-0.14110117394153368,-0.0596499439472462,0.7417049615736084,2021-03-19,2021-01-31,-0.03609305508039684,-0.15004122581210422,-0.22760672282258695,-0.1044050850006036,0.14417202018981282,1.3830198401170295,0.29879501312091294
2022-06-30,DDOG,-0.08349348855231642,-0.1512899976297182,-0.0503461367310497,0.5621678223223399,2021-03-02,2020-12-31,-0.03609305508039684,-0.15004122581210422,1.9970214247278941,-0.34572247056796174,0.18078951494602039,0.5646493718960548,0.5991844602505019
2022-06-30,HUBS,-0.4204935141763878,-0.15008302099388474,-0.0303136095848293,0.3538343377053055,2021-02-17,2020-12-31,-0.03609305508039684,-0.15004122581210422,-0.7491008701534564,-0.31713580981948075,0.25963261010961414,-0.3849812842632668,-0.29789633853164743
2022-06-30,MDB,-0.3440196915708693,-0.18042327212904793,-0.3473295165468804,0.3843494733774277,2021-03-23,2021-01-31,-0.03609305508039684,-0.15004122581210422,-0.05088125697588008,-1.0357300563648584,-0.988063955508058,-0.24588646537528686,-0.5801404335560209
2022-06-30,NET,-0.4708994525923651,-0.3077169702001494,-0.1964725314867461,0.5003693554152269,2021-02-26,2020-12-31,-0.03609305508039684,-0.15004122581210422,-1.2093160604441624,-2.3924305461381326,-0.39432800085926606,0.2829581267919858,-0.9282791201623939
2022-06-30,NOW,-0.14935856445494988,-0.09142949169486475,0.0143402141834555,0.3136837106287837,2021-02-13,2020-12-31,-0.03609305508039684,-0.15004122581210422,1.726409484415414,1.0720448039496802,0.4353790674129542,-0.5679968297766261,0.6664591315003555
2022-06-30,SNOW,-0.4720843675979808,-0.14310018595219728,-1.0521460635812354,1.1719769192172604,2021-04-01,2021-01-31,-0.03609305508039684,-0.15004122581210422,-1.2141843786595556,-0.15175072242590323,-2.2363569421238476,2.2655939927878737,-0.33417451260535824
2022-06-30,VEEV,-0.45245220188807567,-0.08232738098269142,0.2491247879705918,0.273678364600588,2021-03-31,2021-01-31,-0.03609305508039684,-0.15004122581210422,-1.0408893777951214,1.255066635218099,1.3594333496773636,-0.7503501517520698,0.20581511383706788
2022-06-30,WDAY,-0.3453128949675207,-0.1179077925318775,-0.0647804510799834,0.1591571844281312,2021-03-03,2021-01-31,-0.03609305508039684,-0.15004122581210422,-0.06268843418510081,0.44491899160848747,0.12397960716317107,-1.1721400255412175,-0.16648246523866497
2022-06-30,ZS,-0.29144682927077303,-0.1495770430956746,-0.343203178726981,0.5507761583125963,2021-03-05,2021-01-31,-0.03609305508039684,-0.15004122581210422,0.42911833410199984,-0.3051519668079924,-0.9718237056865149,0.5127236174346197,-0.08378343023947193
2022-07-31,ADBE,-0.41112881507770516,-0.0988630464258609,0.3723431498079385,0.2633451957295374,2021-04-01,2021-03-05,-0.06002837382514625,-0.11725827773890296,-0.39234975938917244,0.860552991147112,1.561898277868205,-0.8087977605109041,0.3053259372788101
2022-07-31,CRM,-0.3178190914290385,-0.0850725049962015,0.0331786144060512,0.199134199134199,2021-03-18,2021-01-31,-0.06002837382514625,-0.11725827773890296,0.43851138966492675,1.2143269621294441,0.5066937457528369,-1.1043069855919159,0.26380627798882306
2022-07-31,CRWD,-0.335357449812988,-0.13531630887558013,-0.0596499439472462,0.7417049615736084,2021-03-19,2021-01-31,-0.06002837382514625,-0.11725827773890296,0.28234395041414,-0.07459632680224362,0.1457684563969103,1.3926900096505404,0.43655152241483675
2022-07-31,DDOG,-0.13965672548031782,-0.14578637536001798,-0.0646188094626515,0.5127773375594296,2021-05-08,2021-03-31,-0.06002837382514625,-0.11725827773890296,1.7727894507591162,-0.34318889914913586,0.12644908684370815,0.3391286516419888,0.4737945725239193
2022-07-31,HUBS,-0.49557064520595195,-0.14081223865600337,-0.0534252661134114,0.4141218688432311,2021-05-06,2021-03-31,-0.06002837382514625,-0.11725827773890296,-1.1442482032507488,-0.21558549046761882,0.1699705305018826,-0.11489951574584298,-0.32619066974058203
2022-07-31,MDB,-0.2769976866942021,-0.16736798169925732,-0.3473295165468804,0.3843494733774277,2021-03-23,2021-01-31,-0.06002837382514625,-0.11725827773890296,0.8019989011240103,-0.8968300026368868,-0.9727540632262119,-0.2519168177564414,-0.32987549562388246
2022-07-31,NET,-0.6312062630622755,-0.30028332409350633,-0.226388033754663,0.512931506849315,2021-05-08,2021-03-31,-0.06002837382514625,-0.11725827773890296,-1.687733516508025,-2.431207381901468,-0.5025233449403093,0.3398381632490496,-1.0704065200251882
2022-07-31,NOW,-0.19114125170395724,-0.07735135457567024,0.0713235294117647,0.2997687176252461,2021-04-30,2021-03-31,-0.06002837382514625,-0.11725827773890296,1.5664934622511644,1.3034600774926182,0.6550044028406762,-0.6411709161877381,0.7209467565991803
2022-07-31,SNOW,-0.47666718004004316,-0.14724865701541992,-1.0521460635812354,1.1719769192172604,2021-04-01,2021-01-31,-0.06002837382514625,-0.11725827773890296,-0.975925394279751,-0.38070136307702523,-2.2059279303229267,2.2837710204375345,-0.3196959168105421
2022-07-31,VEEV,-0.4047669190215113,-0.09707897115410141,0.2491247879705918,0.273678364600588,2021-03-31,2021-01-31,-0.06002837382514625,-0.11725827773890296,-0.3357012981064612,0.9063205483268685,1.3463107403683563,-0.7612428729118372,0.2889217794192316
2022-07-31,WDAY,-0.4045221609830931,-0.11798488660998852,-0.0647804510799834,0.1591571844281312,2021-03-03,2021-01-31,-0.06002837382514625,-0.11725827773890296,-0.3335218902474685,0.3700131984251783,0.12582061055858224,-1.187098248279855,-0.25619658238589077
2022-07-31,ZS,-0.36624139635478514,-0.1445925916111198,-0.343203178726981,0.5507761583125963,2021-03-05,2021-01-31,-0.06002837382514625,-0.11725827773890296,0.0073429075682732775,-0.31256431348685115,-0.9567105126417103,0.51400527200542,-0.18698166163871704
2022-08-31,ADBE,-0.38207023116754635,-0.10527773599561405,0.3723431498079385,0.2633451957295374,2021-04-01,2021-03-05,-0.13073825503355707,-0.1264169648834257,0.05791358424019142,0.811959200328407,1.6410666202658926,-0.8813526676999437,0.4073966842836368
2022-08-31,CRM,-0.30629174667387127,-0.09468116975261953,0.0593660908938453,0.225693730729702,2021-06-03,2021-04-30,-0.13073825503355707,-0.1264169648834257,0.7700032939748708,1.0852560103617095,0.5438314384752976,-1.0691463362735987,0.3324861016345698
2022-08-31,CRWD,-0.3466191953611544,-0.1390241611058099,-0.1035090789617062,0.7006199530542796,2021-06-05,2021-04-30,-0.13073825503355707,-0.1264169648834257,0.39104663600073997,-0.058397302066086225,-0.1153177467750961,1.2996363284261567,0.3792419788964286
2022-08-31,DDOG,-0.25972423891808316,-0.1460866206962082,-0.0646188094626515,0.5127773375594296,2021-05-08,2021-03-31,-0.13073825503355707,-0.1264169648834257,1.2075977286280781,-0.24054571059616064,0.04206959149877652,0.36273642616730495,0.34296450892449976
2022-08-31,HUBS,-0.5500167820604233,-0.14088322375446846,-0.0534252661134114,0.4141218688432311,2021-05-06,2021-03-31,-0.13073825503355707,-0.1264169648834257,-1.5202785830395755,-0.10634452193708374,0.08736940598406648,-0.12932603130013612,-0.41714493257318225
2022-08-31,MDB,-0.20253678399094666,-0.1787661056400722,-0.3382696203646613,0.3937650100898495,2021-06-05,2021-04-30,-0.13073825503355707,-0.1264169648834257,1.4494232191116978,-1.0833846816254655,-1.0653841057660633,-0.23085964190333483,-0.23255130254579148
2022-08-31,NET,-0.5832367021274915,-0.3017787150687059,-0.226388033754663,0.512931506849315,2021-05-08,2021-03-31,-0.13073825503355707,-0.1264169648834257,-1.6607538581550865,-2.5110668987611118,-0.6126038770552957,0.3635053741094131,-1.1052298149655204
2022-08-31,NOW,-0.30604062103870433,-0.07435046368699873,0.0713235294117647,0.2997687176252461,2021-04-30,2021-03-31,-0.13073825503355707,-0.1264169648834257,0.7723631192187748,1.3212138332752865,0.5922227056264434,-0.6996835932244119,0.4965290162240232
2022-08-31,SNOW,-0.5074420875446872,-0.1456431206039856,-0.8981320495906759,1.1036989385654552,2021-06-05,2021-04-30,-0.13073825503355707,-0.1264169648834257,-1.1202045770427471,-0.2291073674881709,-2.0849673177544985,2.204330385788591,-0.3074872191242064
2022-08-31,VEEV,-0.32652571109089357,-0.10399359458054469,0.2962499971169791,0.2861622160388721,2021-06-05,2021-04-30,-0.13073825503355707,-0.1264169648834257,0.5798649196754765,0.845078584883958,1.5024909684968852,-0.7675485448104815,0.5399714820614596
2022-08-31,WDAY,-0.43220089316088306,-0.1255491536993526,-0.0326058927706711,0.1538200189515752,2021-05-27,2021-04-30,-0.13073825503355707,-0.1264169648834257,-0.41316377744315014,0.2891375931925126,0.17162456279195537,-1.2304638999858082,-0.2957163803611226
2022-08-31,ZS,-0.44291154847053027,-0.14155997798852196,-0.2485771297703,0.5960696319351453,2021-06-04,2021-04-30,-0.13073825503355707,-0.1264169648834257,-0.5138117051692777,-0.12379873956778349,-0.7024022457883636,0.7781722007062463,-0.14046012245479464
2022-09-30,ADBE,-0.3513513141027135,-0.10189055149026817,0.3666232073011734,0.2260230179028133,2021-07-01,2021-06-04,-0.1977817213842059,-0.16168866630380907,0.06133856920986191,0.7515650783347101,1.6338402836140904,-1.0365623004116924,0.3525454076867425
2022-09-30,CRM,-0.42437869118077154,-0.09441486884724536,0.0593660908938453,0.225693730729702,2021-06-03,2021-04-30,-0.1977817213842059,-0.16168866630380907,-1.0119024331060147,0.9364034943230533,0.545474849583593,-1.0381805932875179,-0.14205117062172157
2022-09-30,CRWD,-0.2570184656305987,-0.13347293861246828,-0.1035090789617062,0.7006199530542796,2021-06-05,2021-04-30,-0.1977817213842059,-0.16168866630380907,1.4436652225320568,-0.029318579727806132,-0.11461259498468594,1.2958602831571726,0.6488985827441843
2022-09-30,DDOG,-0.2575168559145049,-0.12546409961953064,-0.0646188094626515,0.5127773375594296,2021-05-08,2021-03-31,-0.1977817213842059,-0.16168866630380907,1.4403691737191233,0.16870228124893671,0.04299877472236906,0.3727014380689641,0.5061929169398482
2022-09-30,HUBS,-0.5014864956483485,-0.1349016802162734,-0.0534252661134114,0.4141218688432311,2021-05-06,2021-03-31,-0.1977817213842059,-0.16168866630380907,-1.68499523890002,-0.06464462920242652,0.08836307077570217,-0.11214417761710256,-0.44335524373596175
2022-09-30,MDB,-0.3152637724233096,-0.17696432117866429,-0.3382696203646613,0.3937650100898495,2021-06-05,2021-04-30,-0.1977817213842059,-0.16168866630380907,0.5916962371529497,-1.1046555952954127,-1.0660313164360482,-0.21218864392145287,-0.447794829624991
2022-09-30,NET,-0.4445628153813197,-0.31202696702948385,-0.226388033754663,0.512931506849315,2021-05-08,2021-03-31,-0.1977817213842059,-0.16168866630380907,-1.308536798937198,-2.607413941210758,-0.6126065822354032,0.37345910822397005,-1.0387745535398474
2022-09-30,NOW,-0.3015571862815085,-0.06495597573590159,0.0713235294117647,0.2997687176252461,2021-04-30,2021-03-31,-0.1977817213842059,-0.16168866630380907,0.7931339833482111,1.2641743387754627,0.5939349988001724,-0.6741365813775078,0.4942766848865846
2022-09-30,SNOW,-0.40167972314098876,-0.15350755877532996,-0.8981320495906759,1.1036989385654552,2021-06-05,2021-04-30,-0.1977817213842059,-0.16168866630380907,-0.6783088660727521,-0.5246803590681455,-2.087065843954282,2.18728563088031,-0.2756923595537174
2022-09-30,VEEV,-0.3083249538932229,-0.10612861264555093,0.2962499971169791,0.2861622160388721,2021-06-05,2021-04-30,-0.1977817213842059,-0.16168866630380907,0.6936720283162857,0.6467777902419882,1.5054989739289693,-0.7410061905824129,0.5262356504762076
2022-09-30,WDAY,-0.3414702550701172,-0.11415407629637452,-0.0326058927706711,0.1538200189515752,2021-05-27,2021-04-30,-0.1977817213842059,-0.16168866630380907,0.2065547624294361,0.4483458797896694,0.17273815974420637,-1.1971321904111367,-0.09237334711195622
2022-09-30,ZS,-0.39272364902806833,-0.12764640126322527,-0.2485771297703,0.5960696319351453,2021-06-04,2021-04-30,-0.1977817213842059,-0.16168866630380907,-0.5466866396919274,0.11474424179072791,-0.702532773558683,0.7820442172784078,-0.08810773854536871
2022-10-31,ADBE,-0.576849716456237,-0.11811061442150825,0.3666232073011734,0.2260230179028133,2021-07-01,2021-06-04,-0.20578247335157074,-0.14575409952642449,-0.5399974848569381,0.44213644808685093,1.6460345360073232,-1.1087283670407517,0.10986128304912107
2022-10-31,CRM,-0.5200374237160033,-0.09293139686319768,0.0593660908938453,0.225693730729702,2021-06-03,2021-04-30,-0.20578247335157074,-0.14575409952642449,0.16108204550194433,1.0196117212480371,0.5440467625024296,-1.1102763355186371,0.15361604843344345
2022-10-31,CRWD,-0.4151525738188625,-0.13183509831400494,-0.1035090789617062,0.7006199530542796,2021-06-05,2021-04-30,-0.20578247335157074,-0.14575409952642449,1.1589763761261425,0.12737090517585012,-0.12430255346633723,1.122336658584292,0.5710953466049868
2022-10-31,DDOG,-0.4685423696054062,-0.13080657244034674,-0.0423294469254845,0.6680641659286346,2021-08-07,2021-06-30,-0.20578247335157074,-0.14575409952642449,0.7965453688487875,0.1509597342754296,0.12674470719895034,0.9692929436801078,0.5108856885008188
2022-10-31,HUBS,-0.6666131819006347,-0.14092722781230638,-0.0534190509286072,0.526403677655102,2021-08-05,2021-06-30,-0.20578247335157074,-0.14575409952642449,-1.6477036724049194,-0.08115344445849912,0.08123912610623518,0.30335151529903837,-0.33606661886453626
2022-10-31,MDB,-0.6190987628229859,-0.19590533320999365,-0.3382696203646613,0.3937650100898495,2021-06-05,2021-04-30,-0.20578247335157074,-0.14575409952642449,-1.0613624950730207,-1.3420542790015144,-1.0876295443285633,-0.3201786222394561,-0.9528062351606387
2022-10-31,NET,-0.7159511040131901,-0.31311309520634456,-0.1894140184218122,0.5285446395443287,2021-08-07,2021-06-30,-0.20578247335157074,-0.14575409952642449,-1.921683343314695,-2.5517051705917266,-0.47680875547011203,0.31341610872235126,-1.1591952901635456
2022-10-31,NOW,-0.4588253689173468,-0.07121718358945787,0.0361958836053939,0.3157870161984681,2021-07-30,2021-06-30,-0.20578247335157074,-0.14575409952642449,0.9164558662129813,1.2437147755114324,0.44896908917858985,-0.6867506796083916,0.4805972628236529
2022-10-31,SNOW,-0.5196698833571993,-0.153515698091299,-0.8981320495906759,1.1036989385654552,2021-06-05,2021-04-30,-0.20578247335157074,-0.14575409952642449,0.16561759599127907,-0.36986496999370716,-2.1214436755663173,1.9750243020119287,-0.0876666868892042
2022-10-31,VEEV,-0.47989022490263566,-0.11004625505758786,0.2962499971169791,0.2861622160388721,2021-06-05,2021-04-30,-0.20578247335157074,-0.14575409952642449,0.6565096709631423,0.6270893011993509,1.5160868643095418,-0.8260159184496663,0.49341747950559217
2022-10-31,WDAY,-0.47506726169522095,-0.11378472211280577,-0.0326058927706711,0.1538200189515752,2021-05-27,2021-04-30,-0.20578247335157074,-0.14575409952642449,0.7160263814724841,0.5413490561374662,0.16664477774941117,-1.2623205455207214,0.04042491745965998
2022-10-31,ZS,-0.4845072989137863,-0.12899332133306568,-0.2485771297703,0.5960696319351453,2021-06-04,2021-04-30,-0.20578247335157074,-0.14575409952642449,0.599533690532813,0.19254592241102356,-0.7195813342211513,0.6308489400799066,0.17583680470064794
2022-11-30,ADBE,-0.5245203976884545,-0.12220074413054903,0.3666232073011734,0.2260230179028133,2021-07-01,2021-06-04,-0.2002779493514515,-0.06953969431789442,-0.21325034655367897,0.07083799489319872,1.6584807998977562,-1.1614061799989264,0.08866556705958739
2022-11-30,CRM,-0.42942868610310836,-0.09691929743975146,0.052365930599369,0.2308289652494661,2021-08-28,2021-07-31,-0.2002779493514515,-0.06953969431789442,0.6483408031465263,0.8094618726485834,0.5614987132922283,-1.1377655273140936,0.22038396544331107
2022-11-30,CRWD,-0.25762182278090695,-0.1204453593638986,-0.140374307797092,0.6971820013971886,2021-09-02,2021-07-31,-0.2002779493514515,-0.06953969431789442,1.742628564655522,0.12212339478164841,-0.24223648072119494,1.1562442403468058,0.6946899297656953
2022-11-30,DDOG,-0.5484323003645968,-0.1132806080449405,-0.0423294469254845,0.6680641659286346,2021-08-07,2021-06-30,-0.2002779493514515,-0.06953969431789442,-0.42990733352741767,0.3314490899084284,0.16661486205117904,1.0130124099511586,0.2702922570958371
2022-11-30,HUBS,-0.6324744922870413,-0.1261143764539501,-0.0534190509286072,0.526403677655102,2021-08-05,2021-06-30,-0.2002779493514515,-0.06953969431789442,-1.191382834962633,-0.043502862185661705,0.12037073005707065,0.3161786411062225,-0.19958408149625037
2022-11-30,MDB,-0.632543672883916,-0.18978391341732986,-0.3649413576053978,0.4372690391304663,2021-09-04,2021-07-31,-0.2002779493514515,-0.06953969431789442,-1.1920096549977806,-1.9036749030483178,-1.178690865380786,-0.1222783122385991,-1.099163433916371
2022-11-30,NET,-0.700807490165158,-0.20916685209732294,-0.1894140184218122,0.5285446395443287,2021-08-07,2021-06-30,-0.2002779493514515,-0.06953969431789442,-1.4703406990516783,-2.158506664748694,-0.44673421124825935,0.3267101207051248,-0.9372178635858767
2022-11-30,NOW,-0.3504090861063853,-0.06978560901162817,0.0361958836053939,0.3157870161984681,2021-07-30,2021-06-30,-0.2002779493514515,-0.06953969431789442,1.3643084398098106,1.1661944475034418,0.4940689126131638,-0.719853380052533,0.5761796049684708
2022-11-30,SNOW,-0.528737304341858,-0.13920641033850806,-0.7352772614053006,1.0443726764054229,2021-09-03,2021-07-31,-0.2002779493514515,-0.06953969431789442,-0.25145819233867617,-0.4260003099696525,-1.873633451761324,1.9247745855761267,-0.15657934212338148
2022-11-30,VEEV,-0.40569038707043004,-0.10289858049553466,0.273541793790085,0.2881422064390995,2021-09-04,2021-07-31,-0.2002779493514515,-0.06953969431789442,0.8634248311286706,0.6347708713433758,1.4838117019636201,-0.855839336393623,0.531542017010511
2022-11-30,WDAY,-0.4317908285684048,-0.09830586399254808,-0.0008886342881126,0.186817481145836,2021-08-27,2021-07-31,-0.2002779493514515,-0.06953969431789442,0.6269382959405875,0.7689518821991308,0.3394248567999642,-1.24819032158921,0.12178117833761809
2022-11-30,ZS,-0.5558693674918178,-0.10313391983488385,-0.3419882886631417,0.5654833302882745,2021-09-17,2021-07-31,-0.2002779493514515,-0.06953969431789442,-0.497291873249252,0.627895186674517,-1.0829755675634183,0.5084130599015476,-0.11098979855915139
2022-12-31,ADBE,-0.3917222266412118,-0.1262673270557953,0.3662007623888183,0.22015503875969,2021-09-30,2021-09-03,-0.21192345979427052,-0.014141738410064608,0.7931375627538054,-0.0076638750998195265,1.6579357479973194,-1.181258593629465,0.31553771050546003
2022-12-31,CRM,-0.369417171830266,-0.09731339459714339,0.052365930599369,0.2308289652494661,2021-08-28,2021-07-31,-0.21192345979427052,-0.014141738410064608,0.9843022702400349,0.8239727251153826,0.5616262955246718,-1.1289869334055842,0.3102285893686263
2022-12-31,CRWD,-0.4253968179444254,-0.12672190659383997,-0.140374307797092,0.6971820013971886,2021-09-02,2021-07-31,-0.21192345979427052,-0.014141738410064608,0.5045306325866524,-0.020720650102204547,-0.24219695096810687,1.1548068957198276,0.34910498180904215
2022-12-31,DDOG,-0.5745326005299412,-0.10680324956191348,-0.0423294469254845,0.6680641659286346,2021-08-07,2021-06-30,-0.21192345979427052,-0.014141738410064608,-0.773632478660199,0.5513979814011324,0.16669918314187063,1.0122129211852473,0.23916940176701282
2022-12-31,HUBS,-0.5402715807396519,-0.12760472329363637,-0.0534190509286072,0.526403677655102,2021-08-05,2021-06-30,-0.21192345979427052,-0.014141738410064608,-0.4799995832513735,-0.04607757458492688,0.12044998491387321,0.3184823697077033,-0.021786200803680975
2022-12-31,MDB,-0.7115518853620544,-0.19183185307330178,-0.3649413576053978,0.4372690391304663,2021-09-04,2021-07-31,-0.21192345979427052,-0.014141738410064608,-1.5461505463510665,-1.8908574478480709,-1.17875392803747,-0.11802199853962977,-1.1834459801940593
2022-12-31,NET,-0.6263117917137001,-0.20916187410583212,-0.1894140184218122,0.5285446395443287,2021-08-07,2021-06-30,-0.21192345979427052,-0.014141738410064608,-1.2174042613531246,-2.1148520954552623,-0.44671708505834673,0.3289669493544838,-0.8625016231280624
2022-12-31,NOW,-0.35866033381464424,-0.06940973042991261,0.0361958836053939,0.3157870161984681,2021-07-30,2021-06-30,-0.21192345979427052,-0.014141738410064608,1.0764933816343896,1.2206115995119393,0.4941891076350229,-0.7129358788341436,0.519589552486802
2022-12-31,SNOW,-0.5781549995675739,-0.13994660170459192,-0.7352772614053006,1.0443726764054229,2021-09-03,2021-07-31,-0.21192345979427052,-0.014141738410064608,-0.8046781254114297,-0.40057027835199094,-1.8737726482220223,1.9199147364418878,-0.2897765788858887
2022-12-31,VEEV,-0.2548927360505977,-0.11291843195399376,0.273541793790085,0.2881422064390995,2021-09-04,2021-07-31,-0.21192345979427052,-0.014141738410064608,1.476694869080193,0.3757531186002644,1.484040327358039,-0.8483162474435446,0.6220430168987381
2022-12-31,WDAY,-0.38538693023630954,-0.10442804580726489,-0.0008886342881126,0.186817481145836,2021-08-27,2021-07-31,-0.21192345979427052,-0.014141738410064608,0.8474340033744034,0.619620368054662,0.3395281099327119,-1.2547249294412726,0.13796438798012617
2022-12-31,ZS,-0.5846948541223995,-0.09503598728907828,-0.3419882886631417,0.5654833302882745,2021-09-17,2021-07-31,-0.21192345979427052,-0.014141738410064608,-0.860727724642283,0.8893861287588856,-1.0830281442175633,0.5098607088844919,-0.13612725780411725
2023-01-31,ADBE,-0.3701478449037585,-0.12171052847612689,0.3662007623888183,0.22015503875969,2021-09-30,2021-09-03,-0.22483520399073575,-0.019052730639165016,0.8305046767988752,0.16063309695988434,1.6301109465046768,-1.1360347614722248,0.3713034896978029
2023-01-31,CRM,-0.4300391909474536,-0.10288721597161553,0.052365930599369,0.2308289652494661,2021-08-28,2021-07-31,-0.22483520399073575,-0.019052730639165016,0.041300426815989694,0.6814915042068906,0.5333296475021978,-1.0865457318698173,0.042393961663815205
2023-01-31,CRWD,-0.4171279823334577,-0.1279949690072614,-0.140374307797092,0.6971820013971886,2021-09-02,2021-07-31,-0.22483520399073575,-0.019052730639165016,0.21143486832857716,-0.013263165172550887,-0.2708395608069273,1.075672570194892,0.25075117813599773
2023-01-31,DDOG,-0.4969543515641277,-0.1055871082231223,-0.0180969211203454,0.7487506061095845,2021-11-06,2021-09-30,-0.22483520399073575,-0.019052730639165016,-0.8404585022359323,0.6067829970022575,0.23933781603994914,1.3147673595033147,0.33010741757739726
2023-01-31,HUBS,-0.40849015527129373,-0.12262858309159701,-0.0440071345391294,0.4851894826718042,2021-11-04,2021-09-30,-0.22483520399073575,-0.019052730639165016,0.3252578206980814,0.13522967953986723,0.1312327520146336,0.09278178068660471,0.17112550823479672
2023-01-31,MDB,-0.514107270974649,-0.21617225783269908,-0.3649413576053978,0.4372690391304663,2021-09-04,2021-07-31,-0.22483520399073575,-0.019052730639165016,-1.0664870988969763,-2.1725841765473204,-1.2077996276778264,-0.12939852486911677,-1.1440673569978101
2023-01-31,NET,-0.5310166144309045,-0.19773308844750345,-0.1537247529693003,0.5096704682819151,2021-11-06,2021-09-30,-0.22483520399073575,-0.019052730639165016,-1.2893060302057007,-1.942981210672795,-0.32654156166585246,0.20628642424165905,-0.8381355945756723
2023-01-31,NOW,-0.3371743615194476,-0.0690249271658867,0.0489417989417989,0.312531901817058,2021-10-29,2021-09-30,-0.22483520399073575,-0.019052730639165016,1.2650050669663082,1.1698691998215225,0.519043158769366,-0.7077348931152043,0.5615456331104981
2023-01-31,SNOW,-0.4797390487076707,-0.14028164631989123,-0.7352772614053006,1.0443726764054229,2021-09-03,2021-07-31,-0.22483520399073575,-0.019052730639165016,-0.6136078622595638,-0.35324685156571445,-1.90311748071264,1.931552778711889,-0.23460485395650738
2023-01-31,VEEV,-0.317747486837891,-0.11715371521546082,0.273541793790085,0.2881422064390995,2021-09-04,2021-07-31,-0.22483520399073575,-0.019052730639165016,1.380201967418715,0.2867243200909736,1.456140682078729,-0.8208162749018991,0.5755626736716296
2023-01-31,WDAY,-0.3386427197976415,-0.10443977996065126,-0.0008886342881126,0.186817481145836,2021-08-27,2021-07-31,-0.22483520399073575,-0.019052730639165016,1.245656118074715,0.638530627566055,0.3111358718759488,-1.2055901888720593,0.24743310716116496
2023-01-31,ZS,-0.564777690866922,-0.09850274061177614,-0.3419882886631417,0.5654833302882745,2021-09-17,2021-07-31,-0.22483520399073575,-0.019052730639165016,-1.4895014515031002,0.8028139787709379,-1.1120326439222548,0.4650594617619631,-0.33341516372311353
2023-02-28,ADBE,-0.2081337621072269,-0.12749871646696723,0.3662007623888183,0.22015503875969,2021-09-30,2021-09-03,-0.21806011456523144,-0.017782165213779955,1.1642276445707516,0.14544566221037772,1.7572803397633487,-1.1731294567139257,0.47345604745763814
2023-02-28,CRM,-0.2021564071687454,-0.1361135195484593,0.0055369371994754,0.2664698283816202,2021-12-03,2021-10-31,-0.21806011456523144,-0.017782165213779955,1.1861195909352586,-0.11276512394503953,0.3017431773695472,-0.9582611010037315,0.10420913583900868
2023-02-28,CRWD,-0.4575073106723271,-0.12665174263987233,-0.1059436759803289,0.6349092316957756,2021-12-03,2021-10-31,-0.21806011456523144,-0.017782165213779955,-0.7736479255128095,0.17083193925913376,-0.217407935540996,0.7510410336965042,-0.017295722024541882
2023-02-28,DDOG,-0.5356588835256506,-0.10150692359224693,-0.0180969211203454,0.7487506061095845,2021-11-06,2021-09-30,-0.21806011456523144,-0.017782165213779955,-1.3809618313680851,0.9244955381371882,0.19168328893570957,1.279185696163056,0.2536006729669672
2023-02-28,HUBS,-0.339028552827381,-0.12619455595759135,-0.0440071345391294,0.4851894826718042,2021-11-04,2021-09-30,-0.21806011456523144,-0.017782165213779955,0.14704752002531124,0.1845351581876287,0.07102270277248038,0.05644570998394501,0.11476277274234133
2023-02-28,MDB,-0.43922612584053367,-0.2119457200861031,-0.3383445060006258,0.5048848916568835,2021-12-09,2021-10-31,-0.21806011456523144,-0.017782165213779955,-0.6315852982551863,-2.1495739619603462,-1.299669201468695,0.1478186856189236,-0.9832524440163259
2023-02-28,NET,-0.545524818076095,-0.1976234885701715,-0.1537247529693003,0.5096704682819151,2021-11-06,2021-09-30,-0.21806011456523144,-0.017782165213779955,-1.415462399464069,-1.9563983802423903,-0.439918366613711,0.17002042698360378,-0.9104396798341416
2023-02-28,NOW,-0.21518485251036756,-0.0893875280713241,0.0489417989417989,0.312531901817058,2021-10-29,2021-09-30,-0.21806011456523144,-0.017782165213779955,1.1094337984979799,1.087959679686639,0.5038741276443854,-0.7445651723281032,0.48917560837522533
2023-02-28,SNOW,-0.4111270033693859,-0.14032391855717377,-0.4702503580601661,1.0951799228186236,2021-12-04,2021-10-31,-0.21806011456523144,-0.017782165213779955,-0.41322772468355246,-0.23896306808653914,-1.5760901913995093,2.0024214965719183,-0.05646487189942062
2023-02-28,VEEV,-0.25540274708828936,-0.11888602241954585,0.2787333205912066,0.261157716565259,2021-12-04,2021-10-31,-0.21806011456523144,-0.017782165213779955,0.7969015518695655,0.403593234460582,1.573984174575028,-0.9829055988120464,0.4478933405232822
2023-02-28,WDAY,-0.207902247288842,-0.10892225997029445,0.0180408856421071,0.2001003652935007,2021-11-19,2021-10-31,-0.21806011456523144,-0.017782165213779955,1.1660267403980433,0.7022362691010713,0.3599724834758782,-1.2149973273492498,0.2533095414064358
2023-02-28,ZS,-0.4808279036969084,-0.10437259336151873,-0.3226269646056473,0.616778184572655,2021-12-09,2021-10-31,-0.21806011456523144,-0.017782165213779955,-0.9548716670132019,0.8386030531916905,-1.226474599513466,0.6669256071891082,-0.16895440153646732
2023-03-31,ADBE,-0.2889907912761601,-0.12754096421071143,0.3652068126520681,0.2003504672897196,2022-01-22,2021-12-03,-0.25031578947368427,-0.03839232967941375,0.46022738905898897,0.11154225973275834,1.7559063825114907,-1.2353727281335138,0.27307582579243106
2023-03-31,CRM,-0.2294178492009924,-0.13402986815097065,0.0055369371994754,0.2664698283816202,2021-12-03,2021-10-31,-0.25031578947368427,-0.03839232967941375,0.9431973179249911,-0.08812380706648237,0.3020088368876211,-0.9329743591977779,0.056026997137087975
2023-03-31,CRWD,-0.4685132928121146,-0.13258205774996587,-0.1059436759803289,0.6349092316957756,2021-12-03,2021-10-31,-0.25031578947368427,-0.03839232967941375,-0.9951979563480869,-0.04357412488578001,-0.2173006149221448,0.752091448667453,-0.1259953118721397
2023-03-31,DDOG,-0.4948174818354226,-0.09290568906262846,-0.0180969211203454,0.7487506061095845,2021-11-06,2021-09-30,-0.25031578947368427,-0.03839232967941375,-1.2084513539297468,1.1772829803529734,0.1919153806521361,1.2727475072202519,0.35837362857390365
2023-03-31,HUBS,-0.18545503987255796,-0.1294832384236522,-0.0440071345391294,0.4851894826718042,2021-11-04,2021-09-30,-0.25031578947368427,-0.03839232967941375,1.1443439965377376,0.05177773612232219,0.07121799351917471,0.0673448456355802,0.3336711429537037
2023-03-31,MDB,-0.527671935791659,-0.21176471518072185,-0.3383445060006258,0.5048848916568835,2021-12-09,2021-10-31,-0.25031578947368427,-0.03839232967941375,-1.3454608023483061,-2.122190885547298,-1.2998919659700654,0.1574222367999031,-1.1525303542664416
2023-03-31,NET,-0.4986633262197886,-0.19061899726379614,-0.1537247529693003,0.5096704682819151,2021-11-06,2021-09-30,-0.25031578947368427,-0.03839232967941375,-1.239630394682901,-1.8293930472304687,-0.4398789107376012,0.17930917796098145,-0.8323982936724973
2023-03-31,NOW,-0.22395805826296156,-0.08985243473355588,0.0489417989417989,0.312531901817058,2021-10-29,2021-09-30,-0.25031578947368427,-0.03839232967941375,0.9874609508615145,1.2195603941961033,0.5042014362495352,-0.7223084415807859,0.4972285849315918
2023-03-31,SNOW,-0.326234008672197,-0.1404860201847825,-0.4702503580601661,1.0951799228186236,2021-12-04,2021-10-31,-0.25031578947368427,-0.03839232967941375,0.1582890689100703,-0.28678208512347525,-1.5763972631366332,1.9857284914198312,0.07020955301744825
2023-03-31,VEEV,-0.2202767653810076,-0.11886331666770317,0.2787333205912066,0.261157716565259,2021-12-04,2021-10-31,-0.25031578947368427,-0.03839232967941375,1.0173059391968036,0.37855680794216495,1.5746378622298693,-0.957269420770426,0.5033077971496029
2023-03-31,WDAY,-0.22546564762138832,-0.10698962929744966,0.0180408856421071,0.2001003652935007,2021-11-19,2021-10-31,-0.25031578947368427,-0.03839232967941375,0.9752386180400167,0.7439147293182715,0.36025590268665436,-1.2358874593032323,0.21088044768542757
2023-03-31,ZS,-0.4564406724137561,-0.1088253453189933,-0.3226269646056473,0.616778184572655,2021-12-09,2021-10-31,-0.25031578947368427,-0.03839232967941375,-0.8973227732210824,0.6874290421889095,-1.2266750399700366,0.6691687012817364,-0.19185001743011826
2023-04-30,ADBE,-0.026720587861257084,-0.14139952216067186,0.3652068126520681,0.2003504672897196,2022-01-22,2021-12-03,-0.23649735692944152,-0.011662152938705761,0.5650041868577346,-0.22730549241171547,1.7387537801685113,-1.1740949100978817,0.2255893911291622
2023-04-30,CRM,0.13550064560584407,-0.15017147161864333,0.0055369371994754,0.2664698283816202,2021-12-03,2021-10-31,-0.23649735692944152,-0.011662152938705761,1.3905804328766396,-0.5020971755640123,0.30537304539979776,-0.897237167680963,0.0741547837578655
2023-04-30,CRWD,-0.30941840259451614,-0.12930017104736385,-0.1059436759803289,0.6349092316957756,2021-12-03,2021-10-31,-0.23649735692944152,-0.011662152938705761,-0.9011212189838621,0.1517209798002428,-0.20660812263223882,0.6455076461597895,-0.07762517891401716
2023-04-30,DDOG,-0.39841029643590153,-0.09290825106906549,0.0259198400971189,0.8374143107400962,2022-02-26,2021-12-31,-0.23649735692944152,-0.011662152938705761,-1.3626503489416657,1.2784444424988843,0.39898270662930396,1.4934453468015771,0.4520555367470249
2023-04-30,HUBS,0.12998447217208287,-0.13164397051008933,-0.0223065238052687,0.4651339932160356,2022-02-15,2021-12-31,-0.23649735692944152,-0.011662152938705761,1.377706860048164,0.07829869181059879,0.1775003392793956,-0.06538230298027559,0.3920308970394707
2023-04-30,MDB,-0.3431944329085308,-0.20829213219325043,-0.3383445060006258,0.5048848916568835,2021-12-09,2021-10-31,-0.23649735692944152,-0.011662152938705761,-1.0762902283325109,-2.017943908388568,-1.2739223848304446,0.10106431446481488,-1.0667730517716771
2023-04-30,NET,-0.28418852699896957,-0.19059844319963123,-0.2121118204921589,0.5373790956593556,2022-03-02,2021-12-31,-0.23649735692944152,-0.011662152938705761,-0.7702742167466642,-1.768519835511567,-0.694191470844463,0.2371253987401926,-0.7489650310906254
2023-04-30,NOW,-0.027985802400921522,-0.09367998063221031,0.0216852540272614,0.2908592131677237,2022-02-04,2021-12-31,-0.23649735692944152,-0.011662152938705761,0.5584425401672837,1.2675655392431195,0.3795351250244102,-0.7951129199673035,0.3526075711168775
2023-04-30,SNOW,-0.10003504964446597,-0.13688221411867135,-0.4702503580601661,1.0951799228186236,2021-12-04,2021-10-31,-0.23649735692944152,-0.011662152938705761,0.18478124407557553,-0.08579547960028909,-1.5465257516997293,1.9791424544931269,0.13290061681717102
2023-04-30,VEEV,0.010112648358076237,-0.12310670615561642,0.2787333205912066,0.261157716565259,2021-12-04,2021-10-31,-0.23649735692944152,-0.011662152938705761,0.7560284558337204,0.34573858675320246,1.5600432475221302,-0.9194802635103351,0.43558250664967957
2023-04-30,WDAY,-0.0007740864270522341,-0.11199243030703743,0.0180408856421071,0.2001003652935007,2021-11-19,2021-10-31,-0.23649735692944152,-0.011662152938705761,0.6995677489471224,0.6939064121702236,0.3627981522956996,-1.174566166970402,0.1454265366106609
2023-04-30,ZS,-0.42374470422417987,-0.10905300961028862,-0.3226269646056473,0.616778184572655,2021-12-09,2021-10-31,-0.23649735692944152,-0.011662152938705761,-1.4217754558015359,0.7859872391998736,-1.2017386663123732,0.5695885705476561,-0.31698457809159486
2023-05-31,ADBE,-0.09344989531565295,-0.135887990984505,0.3652068126520681,0.2003504672897196,2022-01-22,2021-12-03,-0.1893983043871923,0.02866181017803915,-0.3573814098648222,-0.2723796043345003,1.8224637058403936,-1.1542777704651752,0.009606230293974005
2023-05-31,CRM,0.23795546560665426,-0.13976627912169326,-0.024024024024024,0.2594120680763281,2022-03-12,2022-01-31,-0.1893983043871923,0.02866181017803915,1.304189260107017,-0.391780452317711,0.20260895166243711,-0.9400119779149119,0.04375144538420783
2023-05-31,CRWD,-0.2496406092261355,-0.1293434931231262,-0.054601981392543,0.6268887135798649,2022-03-17,2022-01-31,-0.1893983043871923,0.02866181017803915,-1.1404764944867674,-0.07089416368865427,0.049728263573400176,0.620759644228801,-0.13522068759330508
2023-05-31,DDOG,-0.2936366738175078,-0.0809451873205304,0.0259198400971189,0.8374143107400962,2022-02-26,2021-12-31,-0.1893983043871923,0.02866181017803915,-1.361060043032165,1.3630085174901703,0.4523134110102232,1.5149181759425823,0.49229501535270265
2023-05-31,HUBS,0.24655752069554326,-0.1159308756347875,-0.0223065238052687,0.4651339932160356,2022-02-15,2021-12-31,-0.1893983043871923,0.02866181017803915,1.3235969579150162,0.3420400601576284,0.21119594169816489,-0.06625592636812457,0.4526442583506712
2023-05-31,MDB,0.011849095044081492,-0.20171197527444776,-0.2950122704451132,0.5584535582079428,2022-03-19,2022-01-31,-0.1893983043871923,0.02866181017803915,0.17055728573280046,-2.030913041822395,-1.1522516453881029,0.33009723134230984,-0.6706275425338468
2023-05-31,NET,-0.15982144219534733,-0.18588537574628236,-0.2121118204921589,0.5373790956593556,2022-03-02,2021-12-31,-0.1893983043871923,0.02866181017803915,-0.6901491578247437,-1.8116489743063475,-0.7377740634176804,0.24058835098150644,-0.7497459611418164
2023-05-31,NOW,-0.017220362307688197,-0.084260391360455,0.0216852540272614,0.2908592131677237,2022-02-04,2021-12-31,-0.1893983043871923,0.02866181017803915,0.024811430586476557,1.3170791868625844,0.4311417407011211,-0.8064475398570006,0.2416462045732954
2023-05-31,SNOW,0.16004700400284722,-0.11693545831329318,-0.3961420002397244,1.0149318772477884,2022-03-31,2022-01-31,-0.1893983043871923,0.02866181017803915,0.9135787570564627,0.3111119755388863,-1.471645779886036,1.8542022437393388,0.40181179911216297
2023-05-31,VEEV,0.05180316932210771,-0.11550475031228635,0.2465875315912082,0.2236560549045898,2022-03-31,2022-01-31,-0.1893983043871923,0.02866181017803915,0.3708754633913928,0.3551591794839825,1.5555862067715196,-1.0918773314341161,0.29743587955319467
2023-05-31,WDAY,0.19091488007207058,-0.10843664675034377,-0.073366028626427,0.2160117135172008,2022-03-01,2022-01-31,-0.1893983043871923,0.02866181017803915,1.0683413637270625,0.5727648676319872,-0.044086389180506606,-1.1243448943483982,0.11816873695753621
2023-05-31,ZS,-0.41145730858038543,-0.11676199307915541,-0.3284199982000524,0.6273337408624335,2022-03-10,2022-01-31,-0.1893983043871923,0.02866181017803915,-1.6268834133077306,0.3164524493043737,-1.3192803433849336,0.6226497941531892,-0.5017653783087752
2023-06-30,ADBE,0.1413156622721332,-0.13849759107093737,0.3707179727827311,0.0914212548015365,2022-03-31,2022-03-04,-0.11457455770850877,0.1357412317651755,-0.24195536660548744,-0.003111833266493979,1.830375496815268,-1.3168726302324414,0.0671089166777113
2023-06-30,CRM,0.3534899574600401,-0.13847297048358767,-0.024024024024024,0.2594120680763281,2022-03-12,2022-01-31,-0.11457455770850877,0.1357412317651755,0.5929724344916737,-0.002418648517154336,0.20119597187022717,-0.9032857173332429,-0.027883989872124093
2023-06-30,CRWD,-0.05001182248386582,-0.15636209241308896,-0.054601981392543,0.6268887135798649,2022-03-17,2022-01-31,-0.11457455770850877,0.1357412317651755,-0.994848812040539,-0.506081145454253,0.0486032580595279,0.6247081519034562,-0.206904636882952
2023-06-30,DDOG,-0.0034648698977520764,-0.14065067647019627,0.0259198400971189,0.8374143107400962,2022-02-26,2021-12-31,-0.11457455770850877,0.1357412317651755,-0.8116817383095792,-0.06373126291671048,0.450430074481808,1.5000884671271417,0.268776385095665
2023-06-30,HUBS,0.7229003849995823,-0.12396227738673866,-0.0223065238052687,0.4651339932160356,2022-02-15,2021-12-31,-0.11457455770850877,0.1357412317651755,1.739092020280475,0.40612526695553963,0.20976678699014614,-0.04787940994650898,0.5767761660699129
2023-06-30,MDB,0.13213876125210744,-0.18444099241149065,-0.2950122704451132,0.5584535582079428,2022-03-19,2022-01-31,-0.11457455770850877,0.1357412317651755,-0.2780674214741072,-1.2966335795074733,-1.151112536963281,0.3401499381283406,-0.5964158999541302
2023-06-30,NET,0.5808000837053571,-0.20782745904073105,-0.2121118204921589,0.5373790956593556,2022-03-02,2021-12-31,-0.11457455770850877,0.1357412317651755,1.4874612966087364,-1.6322044847688078,-0.7374156872360673,0.2525208330798408,-0.15740951057907449
2023-06-30,NOW,0.1456511350433527,-0.09935341308817164,0.0216852540272614,0.2908592131677237,2022-02-04,2021-12-31,-0.11457455770850877,0.1357412317651755,-0.22489483274399819,1.0989799575461596,0.4292982842684503,-0.7725262650180973,0.13271428601312862
2023-06-30,SNOW,0.18912702080751975,-0.09114805858651516,-0.3961420002397244,1.0149318772477884,2022-03-31,2022-01-31,-0.11457455770850877,0.1357412317651755,-0.05381272466073644,1.3299990848596697,-1.4699050435084815,1.832247232809388,0.4096321373749599
2023-06-30,VEEV,-0.16330033040934844,-0.11611202232983296,0.2465875315912082,0.2236560549045898,2022-03-31,2022-01-31,-0.11457455770850877,0.1357412317651755,-1.2903170616846813,0.6271466831623236,1.5516246863263505,-1.0519617477239604,-0.04087685997999191
2023-06-30,WDAY,0.518770616938043,-0.0848360243423705,-0.073366028626427,0.2160117135172008,2022-03-01,2022-01-31,-0.11457455770850877,0.1357412317651755,1.243368927901225,1.4099700707643503,-0.04503468037380642,-1.0837474595976428,0.3811392146735315
2023-06-30,ZS,-0.09383987221439827,-0.18697721481809657,-0.3284199982000524,0.6273337408624335,2022-03-10,2022-01-31,-0.11457455770850877,0.1357412317651755,-1.16731672176298,-1.3680401088571543,-1.3178266107301415,0.6265586068037295,-0.8066562086366366
2023-07-31,ADBE,0.19230955831512486,-0.139079211343415,0.3707179727827311,0.0914212548015365,2022-03-31,2022-03-04,-0.16967690146498093,0.06682045546446058,0.09416401270590026,0.002720601420485438,1.8113263083078914,-1.2800257584808146,0.15704629098836564
2023-07-31,CRM,0.14802730361607574,-0.1409512344865573,-0.024024024024024,0.2594120680763281,2022-03-12,2022-01-31,-0.16967690146498093,0.06682045546446058,-0.10809161179632233,-0.04561284870251451,0.18088301028161494,-0.8673351110304359,-0.21003914031191445
2023-07-31,CRWD,-0.20005451941880292,-0.15794834361097398,-0.054601981392543,0.6268887135798649,2022-03-17,2022-01-31,-0.16967690146498093,0.06682045546446058,-1.4858174023455564,-0.4844583454099938,0.028171928567836863,0.6573475119644385,-0.3211890768058187
2023-07-31,DDOG,-0.03558479371429479,-0.14086093925787554,0.0286863344627165,0.828415151927232,2022-05-07,2022-03-31,-0.16967690146498093,0.06682045546446058,-0.9467250477878825,-0.043281531406666914,0.4441267503725846,1.4934927810093561,0.23690323804684782
2023-07-31,HUBS,0.7275650222580154,-0.11454119297968289,-0.0281952178847772,0.4059993247205586,2022-05-06,2022-03-31,-0.16967690146498093,0.06682045546446058,1.8577498209535794,0.6362635632398131,0.16005141846412846,-0.2591357990668212,0.5987322508976749
2023-07-31,MDB,0.31529423185839023,-0.21216899524558924,-0.2950122704451132,0.5584535582079428,2022-03-19,2022-01-31,-0.16967690146498093,0.06682045546446058,0.6558865835358187,-1.6335251246865268,-1.1724744996379137,0.37340595139383725,-0.44417677234869607
2023-07-31,NET,0.2990859130173209,-0.1945041517506392,-0.188643851305811,0.5368295244648871,2022-05-06,2022-03-31,-0.16967690146498093,0.06682045546446058,0.5818563953349002,-1.428286596624169,-0.6412540472321974,0.28368653958763956,-0.30099942723345663
2023-07-31,NOW,0.25816052781621934,-0.0994400228003079,0.0505226480836236,0.2661764705882352,2022-04-29,2022-03-31,-0.16967690146498093,0.06682045546446058,0.3949330013456471,1.0261581317645312,0.553180701671606,-0.8392691996560807,0.2837506587814259
2023-07-31,SNOW,0.17390428542841163,-0.08982333985148402,-0.3961420002397244,1.0149318772477884,2022-03-31,2022-01-31,-0.16967690146498093,0.06682045546446058,0.010099414208481266,1.2744496485432584,-1.4915142971551056,1.8417338626215494,0.40869215705454587
2023-07-31,VEEV,-0.11561859688617804,-0.12012460413025434,0.2465875315912082,0.2236560549045898,2022-03-31,2022-01-31,-0.16967690146498093,0.06682045546446058,-1.3122729845817334,0.4921064114701179,1.532359267645887,-1.0156889523359796,-0.07587406445042699
2023-07-31,WDAY,0.4564151547414299,-0.0735645811813956,-0.073366028626427,0.2160117135172008,2022-03-01,2022-01-31,-0.16967690146498093,0.06682045546446058,1.3004450095242788,1.4633516163712776,-0.06553864587900153,-1.047405782834478,0.4127130492955192
2023-07-31,ZS,-0.05649422574978258,-0.18798173920251152,-0.3284199982000524,0.6273337408624335,2022-03-10,2022-01-31,-0.16967690146498093,0.06682045546446058,-1.0422271910971113,-1.259885525979609,-1.339317895407331,0.6591939568277885,-0.7455591639140655
2023-08-31,ADBE,0.4625374339639785,-0.13888859603788964,0.3707179727827311,0.0914212548015365,2022-03-31,2022-03-04,-0.1670389926888709,0.022359311698321394,1.090036390269444,-0.015579067384600149,1.8070005368130284,-1.3465602747290955,0.3837243962421942
2023-08-31,CRM,0.44126321901708976,-0.13892263992446297,0.0026986911347996,0.2428307898708703,2022-06-02,2022-04-30,-0.1670389926888709,0.022359311698321394,0.9909962371550514,-0.01644660269433107,0.2716369063455472,-0.8820338084434146,0.09103818309071324
2023-08-31,CRWD,-0.11472535391391159,-0.15857243596458145,-0.0489572272535329,0.610847865065397,2022-06-04,2022-04-30,-0.1670389926888709,0.022359311698321394,-1.349452578008987,-0.5171794393255661,0.01001091705396813,0.6587195142850153,-0.2994753964988924
2023-08-31,DDOG,0.1121486861811487,-0.1490631998427736,0.0286863344627165,0.828415151927232,2022-05-07,2022-03-31,-0.1670389926888709,0.022359311698321394,-0.5411662330286184,-0.2748569863216043,0.4032586663907361,1.5695944240217232,0.2892074677655591
2023-08-31,HUBS,0.7224957663018543,-0.11455417273598428,-0.0281952178847772,0.4059993247205586,2022-05-06,2022-03-31,-0.1670389926888709,0.022359311698321394,1.6346318498937615,0.6045314306007427,0.11516597789223676,-0.19890664076647901,0.5388556544050654
2023-08-31,MDB,0.3114043644505644,-0.2073716581895618,-0.2660388793716521,0.5714293578789746,2022-06-04,2022-04-30,-0.1670389926888709,0.022359311698321394,0.3864502705171983,-1.5445827945577733,-1.0894604264906937,0.49368859583545194,-0.4384760886739542
2023-08-31,NET,0.09908897200706002,-0.19195023699476305,-0.188643851305811,0.5368295244648871,2022-05-06,2022-03-31,-0.1670389926888709,0.022359311698321394,-0.6019645325034062,-1.3677409900018451,-0.6974714460266713,0.3488317076858272,-0.5795863152115238
2023-08-31,NOW,0.34140161110434786,-0.09633277730208671,0.0505226480836236,0.2661764705882352,2022-04-29,2022-03-31,-0.1670389926888709,0.022359311698321394,0.5260996963135377,1.0688645465458966,0.5138548445595746,-0.7842939546129261,0.33113128320152074
2023-08-31,SNOW,-0.01790544508990377,-0.08819240248511531,-0.4469198879657931,0.845107769730117,2022-06-04,2022-04-30,-0.1670389926888709,0.022359311698321394,-1.1466212924233288,1.2763045100458423,-1.6017083864076829,1.601043081258772,0.032254478118400653
2023-08-31,VEEV,0.024583552661193275,-0.11427836408397625,0.2527647881022051,0.1649756788360898,2022-06-04,2022-04-30,-0.1670389926888709,0.022359311698321394,-0.9488176670744576,0.6115598215522544,1.5381672875411052,-1.2079847740469067,-0.001768833007001147
2023-08-31,WDAY,0.4409942173120125,-0.07049140711044906,-0.0507738086525211,0.2209503903294631,2022-05-27,2022-04-30,-0.1670389926888709,0.022359311698321394,0.9897439244316255,1.4792868373522174,0.000810327451319294,-0.973639064200173,0.37405050625874736
2023-08-31,ZS,0.0071590011951951915,-0.1894552366248301,-0.3019347505465348,0.6258531552572504,2022-06-10,2022-04-30,-0.1670389926888709,0.022359311698321394,-1.0299360655418213,-1.3041612658112336,-1.2712652051224675,0.7215411937122046,-0.7209553356908295
2023-09-30,ADBE,1.0324854725467119,-0.1335161837546794,0.348609211126311,0.1436766623207301,2022-06-30,2022-06-03,-0.16925679247277725,-0.05468223476426848,1.5236753357309702,0.035345863668000924,1.7741503699312724,-1.269948327447812,0.5158058104706078
2023-09-30,CRM,0.5396274814828004,-0.1283165304630097,0.0026986911347996,0.2428307898708703,2022-06-02,2022-04-30,-0.16925679247277725,-0.05468223476426848,0.2932545281184122,0.15984427526524284,0.27792575215543897,-0.8998979478842739,-0.04221834808629499
2023-09-30,CRWD,-0.010800308268095526,-0.1585740468913549,-0.0489572272535329,0.610847865065397,2022-06-04,2022-04-30,-0.16925679247277725,-0.05468223476426848,-1.0952006179343032,-0.5646295546036648,0.014317675217112373,0.6575743155595595,-0.24698454544032405
2023-09-30,DDOG,0.0867312985301858,-0.15908890202136408,0.0286863344627165,0.828415151927232,2022-05-07,2022-03-31,-0.16925679247277725,-0.05468223476426848,-0.849176954370461,-0.576957039205672,0.4105446832589587,1.578333262792983,0.14068598811895217
2023-09-30,HUBS,1.0232490352820807,-0.11885230469022426,-0.0281952178847772,0.4059993247205586,2022-05-06,2022-03-31,-0.16925679247277725,-0.05468223476426848,1.5131908169793218,0.3864518988152924,0.12026939447469509,-0.20935806692676778,0.4526385108356354
2023-09-30,MDB,0.9203263118516596,-0.2116225305700125,-0.2660388793716521,0.5714293578789746,2022-06-04,2022-04-30,-0.16925679247277725,-0.05468223476426848,1.2535680514619745,-1.548049608062566,-1.093483301686581,0.49075262236295175,-0.22430305898105524
2023-09-30,NET,0.17573670520101636,-0.18251643360604874,-0.188643851305811,0.5368295244648871,2022-05-06,2022-03-31,-0.16925679247277725,-0.05468223476426848,-0.6246606468370836,-1.1378964531104878,-0.6985245989944929,0.34432387083359883,-0.5291894570271164
2023-09-30,NOW,0.5593601055479342,-0.09504878903841261,0.0505226480836236,0.2661764705882352,2022-04-29,2022-03-31,-0.16925679247277725,-0.05468223476426848,0.34303010983596693,0.9563937243266999,0.5219787419423421,-0.8010975045372036,0.25507626789195137
2023-09-30,SNOW,-0.0771357972021185,-0.07333386404200938,-0.4469198879657931,0.845107769730117,2022-06-04,2022-04-30,-0.16925679247277725,-0.05468223476426848,-1.2257411125568987,1.476327173415823,-1.6096120700667216,1.6101231740310251,0.06277429120580696
2023-09-30,VEEV,0.2657689881594465,-0.10926947619167558,0.2527647881022051,0.1649756788360898,2022-06-04,2022-04-30,-0.16925679247277725,-0.05468223476426848,-0.3975540419160644,0.615899298431235,1.554051411823123,-1.2293858553133419,0.13575270325623795
2023-09-30,WDAY,0.6062278152625982,-0.07014322218198303,-0.0507738086525211,0.2209503903294631,2022-05-27,2022-04-30,-0.16925679247277725,-0.05468223476426848,0.4612539966903716,1.5107051250926022,0.005047381625790303,-0.9924972257324495,0.2461273194190787
2023-09-30,ZS,-0.05061746250888399,-0.18984775641178347,-0.3019347505465348,0.6258531552572504,2022-06-10,2022-04-30,-0.16925679247277725,-0.05468223476426848,-1.1956394652022022,-1.3134347040325047,-1.2766654396809374,0.7210776822617276,-0.7661654816634792
2023-10-31,ADBE,0.6009418960643151,-0.10319939747209024,0.348609211126311,0.1436766623207301,2022-06-30,2022-06-03,-0.0922054380664652,0.07747146339851574,1.2328941824323898,0.5734932769605845,1.8446786292079445,-1.2756664989390831,0.5938498974154589
2023-10-31,CRM,0.24718615718796344,-0.12879147546431674,0.0026986911347996,0.2428307898708703,2022-06-02,2022-04-30,-0.0922054380664652,0.07747146339851574,-0.16760957364745854,-0.07865641789293576,0.37912860210189364,-0.8810930127490231,-0.18705760054688092
2023-10-31,CRWD,0.03833751893031723,-0.15552054263285015,-0.0489572272535329,0.610847865065397,2022-06-04,2022-04-30,-0.0922054380664652,0.07747146339851574,-0.9944323504624808,-0.7597794202131466,0.12092484063950938,0.7795923819158408,-0.21342363703006934
2023-10-31,DDOG,0.13141217141887318,-0.15265280980303447,-0.0077289000290541,0.7389841104008152,2022-08-09,2022-06-30,-0.0922054380664652,0.07747146339851574,-0.6259538041635868,-0.6867024668507125,0.3270059539039073,1.3578100938066384,0.09303994417406161
2023-10-31,HUBS,0.6607094822446271,-0.1024344499238011,-0.1238870908465815,0.3570504652689292,2022-08-05,2022-06-30,-0.0922054380664652,0.07747146339851574,1.469511485668876,0.5929860399299393,-0.25361448087913485,-0.3656741381855118,0.3608022266335421
2023-10-31,MDB,0.8896355114366306,-0.17198506825850415,-0.2660388793716521,0.5714293578789746,2022-06-04,2022-04-30,-0.0922054380664652,0.07747146339851574,1.8773502224899314,-1.1793364161686783,-0.9641647458042274,0.6017154746299986,0.08389113378675608
2023-10-31,NET,0.1193182041391363,-0.17848241082143282,-0.2752081938622786,0.5385427874143858,2022-08-05,2022-06-30,-0.0922054380664652,0.07747146339851574,-0.6738333004933934,-1.3449048382038005,-1.0099978577762734,0.4533140798787046,-0.6438554791486907
2023-10-31,NOW,0.3285163798330051,-0.08497978472924204,0.0125570776255707,0.2434350603264727,2022-07-29,2022-06-30,-0.0922054380664652,0.07747146339851574,0.15437327999892086,1.0377742507137455,0.4284060625224211,-0.8783662286194662,0.1855468411539053
2023-10-31,SNOW,-0.04697441444755046,-0.07179157275478783,-0.4469198879657931,0.845107769730117,2022-06-04,2022-04-30,-0.0922054380664652,0.07747146339851574,-1.2088418012159172,1.2916305329783058,-1.4697121893519407,1.573308532140056,0.04659626863762595
2023-10-31,VEEV,0.211444527751661,-0.09416368242784487,0.2527647881022051,0.1649756788360898,2022-06-04,2022-04-30,-0.0922054380664652,0.07747146339851574,-0.309109147429502,0.8037457328447002,1.629091991888133,-1.232415966248204,0.22282815276378182
2023-10-31,WDAY,0.37883452704806775,-0.07765742800209528,-0.0507738086525211,0.2209503903294631,2022-05-27,2022-04-30,-0.0922054380664652,0.07747146339851574,0.3535806607682423,1.2243660822433249,0.11184460037168176,-0.9798288117024819,0.17749063292019177
2023-10-31,ZS,0.00966898231901503,-0.18979401718987032,-0.3019347505465348,0.6258531552572504,2022-06-10,2022-04-30,-0.0922054380664652,0.07747146339851574,-1.1079298539460218,-1.4746163563413335,-1.143591406823913,0.847304094072531,-0.7197083807596844
2023-11-30,ADBE,0.542515898461478,-0.09830481952569411,0.348609211126311,0.1436766623207301,2022-06-30,2022-06-03,-0.09459953675484589,0.07243945593402501,0.9900562584151842,0.7137390892686143,1.75391249377669,-1.2425740172893367,0.5537834560427879
2023-11-30,CRM,0.25322926956658875,-0.12579786596224687,0.025,0.2176656151419558,2022-08-26,2022-07-31,-0.09459953675484589,0.07243945593402501,-0.21870176662320734,0.013678771463096496,0.5705660531205561,-0.9749271560706456,-0.15234602452755008
2023-11-30,CRWD,0.5025074541420869,-0.1555927958237623,-0.0902676430852485,0.5847463650093281,2022-09-01,2022-07-31,-0.09459953675484589,0.07243945593402501,0.8228845909063579,-0.744994812273116,-0.007522672873794338,0.7162331947081197,0.1966500751168918
2023-11-30,DDOG,0.07508580803726228,-0.15346934043605795,-0.0077289000290541,0.7389841104008152,2022-08-09,2022-06-30,-0.09459953675484589,0.07243945593402501,-0.9630581150458343,-0.6909248911025857,0.4064245159590864,1.4268146122677061,0.04481403051959315
2023-11-30,HUBS,0.39844236782085884,-0.11565736688744471,-0.1238870908465815,0.3570504652689292,2022-08-05,2022-06-30,-0.09459953675484589,0.07243945593402501,0.3880580360198468,0.2718880980066365,-0.1761304729882554,-0.33277380937745804,0.03776046291519246
2023-11-30,MDB,1.256794752951325,-0.16785361223983042,-0.378196008693934,0.5278721188244351,2022-09-03,2022-07-31,-0.09459953675484589,0.07243945593402501,2.333103586078201,-1.0571941553541366,-1.4515371213106423,0.45421054665841143,0.06964571401795838
2023-11-30,NET,0.15364264002516403,-0.18209900209758842,-0.2752081938622786,0.5385427874143858,2022-08-05,2022-06-30,-0.09459953675484589,0.07243945593402501,-0.6348154947432184,-1.4199270439810834,-0.935034024036912,0.5033708789344705,-0.6216014209566858
2023-11-30,NOW,0.39766994668312416,-0.08143356818272726,0.0125570776255707,0.2434350603264727,2022-07-29,2022-06-30,-0.09459953675484589,0.07243945593402501,0.38483054412880147,1.1433347546377033,0.5081624769690024,-0.856205964688729,0.2950304527616946
2023-11-30,SNOW,0.015605395952245749,-0.07138205768606326,-0.4177633695862024,0.8267878529599777,2022-09-02,2022-07-31,-0.09459953675484589,0.07243945593402501,-1.211591639443458,1.295315459855067,-1.5408340834643157,1.6088470224495564,0.037934189849212374
2023-11-30,VEEV,0.012345062492019165,-0.09659866402467984,0.1892336087514834,0.1725747046712642,2022-09-03,2022-07-31,-0.09459953675484589,0.07243945593402501,-1.2177219933150913,0.7571832294086346,1.394228228449184,-1.1826633557926418,-0.062243472812478634
2023-11-30,WDAY,0.26092921030356364,-0.07880544671807449,-0.0221891160165594,0.2185381807275852,2022-08-26,2022-07-31,-0.09459953675484589,0.07243945593402501,-0.1865282603892908,1.2102550776372745,0.3339038361388371,-0.9709072004548752,0.09668086323298639
2023-11-30,ZS,0.18913455279398206,-0.18841980998750557,-0.2594770152707517,0.6139064513837442,2022-09-16,2022-07-31,-0.09459953675484589,0.07243945593402501,-0.4865157459882933,-1.4923535775660983,-0.8561392297394373,0.8505752486554166,-0.49610832615960315
2023-12-31,ADBE,0.8156182568625556,-0.1021569373142647,0.334762012181367,0.126556543837357,2022-09-29,2022-09-02,-0.07673708322728434,0.09251970924549291,0.347482411372828,0.9269744192476342,1.7331353910717897,-1.2703879396406665,0.43430107051289635
2023-12-31,CRM,0.8998417517566584,-0.14119795660020598,0.025,0.2176656151419558,2022-08-26,2022-07-31,-0.07673708322728434,0.09251970924549291,0.660316473301854,-0.09047884114028273,0.5757847019144529,-0.9683705257791634,0.04431295207421518
2023-12-31,CRWD,1.2508310706854084,-0.1523612345407786,-0.0902676430852485,0.5847463650093281,2022-09-01,2022-07-31,-0.07673708322728434,0.09251970924549291,1.68053632919131,-0.38140653065740027,-0.0049408717510223835,0.7165280162391799,0.5026792357555169
2023-12-31,DDOG,0.5859863904057716,-0.19330608709484257,-0.0077289000290541,0.7389841104008152,2022-08-09,2022-06-30,-0.07673708322728434,0.09251970924549291,-0.5054466866459879,-1.4484758461923186,0.4108944626757119,1.4244783852743501,-0.029637421222061144
2023-12-31,HUBS,0.7083318380462673,-0.12135043706069185,-0.1238870908465815,0.3570504652689292,2022-08-05,2022-06-30,-0.07673708322728434,0.09251970924549291,-0.05101501776280621,0.42677003799857216,-0.17431774599731426,-0.32859486104263125,-0.031789396701044886
2023-12-31,MDB,1.1120707070158957,-0.15508771166776725,-0.378196008693934,0.5278721188244351,2022-09-03,2022-07-31,-0.07673708322728434,0.09251970924549291,1.4486053731649904,-0.4524616181772751,-1.4555419321804877,0.45547555159770436,-0.0009806563987670158
2023-12-31,NET,0.7064809353729011,-0.2011622198363967,-0.2752081938622786,0.5385427874143858,2022-08-05,2022-06-30,-0.07673708322728434,0.09251970924549291,-0.05788988566365105,-1.5406087261262655,-0.9366828989959984,0.5044538593843827,-0.5076819128503831
2023-12-31,NOW,0.7661420684173579,-0.09060450235312915,0.0125570776255707,0.2434350603264727,2022-07-29,2022-06-30,-0.07673708322728434,0.09251970924549291,0.16371139807614637,1.1823449569760667,0.5130964830825526,-0.8500889197954621,0.2522659795848259
2023-12-31,SNOW,0.3075101118449943,-0.10510585449947528,-0.4177633695862024,0.8267878529599777,2022-09-02,2022-07-31,-0.07673708322728434,0.09251970924549291,-1.5398001705827693,0.8501222914194322,-1.5452462063541081,1.60583678950506,-0.15727182400309625
2023-12-31,VEEV,0.08012140466330053,-0.09379274177685117,0.1892336087514834,0.1725747046712642,2022-09-03,2022-07-31,-0.07673708322728434,0.09251970924549291,-1.919868936991072,1.1449548453664777,1.403203864001598,-1.1753375468986242,-0.13676194363040511
2023-12-31,WDAY,0.6178808238706439,-0.10662351603484949,-0.0221891160165594,0.2185381807275852,2022-08-26,2022-07-31,-0.07673708322728434,0.09251970924549291,-0.38698015677464564,0.8105703097966606,0.3380429928277493,-0.964365454732606,-0.05068307722071044
2023-12-31,ZS,0.7652367836082155,-0.19253211666132874,-0.2594770152707517,0.6139064513837442,2022-09-16,2022-07-31,-0.07673708322728434,0.09251970924549291,0.16034886931380102,-1.428305298511304,-0.8574282402949249,0.8503726458884716,-0.3187530059009891
2024-01-31,ADBE,0.6109520480785766,-0.10210392150650834,0.334762012181367,0.126556543837357,2022-09-29,2022-09-02,-0.03314696485623014,0.05905847321023505,-0.03358005830785597,0.7953270216573931,1.730940410488213,-1.2596861347758046,0.3082503097654864
2024-01-31,CRM,0.5665893931867798,-0.12327405103293189,0.025,0.2176656151419558,2022-08-26,2022-07-31,-0.03314696485623014,0.05905847321023505,-0.21877792764761275,0.2322724797063428,0.5408602711707188,-0.92604212371643,-0.0929218251217453
2024-01-31,CRWD,1.4109537643568957,-0.1420984607550626,-0.0902676430852485,0.5847463650093281,2022-09-01,2022-07-31,-0.03314696485623014,0.05905847321023505,2.1528000456075618,-0.268393771785592,-0.05628800729640287,0.9352952760034483,0.6908533856322538
2024-01-31,DDOG,0.6225103758137271,-0.19166722117489643,-0.0717975502424788,0.6138719647452013,2022-11-05,2022-09-30,-0.03314696485623014,0.05905847321023505,0.014671735343842578,-1.5867567821977413,0.039396990236086143,1.0829809503332504,-0.11242677657114053
2024-01-31,HUBS,0.6729776135836769,-0.12258227149452482,-0.0725586654593452,0.3088577367001281,2022-11-03,2022-09-30,-0.03314696485623014,0.05905847321023505,0.22535400693588525,0.25067149850510523,0.03545400476937748,-0.4636389427341665,0.011960141869050367
2024-01-31,MDB,0.9086410218437668,-0.14542367999900732,-0.378196008693934,0.5278721188244351,2022-09-03,2022-07-31,-0.03314696485623014,0.05905847321023505,1.2091625999419875,-0.35683346677891825,-1.5479115301086102,0.6469059732599366,-0.01216910592140108
2024-01-31,NET,0.5736156185285419,-0.196666072173477,-0.1809955998849746,0.4729412174276315,2022-11-04,2022-09-30,-0.03314696485623014,0.05905847321023505,-0.1894460049759612,-1.646585494634215,-0.5263075354282253,0.3683706885653922,-0.49849208661825234
2024-01-31,NOW,0.5522817945915501,-0.08361869424185397,0.0496996176952485,0.210978835978836,2022-10-28,2022-09-30,-0.03314696485623014,0.05905847321023505,-0.27850692226409596,1.2569078191694119,0.6688175520756949,-0.9599484294665391,0.17181750487861794
2024-01-31,SNOW,0.27205316347738084,-0.10522639392529037,-0.4177633695862024,0.8267878529599777,2022-09-02,2022-07-31,-0.03314696485623014,0.05905847321023505,-1.4483590318126016,0.7122797131693792,-1.6401526080343036,1.5689068476758399,-0.20183126975042154
2024-01-31,VEEV,0.1288185331432432,-0.08567393159680745,0.1892336087514834,0.1725747046712642,2022-09-03,2022-07-31,-0.03314696485623014,0.05905847321023505,-1.717437534625669,1.23230972558088,1.3916785416532698,-1.1546822746283014,-0.06203288550495517
2024-01-31,WDAY,0.5215786182162174,-0.10586570589161734,-0.0221891160165594,0.2185381807275852,2022-08-26,2022-07-31,-0.03314696485623014,0.05905847321023505,-0.4066814614241906,0.6952761560624299,0.29639531433254124,-0.9216176504668048,-0.08415691037400608
2024-01-31,ZS,0.7844715771880124,-0.18150496856671466,-0.2594770152707517,0.6139064513837442,2022-09-16,2022-07-31,-0.03314696485623014,0.05905847321023505,0.6908005532287103,-1.3164748984544774,-0.9328834038583612,1.0831558199501772,-0.11885048228348782
2024-02-29,ADBE,0.9070227072628159,-0.1011067542208856,0.334762012181367,0.126556543837357,2022-09-29,2022-09-02,-0.04308603743099504,0.05151349932385085,0.9515545021917512,0.7355012488272221,1.892516120461008,-1.2594018332938062,0.5800425095465438
2024-02-29,CRM,0.7180487131022226,-0.10582061049438037,0.0586959295648845,0.1419204429549758,2022-12-02,2022-10-31,-0.04308603743099504,0.05151349932385085,0.23648690125005759,0.613789468455677,0.6349659628486918,-1.222175440493224,0.06576672301530057
2024-02-29,CRWD,1.4235644550757693,-0.14075160801706918,-0.0971316033204678,0.5284317104809617,2022-12-01,2022-10-31,-0.04308603743099504,0.05151349932385085,1.8406510119935593,-0.28812897198257786,-0.2857549725924572,0.8589542919214612,0.5314303398349964
2024-02-29,DDOG,0.6262416087374716,-0.19154109356108767,-0.0717975502424788,0.6138719647452013,2022-11-05,2022-09-30,-0.04308603743099504,0.05151349932385085,-0.11090632689813518,-1.5995136114498214,-0.1360664508236938,1.3189984573413607,-0.1318719829575724
2024-02-29,HUBS,0.5793827822351496,-0.11512552966503473,-0.0725586654593452,0.3088577367001281,2022-11-03,2022-09-30,-0.04308603743099504,0.05151349932385085,-0.2882176484839161,0.37353643298626205,-0.1405635682552282,-0.32331893965777825,-0.09464093085266513
2024-02-29,MDB,0.9116073923558803,-0.1476368371307967,-0.2485544974686845,0.4703891261519748,2022-12-09,2022-10-31,-0.04308603743099504,0.05151349932385085,0.9689027081453425,-0.4659056043355375,-1.1804507055341251,0.5464300315902405,-0.032755892533519904
2024-02-29,NET,0.31728054095599845,-0.19656082929062757,-0.1809955998849746,0.4729412174276315,2022-11-04,2022-09-30,-0.04308603743099504,0.05151349932385085,-1.279998669493877,-1.657837926349393,-0.7812729079467696,0.5601715017098617,-0.7897345005200445
2024-02-29,NOW,0.7710623733954673,-0.0757805785247771,0.0496996176952485,0.210978835978836,2022-10-28,2022-09-30,-0.04308603743099504,0.05151349932385085,0.4370877884325197,1.2341143119127451,0.5818104483721471,-0.8503377036151606,0.35066871127556287
2024-02-29,SNOW,0.26726255474700733,-0.10441952909836454,-0.369853939119757,0.6655493794122131,2022-12-03,2022-10-31,-0.04308603743099504,0.05151349932385085,-1.4692640843530416,0.649965393486185,-1.502969582608532,1.4442117070890528,-0.219514141596584
2024-02-29,VEEV,0.2520222086023607,-0.08671705060763796,0.219795021643846,0.160130725818139,2022-12-08,2022-10-31,-0.04308603743099504,0.05151349932385085,-1.4952149831082453,1.107043430890565,1.5868343779559935,-1.124124065833978,0.018634689976083807
2024-02-29,WDAY,0.5693643468404097,-0.1052703314430828,-0.0164598528049787,0.2048124599269323,2022-11-30,2022-10-31,-0.04308603743099504,0.05151349932385085,-0.3261268782418374,0.6279976748897983,0.19090129105347795,-0.8835399143165701,-0.0976919566537828
2024-02-29,ZS,0.7969501268521424,-0.1811246822926942,-0.194311316615478,0.5423938364632543,2022-12-08,2022-10-31,-0.04308603743099504,0.05151349932385085,0.5350456785658219,-1.3305618473311271,-0.8599500129305122,0.9341319075585403,-0.18033356853431934
2024-03-31,ADBE,0.4538755907202867,-0.09640644017750075,0.3325966850828729,0.1009732360097324,2023-01-18,2022-12-02,-0.023707787732598185,0.05302929549468616,-0.5924838207607787,0.8230866333380407,1.888952107467031,-1.3075543603461688,0.2030001399245311
2024-03-31,CRM,0.5458002651412315,-0.10394408471371049,0.0586959295648845,0.1419204429549758,2022-12-02,2022-10-31,-0.023707787732598185,0.05302929549468616,-0.28624391055164466,0.632705856733496,0.6360226938321331,-1.208993667842291,-0.056627256957076655
2024-03-31,CRWD,1.3615766200569155,-0.14016680781425359,-0.0971316033204678,0.5284317104809617,2022-12-01,2022-10-31,-0.023707787732598185,0.05302929549468616,1.899269549222505,-0.2821834195496811,-0.2855342129834303,0.858428211308103,0.5474950319993741
2024-03-31,DDOG,0.8092485561271827,-0.19122911532443554,-0.0717975502424788,0.6138719647452013,2022-11-05,2022-09-30,-0.023707787732598185,0.05302929549468616,0.5914136007150494,-1.571880978556198,-0.13570978106593423,1.3154421870111161,0.04981625702600834
2024-03-31,HUBS,0.44328862404336733,-0.11400095631764603,-0.0725586654593452,0.3088577367001281,2022-11-03,2022-09-30,-0.023707787732598185,0.05302929549468616,-0.627753477628752,0.3786961303565336,-0.14021098166892204,-0.31605769797000166,-0.17633150672778553
2024-03-31,MDB,0.919955370397425,-0.1458877154561201,-0.2485544974686845,0.4703891261519748,2022-12-09,2022-10-31,-0.023707787732598185,0.05302929549468616,0.9602247504441109,-0.42667827261807634,-1.1810422876377276,0.5479624659437415,-0.024883335966987857
2024-03-31,NET,0.598118734339619,-0.20350811874548602,-0.1809955998849746,0.4729412174276315,2022-11-04,2022-09-30,-0.023707787732598185,0.05302929549468616,-0.1119489956061207,-1.7114416580496121,-0.7815020553546465,0.5616134246199379,-0.5108198210976104
2024-03-31,NOW,0.6597951988925623,-0.07068721089750683,0.0496996176952485,0.210978835978836,2022-10-28,2022-09-30,-0.023707787732598185,0.05302929549468616,0.09352135373902382,1.242051561266687,0.582818916644506,-0.8396051281746949,0.26969667586888046
2024-03-31,SNOW,0.22029948131586963,-0.10543020493562089,-0.369853939119757,0.6655493794122131,2022-12-03,2022-10-31,-0.023707787732598185,0.05302929549468616,-1.3583505011836983,0.5951704276460839,-1.5038539967077633,1.4398306900707223,-0.20680084504366386
2024-03-31,VEEV,0.22699821940660025,-0.08728970975303862,0.219795021643846,0.160130725818139,2022-12-08,2022-10-31,-0.023707787732598185,0.05302929549468616,-1.348308154730431,1.0533509035574133,1.588755360762771,-1.1115881317558431,0.04555249445847753
2024-03-31,WDAY,0.4266486551778783,-0.10550366279660135,-0.0164598528049787,0.2048124599269323,2022-11-30,2022-10-31,-0.023707787732598185,0.05302929549468616,-0.6831882409646021,0.5933150781991859,0.19155483216719868,-0.8725886446614881,-0.19272674381492638
2024-03-31,ZS,1.0711289688295196,-0.18150169303660801,-0.194311316615478,0.5423938364632543,2022-12-08,2022-10-31,-0.023707787732598185,0.05302929549468616,1.463847847305339,-1.3261922623238742,-0.860250595455216,0.9331106517968664,0.052628910330778766
2024-04-30,ADBE,0.33647634645194757,-0.09466147821290997,0.3325966850828729,0.1009732360097324,2023-01-18,2022-12-02,-0.02505851576483542,0.008088449091394723,-0.9047866053746413,0.8531822828910961,1.835598875928034,-1.3035919504492837,0.12010065074880127
2024-04-30,CRM,0.5202573101099217,-0.09261595646842077,0.0586959295648845,0.1419204429549758,2022-12-02,2022-10-31,-0.02505851576483542,0.008088449091394723,-0.3839610601977549,0.9010095347323748,0.5958910876860966,-1.1935370174455222,-0.020149363806201415
2024-04-30,CRWD,1.6704705388443255,-0.14250943141099232,-0.0971316033204678,0.5284317104809617,2022-12-01,2022-10-31,-0.02505851576483542,0.008088449091394723,2.0456705259801287,-0.265571948815134,-0.3159410253241539,1.1149895423841452,0.6447867735562465
2024-04-30,DDOG,0.8343722694030129,-0.19174085912473557,-0.073770928357325,0.4390002391185721,2023-02-25,2022-12-31,-0.02505851576483542,0.008088449091394723,0.5062241454174798,-1.4166738122465055,-0.17924494075827654,0.5808397147576004,-0.12721372320742544
2024-04-30,HUBS,0.48844275897167444,-0.11256228125046408,-0.0287103752533769,0.2717155552667278,2023-02-17,2022-12-31,-0.02505851576483542,0.008088449091394723,-0.4741218179352803,0.43463566154876404,0.08442899791861445,-0.4183061528301484,-0.09334082782451254
2024-04-30,MDB,0.49458244963331155,-0.16482329230308107,-0.2485544974686845,0.4703891261519748,2022-12-09,2022-10-31,-0.02505851576483542,0.008088449091394723,-0.45672225884919515,-0.7873022346516648,-1.2019991882989887,0.7683169902945456,-0.41942667287632585
2024-04-30,NET,1.0580234516727303,-0.20454856769090538,-0.1845322169639607,0.4189342755015599,2023-02-25,2022-12-31,-0.02505851576483542,0.008088449091394723,1.1400397845163261,-1.551432035736128,-0.8273698129157073,0.46099117772799353,-0.19444272160187892
2024-04-30,NOW,0.6594836018340304,-0.07246299713228777,0.0798969072164948,0.2019826517967782,2023-02-01,2022-12-31,-0.02505851576483542,0.008088449091394723,0.01059889773735996,1.2291866090546366,0.7199496021988941,-0.8348017980537226,0.28123332773429205
2024-04-30,SNOW,0.09130202664290876,-0.11548334435545873,-0.369853939119757,0.6655493794122131,2022-12-03,2022-10-31,-0.02505851576483542,0.008088449091394723,-1.284002208510835,0.36633698853625407,-1.5214044041992272,1.529390055302189,-0.22741989221790476
2024-04-30,VEEV,0.29377931691102055,-0.08358512021574624,0.219795021643846,0.160130725818139,2022-12-08,2022-10-31,-0.02505851576483542,0.008088449091394723,-1.02578773218053,1.112163525618877,1.538569976419247,-1.0847719562851852,0.13504345339310225
2024-04-30,WDAY,0.4652949440976957,-0.1081684595559045,-0.0164598528049787,0.2048124599269323,2022-11-30,2022-10-31,-0.02505851576483542,0.008088449091394723,-0.539721502807052,0.5373695568483478,0.15611350426205314,-0.8179001246057591,-0.16603464157560255
2024-04-30,ZS,1.1379579150397046,-0.19157963364663735,-0.194311316615478,0.5423938364632543,2022-12-08,2022-10-31,-0.02505851576483542,0.008088449091394723,1.366569832203993,-1.4129041277809125,-0.8845926729165862,1.198381519203148,0.06686363767741058
2024-05-31,ADBE,0.10780530196068816,-0.09909850995587165,0.3325966850828729,0.1009732360097324,2023-01-18,2022-12-02,-0.024905023216546973,0.018181014214448066,-1.0168601108856714,0.8941888053186434,1.9116455957831622,-1.329812246170997,0.11479051101128435
2024-05-31,CRM,0.20553013247865648,-0.10119144610013646,0.042581106870229,0.1444171444171444,2023-03-09,2023-01-31,-0.024905023216546973,0.018181014214448066,-0.22154981095480955,0.8366309883005643,0.5525143678747713,-1.1962207768675268,-0.007156307911750204
2024-05-31,CRWD,0.8268906490011703,-0.13785188416212896,-0.0964907188480106,0.4787754344446764,2023-03-10,2023-01-31,-0.024905023216546973,0.018181014214448066,2.5766986427142995,-0.17156737052514479,-0.3331347578260379,1.0885856871717738,0.7901455503837227
2024-05-31,DDOG,0.32230529088160775,-0.18785523901839551,-0.073770928357325,0.4390002391185721,2023-02-25,2022-12-31,-0.024905023216546973,0.018181014214448066,0.7287970534160522,-1.5467091573368303,-0.18844863984159385,0.8167855670610219,-0.04739379417533754
2024-05-31,HUBS,0.16772525824968532,-0.11340036058874113,-0.0287103752533769,0.2717155552667278,2023-02-17,2022-12-31,-0.024905023216546973,0.018181014214448066,-0.5292157920829459,0.50087374694845,0.09850983829732163,-0.3263388548517478,-0.06404276542223052
2024-05-31,MDB,0.2429966372390897,-0.1649682170737515,-0.2019002966964839,0.3557978791267346,2023-03-18,2023-01-31,-0.024905023216546973,0.018181014214448066,0.08336243069806756,-0.9172933842907194,-1.0044130701646665,0.2482299319756117,-0.3975285229454267
2024-05-31,NET,0.2637362188828607,-0.1898644560093752,-0.1845322169639607,0.4189342755015599,2023-02-25,2022-12-31,-0.024905023216546973,0.018181014214448066,0.2521465852483825,-1.5715741131573868,-0.8938081755300392,0.6796666597488936,-0.3833922609225375
2024-05-31,NOW,0.27267886793723806,-0.08109234774450057,0.0798969072164948,0.2019826517967782,2023-02-01,2022-12-31,-0.024905023216546973,0.018181014214448066,0.32492420853938025,1.1680915502845484,0.7901520474034281,-0.8028522040235301,0.3700789005509566
2024-05-31,SNOW,-0.061441724870635706,-0.11545822275094869,-0.4070375476221197,0.5347887037683636,2023-03-30,2023-01-31,-0.024905023216546973,0.018181014214448066,-1.6366796217631545,0.44428049917768325,-1.5922807543393778,1.403151267123011,-0.34538215245045945
2024-05-31,VEEV,0.1983102064909248,-0.09572220433680911,0.1933353331357197,0.1604328742180725,2023-03-31,2023-01-31,-0.024905023216546973,0.018181014214448066,-0.28030746213053337,0.98704055406962,1.5125603584856715,-1.0867787679002772,0.2831286706311203
2024-05-31,WDAY,0.15444119716026283,-0.1085972059348831,-0.0540364219503602,0.1962872990485713,2023-02-28,2023-01-31,-0.024905023216546973,0.018181014214448066,-0.6373249650877121,0.6329652574485986,-0.06277366394190569,-0.8417708705025805,-0.22722606052089991
2024-05-31,ZS,0.2764984344198107,-0.1773180992338793,-0.1683135619894839,0.51664364559815,2023-03-09,2023-01-31,-0.024905023216546973,0.018181014214448066,0.3560088422886522,-1.2569273762380333,-0.7905231462007337,1.3473546072363467,-0.08602176822844199
2024-06-30,ADBE,-0.09045170934388735,-0.0966222783806089,0.3407089151450054,0.0922102299389957,2023-03-30,2023-03-03,-0.009035719327968428,0.014672068404629757,-0.5924240235873687,0.8128878031024683,1.9257972988884045,-1.3504492521391094,0.19895295656609868
2024-06-30,CRM,0.1111723420389017,-0.1058174044605252,0.042581106870229,0.1444171444171444,2023-03-09,2023-01-31,-0.009035719327968428,0.014672068404629757,0.292415139886296,0.4830600082786357,0.5485380873014295,-1.190392913371525,0.03340508052370911
2024-06-30,CRWD,1.135698398964725,-0.11337930049803505,-0.0964907188480106,0.4787754344446764,2023-03-10,2023-01-31,-0.009035719327968428,0.014672068404629757,2.45522591822727,0.21181593037669902,-0.33383114803132397,1.0875583790252894,0.8551922698994836
2024-06-30,DDOG,0.11994311223004095,-0.16067102800355484,-0.073770928357325,0.4390002391185721,2023-02-25,2022-12-31,-0.009035719327968428,0.014672068404629757,0.3309061874856395,-1.484531249747791,-0.18968085692345818,0.8165737487624231,-0.13168304260579664
2024-06-30,HUBS,0.14839586715078168,-0.09552630362572609,-0.0287103752533769,0.2717155552667278,2023-02-17,2022-12-31,-0.009035719327968428,0.014672068404629757,0.4557727978425153,0.8522002533553393,0.09621490651144288,-0.3231209235219794,0.2702667585468295
2024-06-30,MDB,-0.42563078622918304,-0.19082146843663073,-0.2019002966964839,0.3557978791267346,2023-03-18,2023-01-31,-0.009035719327968428,0.014672068404629757,-1.58191822411319,-1.9712025512134763,-1.0026234654008026,0.2497239677736976,-1.0765050682384427
2024-06-30,NET,0.03549027990434839,-0.15934652015805628,-0.1845322169639607,0.4189342755015599,2023-02-25,2022-12-31,-0.009035719327968428,0.014672068404629757,-0.03972009938613745,-1.4370213517745778,-0.8924281821100414,0.6798662433173015,-0.42232584748836377
2024-06-30,NOW,0.16897703497476813,-0.06994847665848615,0.0798969072164948,0.2019826517967782,2023-02-01,2022-12-31,-0.009035719327968428,0.014672068404629757,0.5460944791885226,1.26506302285422,0.7852957055128504,-0.7982045757588477,0.4495621579491863
2024-06-30,SNOW,-0.22616208670318494,-0.11593691340863053,-0.4070375476221197,0.5347887037683636,2023-03-30,2023-01-31,-0.009035719327968428,0.014672068404629757,-1.1879971010736323,0.12007473846882774,-1.5883140553978508,1.4011801586690067,-0.3137640648334122
2024-06-30,VEEV,-0.11874776834513856,-0.10055642495173034,0.1933353331357197,0.1604328742180725,2023-03-31,2023-01-31,-0.009035719327968428,0.014672068404629757,-0.7166029645646742,0.6717705550311359,1.5050286680935672,-1.0812792664638973,0.09472924802403287
2024-06-30,WDAY,-0.06392493018913159,-0.1120459300244773,-0.0540364219503602,0.1962872990485713,2023-02-28,2023-01-31,-0.009035719327968428,0.014672068404629757,-0.4760096726408013,0.2596437294905492,-0.06447130252196533,-0.8370064734248676,-0.2794609297742712
2024-06-30,ZS,0.16172250969631885,-0.11325598854162211,-0.1683135619894839,0.51664364559815,2023-03-09,2023-01-31,-0.009035719327968428,0.014672068404629757,0.5142575627355603,0.21623911177797692,-0.789525655922252,1.3455509071325111,0.3216304814309491
2024-07-31,ADBE,0.017155822198908544,-0.1102476429027184,0.3407089151450054,0.0922102299389957,2023-03-30,2023-03-03,-0.010309278350515538,0.014749237414319882,-0.27348853615244095,0.3071350328012708,1.9739813308368748,-1.3353336136503178,0.16807355345884673
2024-07-31,CRM,0.1441085480738955,-0.10658023959559419,0.042581106870229,0.1444171444171444,2023-03-09,2023-01-31,-0.010309278350515538,0.014749237414319882,0.17634549281258935,0.44585429726783493,0.5809756509913467,-1.1662768027563462,0.009224659578856209
2024-07-31,CRWD,1.3703451302792473,-0.11186375265384899,-0.0964907188480106,0.4787754344446764,2023-03-10,2023-01-31,-0.010309278350515538,0.014749237414319882,2.531548219059228,0.24600579851755341,-0.3114818807489371,1.2397708666434233,0.9264607508678169
2024-07-31,DDOG,0.11112063986512855,-0.16675847054165863,-0.0725949422271306,0.3269261493540478,2023-05-06,2023-03-31,-0.010309278350515538,0.014749237414319882,0.05945880483953552,-1.8303829296334673,-0.1581369044250174,0.14706095219134366,-0.44550001925690136
2024-07-31,HUBS,0.015915925292672828,-0.09665077889892819,-0.0892448466967026,0.268001183016135,2023-05-04,2023-03-31,-0.010309278350515538,0.014749237414319882,-0.2778818866456199,0.821435428940876,-0.26498336717823423,-0.27696405976550253,0.0004015288378798054
2024-07-31,MDB,-0.4096362533841248,-0.14598909956421433,-0.2019002966964839,0.3557978791267346,2023-03-18,2023-01-31,-0.010309278350515538,0.014749237414319882,-1.4548243397662983,-1.0447829767110561,-0.9879206287310586,0.3548223871639683,-0.7831763895111112
2024-07-31,NET,0.20444970007724805,-0.1691918175276781,-0.1629085896441802,0.3676726352354513,2023-04-28,2023-03-31,-0.010309278350515538,0.014749237414319882,0.390153454248472,-1.8718014577093327,-0.7377014167913156,0.4402733244136947,-0.4447690239596204
2024-07-31,NOW,0.3493482134882593,-0.08717948079259683,0.0687022900763358,0.2171893147502903,2023-04-28,2023-03-31,-0.010309278350515538,0.014749237414319882,0.9035751364493179,1.1796865938186494,0.7486015994525986,-0.6426070866179754,0.5473140607756476
2024-07-31,SNOW,-0.23982898410779707,-0.11356393979047344,-0.4070375476221197,0.5347887037683636,2023-03-30,2023-01-31,-0.010309278350515538,0.014749237414319882,-1.1840677301555502,0.18169634321714956,-1.5803075313808967,1.5710285869043383,-0.2529125828537398
2024-07-31,VEEV,-0.10385861613498493,-0.0837769345320486,0.1933353331357197,0.1604328742180725,2023-03-31,2023-01-31,-0.010309278350515538,0.014749237414319882,-0.702281316957165,1.2376020734570399,1.5484019717250557,-1.0510273517614674,0.25817384411586575
2024-07-31,WDAY,-0.057226023888984234,-0.11166456833131946,-0.0540364219503602,0.1962872990485713,2023-02-28,2023-01-31,-0.010309278350515538,0.014749237414319882,-0.5370471582849177,0.2535399310905626,-0.039042392553758604,-0.793018330080003,-0.27889198745702914
2024-07-31,ZS,0.19834141782098635,-0.11641085808453662,-0.1683135619894839,0.51664364559815,2023-03-09,2023-01-31,-0.010309278350515538,0.014749237414319882,0.3685098605528507,0.0740118649429214,-0.7723864311966568,1.5122711273148457,0.29560160540349023
2024-08-31,ADBE,-0.013748349969942897,-0.10563451200583512,0.3407089151450054,0.0922102299389957,2023-03-30,2023-03-03,0.005916305916305875,0.030821329132852848,-0.41244076371296945,0.5999457092845225,1.9009496478685435,-1.3314953370161338,0.18923981410599072
2024-08-31,CRM,0.1719563088548146,-0.10573124712701713,0.0499575603249666,0.1128052894346243,2023-06-02,2023-04-30,0.005916305916305875,0.030821329132852848,0.5072083963058511,0.5967494363958317,0.683561713242859,-1.17911710819915,0.1521006094363479
2024-08-31,CRWD,0.422805670432991,-0.17844344192980008,-0.0280920615668948,0.4197042436566536,2023-06-02,2023-04-30,0.005916305916305875,0.030821329132852848,1.6412251029661102,-1.6754387896775031,0.11683658610452669,1.0915594625611007,0.2935455904885586
2024-08-31,DDOG,0.2068822387021425,-0.16366225841875537,-0.0725949422271306,0.3269261493540478,2023-05-06,2023-03-31,0.005916305916305875,0.030821329132852848,0.6801690654147582,-1.317377703196401,-0.2063027205168173,0.40511513906464014,-0.10959905480845497
2024-08-31,HUBS,-0.09055481772543428,-0.10462587500768011,-0.0892448466967026,0.268001183016135,2023-05-04,2023-03-31,0.005916305916305875,0.030821329132852848,-0.7928028074138003,0.6332725822169253,-0.3271991322948634,-0.030857478813804327,-0.12939670907638567
2024-08-31,MDB,-0.3381589071873421,-0.14534317780149966,-0.1861274030628869,0.2901869699103512,2023-06-03,2023-04-30,0.005916305916305875,0.030821329132852848,-1.5575963003140714,-0.7120879179847981,-1.030671842901777,0.13329018546311902,-0.7917664689343817
2024-08-31,NET,0.1917576726861805,-0.17127167203242202,-0.1629085896441802,0.3676726352354513,2023-04-28,2023-03-31,0.005916305916305875,0.030821329132852848,0.6052689820229121,-1.5688040945112574,-0.862078009033507,0.706589254759346,-0.2797559666906266
2024-08-31,NOW,0.38306478597677796,-0.08716872724501969,0.0687022900763358,0.2171893147502903,2023-04-28,2023-03-31,0.005916305916305875,0.030821329132852848,1.5526626939348298,1.210082818518559,0.8196688345078001,-0.4068031026113327,0.7939028110874641
2024-08-31,SNOW,-0.1687599629625378,-0.1133592744002918,-0.4381629861497533,0.4764247545404396,2023-06-03,2023-04-30,0.005916305916305875,0.030821329132852848,-1.1800914009343406,0.3447080219659221,-1.854195422936339,1.4452606743075938,-0.311079531899291
2024-08-31,VEEV,-0.08035459759311792,-0.08452034209034778,0.1169049541633021,0.0420172559205862,2023-06-03,2023-04-30,0.005916305916305875,0.030821329132852848,-0.7422891372880338,1.2494607890463776,1.1696725920012216,-1.498610290809905,0.044558488237415095
2024-08-31,WDAY,-0.07108386455138038,-0.1108427472682052,-0.0117555417286108,0.1740172041122023,2023-05-26,2023-04-30,0.005916305916305875,0.030821329132852848,-0.6963784858883931,0.42785783712777353,0.2354574846807797,-0.7262238721759465,-0.1898217590639466
2024-08-31,ZS,0.14931113486764747,-0.11738683782434371,-0.1331088825214899,0.4602154061790682,2023-06-08,2023-04-30,0.005916305916305875,0.030821329132852848,0.3950646549071464,0.2116313108140448,-0.6456997307224271,1.3912924734704768,0.3380721771173102
2024-09-30,ADBE,0.12651496375805626,-0.10602278918546988,0.3372093023255814,0.0980392156862746,2023-06-29,2023-06-02,-0.02664197179085348,-0.017606252462885053,-0.2837044751641417,0.6715045083249506,1.8938919181218812,-1.3039683774139463,0.24443089346718588
2024-09-30,CRM,0.25073734706014594,-0.1059473428374808,0.0499575603249666,0.1128052894346243,2023-06-02,2023-04-30,-0.02664197179085348,-0.017606252462885053,0.2571547359124666,0.6741455032645957,0.685754523646684,-1.1938706648924116,0.1057960244828337
2024-09-30,CRWD,0.6565897400554415,-0.1828782733330897,-0.0280920615668948,0.4197042436566536,2023-06-02,2023-04-30,-0.02664197179085348,-0.017606252462885053,1.7201834192229444,-1.766661916888704,0.11800285684676179,1.0944067344313542,0.29148277340308903
2024-09-30,DDOG,0.2763201977193397,-0.15328670774692763,-0.0725949422271306,0.3269261493540478,2023-05-06,2023-03-31,-0.02664197179085348,-0.017606252462885053,0.36854142852625627,-0.9829661595818305,-0.20572176935647632,0.4026415347643987,-0.10437624141191298
2024-09-30,HUBS,0.013340116394352952,-0.1034216333689019,-0.0892448466967026,0.268001183016135,2023-05-04,2023-03-31,-0.02664197179085348,-0.017606252462885053,-0.7764631635076975,0.7625578135131549,-0.3268371672985218,-0.03671046325319796,-0.0943632451365656
2024-09-30,MDB,-0.15922621621192357,-0.1525865444642651,-0.1861274030628869,0.2901869699103512,2023-06-03,2023-04-30,-0.02664197179085348,-0.017606252462885053,-1.5278099661595206,-0.9584569853709743,-1.0315841158096741,0.1287095684472692,-0.8472853747232251
2024-09-30,NET,0.302982204897408,-0.16978114855407975,-0.1629085896441802,0.3676726352354513,2023-04-28,2023-03-31,-0.02664197179085348,-0.017606252462885053,0.4846267247886918,-1.5603530824090808,-0.8626848988749444,0.7064524844648842,-0.30798969300761225
2024-09-30,NOW,0.5296264516251878,-0.08703362555773247,0.0687022900763358,0.2171893147502903,2023-04-28,2023-03-31,-0.02664197179085348,-0.017606252462885053,1.4714265689209454,1.233495529795008,0.8221081830506853,-0.41557017642781824,0.7778650263347051
2024-09-30,SNOW,-0.25227466019305955,-0.11387961921661402,-0.4381629861497533,0.4764247545404396,2023-06-03,2023-04-30,-0.02664197179085348,-0.017606252462885053,-1.7101180816504384,0.3964766387598296,-1.8565993883362009,1.4508496111383364,-0.42984780502211833
2024-09-30,VEEV,0.06384863941024643,-0.09236915943003657,0.1169049541633021,0.0420172559205862,2023-06-03,2023-04-30,-0.02664197179085348,-0.017606252462885053,-0.5565511059150839,1.149449008661931,1.1727459211487552,-1.4919364437280729,0.06842684504188234
2024-09-30,WDAY,0.2249941585507811,-0.11969953216617,-0.0117555417286108,0.1740172041122023,2023-05-26,2023-04-30,-0.02664197179085348,-0.017606252462885053,0.14506993881183602,0.19275093090742854,0.23683861982773396,-0.7374668909495997,-0.0407018503506503
2024-09-30,ZS,0.2853011146889408,-0.11983359095289792,-0.1331088825214899,0.4602154061790682,2023-06-08,2023-04-30,-0.02664197179085348,-0.017606252462885053,0.40764397621374115,0.18805821102369533,-0.6459146829666833,1.3964630834188059,0.3365626469223898
2024-10-31,ADBE,-0.02683901877089745,-0.10689451301873834,0.3372093023255814,0.0980392156862746,2023-06-29,2023-06-02,-0.010702054794520577,-0.00039277644400503853,-0.8957869085834007,0.620241148222772,1.6793620141846315,-1.3957227555645055,0.0020233745648742807
2024-10-31,CRM,0.36894432693745793,-0.10250406034206641,0.1715680576543066,0.1143782383419689,2023-09-01,2023-07-31,-0.010702054794520577,-0.00039277644400503853,0.6485690683801475,0.7721334813041572,1.209839192455437,-1.281304965644024,0.3373091941239294
2024-10-31,CRWD,0.5866379727434201,-0.18320116814863022,-0.0210121018115813,0.3671342588007542,2023-09-01,2023-07-31,-0.010702054794520577,-0.00039277644400503853,1.3918053907013634,-1.7555997559730636,0.037583127875959355,1.0140948599292678,0.17197090563338174
2024-10-31,DDOG,0.41229895464092325,-0.15165962080758633,-0.0431947552310289,0.2544012133806737,2023-08-10,2023-06-30,-0.010702054794520577,-0.00039277644400503853,0.8177398512058954,-0.9284548891621421,-0.09744506023818658,-0.009688519488963454,-0.05446215442084919
2024-10-31,HUBS,0.2544540419750838,-0.1003492950632886,-0.223947250055751,0.2546099038541334,2023-08-03,2023-06-30,-0.010702054794520577,-0.00039277644400503853,0.20182526826028915,0.8466798548877618,-1.1977048628773224,-0.0077933002355950595,-0.03924825999121663
2024-10-31,MDB,-0.2154444151697844,-0.15160727535701374,-0.115630110125038,0.3956102219587696,2023-09-02,2023-07-31,-0.010702054794520577,-0.00039277644400503853,-1.6169798913397335,-0.926643943184769,-0.5383668265300547,1.2726988716054146,-0.4523229473622856
2024-10-31,NET,0.4268830719557972,-0.16932317017200418,-0.1820845786303785,0.3154440829449465,2023-08-04,2023-06-30,-0.010702054794520577,-0.00039277644400503853,0.8746474219467825,-1.5395439774730526,-0.9428822965548376,0.544671340648069,-0.26577687785825965
2024-10-31,NOW,0.5371487647979729,-0.08276290457470159,0.0544186046511627,0.2271689497716895,2023-07-28,2023-06-30,-0.010702054794520577,-0.00039277644400503853,1.3049067636835203,1.2689509142986268,0.496737920102252,-0.2569978932659611,0.7033994262046095
2024-10-31,SNOW,-0.2085716478608467,-0.11410774388313298,-0.4234412137361317,0.3554966535813115,2023-09-01,2023-07-31,-0.010702054794520577,-0.00039277644400503853,-1.6049119260649984,0.3706918316183447,-1.7441583721015508,0.9084081311134239,-0.5174925838586952
2024-10-31,VEEV,0.08904565308224588,-0.09254587221596597,0.17628700919141,0.1048392229389501,2023-09-02,2023-07-31,-0.010702054794520577,-0.00039277644400503853,-0.4436021778324039,1.116647484557988,1.2385639560716286,-1.367933384039307,0.13591896968947637
2024-10-31,WDAY,0.15445654863370373,-0.11542525202533355,0.0202919688420307,0.163412115395384,2023-08-25,2023-07-31,-0.010702054794520577,-0.00039277644400503853,-0.1883673161364543,0.3251112502273022,0.289005431449721,-0.8360045821702934,-0.10256380415743112
2024-10-31,ZS,0.07719452902852608,-0.1297426266375104,-0.0979151923271341,0.4305710575710795,2023-09-15,2023-07-31,-0.010702054794520577,-0.00039277644400503853,-0.489845544221007,-0.17021339932391683,-0.43053422383767725,1.415572197112473,0.081244757432468
2024-11-30,ADBE,-0.21755784859293792,-0.10869664313902065,0.3372093023255814,0.0980392156862746,2023-06-29,2023-06-02,-0.01764452732749955,-0.023560833243805424,-1.017776419653011,0.48402667386483456,1.6793620141846315,-1.3957227555645055,-0.0625276217920126
2024-11-30,CRM,0.16182395979238073,-0.1021140878091096,0.1715680576543066,0.1143782383419689,2023-09-01,2023-07-31,-0.01764452732749955,-0.023560833243805424,0.6948085495523229,0.7123674153887054,1.209839192455437,-1.281304965644024,0.33392754793811025
2024-11-30,CRWD,0.2526688393437362,-0.18319632995515345,-0.0210121018115813,0.3671342588007542,2023-09-01,2023-07-31,-0.01764452732749955,-0.023560833243805424,1.10489562228541,-1.7409972373831548,0.037583127875959355,1.0140948599292678,0.1038940931768706
2024-11-30,DDOG,0.076091642530697,-0.146333320058765,-0.0431947552310289,0.2544012133806737,2023-08-10,2023-06-30,-0.01764452732749955,-0.023560833243805424,0.3078003307281323,-0.8215433191890509,-0.09744506023818658,-0.009688519488963454,-0.15521914204701714
2024-11-30,HUBS,0.1232158124714473,-0.08861213310182338,-0.223947250055751,0.2546099038541334,2023-08-03,2023-06-30,-0.01764452732749955,-0.023560833243805424,0.5205257259448679,1.1807336038009977,-1.1977048628773224,-0.0077933002355950595,0.12394029165823704
2024-11-30,MDB,-0.3495934953381671,-0.15162218668012015,-0.115630110125038,0.3956102219587696,2023-09-02,2023-07-31,-0.01764452732749955,-0.023560833243805424,-1.6138046398188126,-1.0050075918938275,-0.5383668265300547,1.2726988716054146,-0.47112004665932017
2024-11-30,NET,0.13687618081318575,-0.16436505725482692,-0.1820845786303785,0.3154440829449465,2023-08-04,2023-06-30,-0.01764452732749955,-0.023560833243805424,0.5821906265246791,-1.447042086150115,-0.9428822965548376,0.544671340648069,-0.3157656038830511
2024-11-30,NOW,0.36055949785333574,-0.08276061442176988,0.0544186046511627,0.2271689497716895,2023-07-28,2023-06-30,-0.01764452732749955,-0.023560833243805424,1.3240610176701406,1.2720754948091533,0.496737920102252,-0.2569978932659611,0.7089691348288962
2024-11-30,SNOW,-0.38821395899574274,-0.11374156457935113,-0.4234412137361317,0.3554966535813115,2023-09-01,2023-07-31,-0.01764452732749955,-0.023560833243805424,-1.6922569294273804,0.30902455920273086,-1.7441583721015508,0.9084081311134239,-0.5547456528031942
2024-11-30,VEEV,0.19803800559894524,-0.09076857762873176,0.17628700919141,0.1048392229389501,2023-09-02,2023-07-31,-0.01764452732749955,-0.023560833243805424,0.8582840487766971,1.1059291976622636,1.2385639560716286,-1.367933384039307,0.4587109546178206
2024-11-30,WDAY,-0.13619235723602652,-0.11641697804645632,0.0202919688420307,0.163412115395384,2023-08-25,2023-07-31,-0.01764452732749955,-0.023560833243805424,-0.6504806916292596,0.2162177593592414,0.289005431449721,-0.8360045821702934,-0.24531552074764765
2024-11-30,ZS,-0.08474664909945107,-0.13031202944747403,-0.0979151923271341,0.4305710575710795,2023-09-15,2023-07-31,-0.01764452732749955,-0.023560833243805424,-0.4182472409537865,-0.2657844694717862,-0.43053422383767725,1.415572197112473,0.07525156571230579
2024-12-31,ADBE,-0.13521620216448715,-0.10148246881641257,0.3470347648261758,0.1030904579291676,2023-09-28,2023-09-01,-0.013905152224824135,0.012736819566029345,-1.2115337708633005,0.453408196745113,1.7544360477962004,-1.403069642471909,-0.10168979219847399
2024-12-31,CRM,0.2596143386675738,-0.082707489068443,0.1715680576543066,0.1143782383419689,2023-09-01,2023-07-31,-0.013905152224824135,0.012736819566029345,0.7371198632788742,1.0611300160681394,1.1755102481479847,-1.3090629572126236,0.41617429257059363
2024-12-31,CRWD,0.3550446157608489,-0.1649974871719394,-0.0210121018115813,0.3671342588007542,2023-09-01,2023-07-31,-0.013905152224824135,0.012736819566029345,1.2081081406120167,-1.6024908256509318,-0.19153063428928066,0.9920070111929182,0.10152342296618061
2024-12-31,DDOG,0.2584445827683415,-0.1012389471413788,-0.0077255194179012,0.2542831813402424,2023-11-08,2023-09-30,-0.013905152224824135,0.012736819566029345,0.7313466293256583,0.46129067850449396,-0.09721509643529327,-0.03537989249088393,0.26501057972599373
2024-12-31,HUBS,0.2420333053428525,-0.11290713761163969,-0.0366635160171964,0.2558778082611419,2023-11-09,2023-09-30,-0.013905152224824135,0.012736819566029345,0.6503501204722639,0.08360643937441392,-0.30263306117674593,-0.020862540493362693,0.10261523954414231
2024-12-31,MDB,-0.2112266468874049,-0.14988525574684586,-0.115630110125038,0.3956102219587696,2023-09-02,2023-07-31,-0.013905152224824135,0.012736819566029345,-1.380348252801477,-1.1133274337872643,-0.8631817843247847,1.2512498317017835,-0.5264019098029356
2024-12-31,NET,0.19901512454578474,-0.13603549892556938,-0.1168404334883776,0.322015938106887,2023-11-03,2023-09-30,-0.013905152224824135,0.012736819566029345,0.43803743015268,-0.6650287125320322,-0.8717733314667282,0.5812535399794516,-0.12937776846665722
2024-12-31,NOW,0.48542792058751805,-0.07593720894163092,0.1009615384615384,0.2495903877662479,2023-10-27,2023-09-30,-0.013905152224824135,0.012736819566029345,1.4976813714743946,1.159745362398778,0.6743059778285249,-0.07810269822838804,0.8134075033683273
2024-12-31,SNOW,-0.12160802486553868,-0.17352362567915006,-0.4234412137361317,0.3554966535813115,2023-09-01,2023-07-31,-0.013905152224824135,0.012736819566029345,-1.1443717319496844,-1.7266818614725887,-1.85116347766213,0.8860592128931514,-0.9590394645478129
2024-12-31,VEEV,0.18351340664346982,-0.08684283450022089,0.17628700919141,0.1048392229389501,2023-09-02,2023-07-31,-0.013905152224824135,0.012736819566029345,0.3615299774563057,0.9272742312382778,1.2090079858762743,-1.3959053668699781,0.2754767069252199
2024-12-31,WDAY,-0.09443596426858714,-0.08443162854221997,0.0202919688420307,0.163412115395384,2023-08-25,2023-07-31,-0.013905152224824135,0.012736819566029345,-1.0102662635180957,1.0053218505289088,0.10166858909471775,-0.8626625837722555,-0.19148460191668115
2024-12-31,ZS,-0.06756635397030142,-0.11685707545111092,-0.0979151923271341,0.4305710575710795,2023-09-15,2023-07-31,-0.013905152224824135,0.012736819566029345,-0.8776535136396376,-0.04424794141531335,-0.7374314633887393,1.3944760857721004,-0.06621420816789747
2025-01-31,ADBE,-0.28019687981514574,-0.10808714584937275,0.3470347648261758,0.1030904579291676,2023-09-28,2023-09-01,-0.025962786672436122,-0.015260731877915545,-1.251714301936589,0.2902323052672354,1.7864565772169585,-1.476357507819612,-0.1628457318180018
2025-01-31,CRM,0.19604886838746793,-0.082560351643835,0.1721330275229357,0.1126706647952022,2023-12-01,2023-10-31,-0.025962786672436122,-0.015260731877915545,0.7444033145609859,1.0583073266511922,1.0880797729452922,-1.4294160837958125,0.3653435825904144
2025-01-31,CRWD,0.16977779029780993,-0.16548550421383465,0.0040241013518843,0.353138847476768,2023-11-30,2023-10-31,-0.025962786672436122,-0.015260731877915545,0.6342917556083594,-1.4368253492589282,-0.1018880571515003,1.1889265714384425,0.07112623015909333
2025-01-31,DDOG,0.1482641962895297,-0.10446696456084242,-0.0077255194179012,0.2542831813402424,2023-11-08,2023-09-30,-0.025962786672436122,-0.015260731877915545,0.5441205275056888,0.39915984227846407,-0.18505836256202599,0.11253465767070141,0.21768916622320708
2025-01-31,HUBS,0.14037646404459903,-0.1055825351780137,-0.0366635160171964,0.2558778082611419,2023-11-09,2023-09-30,-0.025962786672436122,-0.015260731877915545,0.5110601981531555,0.36559346810942467,-0.3898974856528109,0.1298977850483681,0.15416349141453434
2025-01-31,MDB,-0.418730640306078,-0.16886688757159016,-0.1044398967057638,0.2976940900003297,2023-12-08,2023-10-31,-0.025962786672436122,-0.015260731877915545,-1.5130045210674936,-1.538567701780891,-0.8696561427138008,0.5852152118282646,-0.8340032884334801
2025-01-31,NET,0.3621757893503501,-0.13601713813020055,-0.1168404334883776,0.322015938106887,2023-11-03,2023-09-30,-0.025962786672436122,-0.015260731877915545,1.440701128788253,-0.5501524780948965,-0.957433991179907,0.8500441452920238,0.1957897012013683
2025-01-31,NOW,0.38505356375154487,-0.0763581760642751,0.1009615384615384,0.2495903877662479,2023-10-27,2023-09-30,-0.025962786672436122,-0.015260731877915545,1.4838511787495896,1.1422850187242077,0.5842886636202921,0.06143708022832404,0.8179654853306033
2025-01-31,SNOW,-0.21074420290414597,-0.1759196873039522,-0.3549885381238482,0.3180181247621305,2023-12-02,2023-10-31,-0.025962786672436122,-0.015260731877915545,-0.9606130954309513,-1.6340628770753276,-1.7160187100060431,0.8065138740872788,-0.8760452021062608
2025-01-31,VEEV,0.013692668086141557,-0.0877783634124314,0.2084151791145246,0.1161471600485923,2023-12-08,2023-10-31,-0.025962786672436122,-0.015260731877915545,-0.019917260001238217,0.9013027114818902,1.3449048814273703,-1.3915621951392632,0.20868203444218986
2025-01-31,WDAY,-0.11351224005748928,-0.08481602990097903,0.0470901952376485,0.1667009567238633,2023-11-29,2023-10-31,-0.025962786672436122,-0.015260731877915545,-0.553078887183748,0.9904362844967735,0.2029575418254589,-0.8411061608198048,-0.050197805420330116
2025-01-31,ZS,-0.2344803960460915,-0.1173244453794803,-0.0927254314952798,0.3970068738960703,2023-12-07,2023-10-31,-0.025962786672436122,-0.015260731877915545,-1.0601000377460121,0.012291449200859483,-0.7867346877692836,1.4038726219810929,-0.10766766358333585
2025-02-28,ADBE,-0.21922968991771774,-0.10673286200117751,0.3470347648261758,0.1030904579291676,2023-09-28,2023-09-01,-0.023072429906542014,-0.005427902579042465,-1.2836243360578867,0.39541808381267407,1.7864565772169585,-1.476357507819612,-0.14452679571196655
2025-02-28,CRM,0.11264995120795862,-0.08136904399159607,0.1721330275229357,0.1126706647952022,2023-12-01,2023-10-31,-0.023072429906542014,-0.005427902579042465,0.3113067815728456,1.0847606376829448,1.0880797729452922,-1.4294160837958125,0.26368277710131754
2025-02-28,CRWD,0.22804261860125252,-0.1665977869735241,0.0040241013518843,0.353138847476768,2023-11-30,2023-10-31,-0.023072429906542014,-0.005427902579042465,0.8658552779727315,-1.2316019591516914,-0.1018880571515003,1.1889265714384425,0.1803229582769956
2025-02-28,DDOG,0.08557735756462037,-0.10459091777845679,-0.0077255194179012,0.2542831813402424,2023-11-08,2023-09-30,-0.023072429906542014,-0.005427902579042465,0.18120262125051614,0.4536322414832661,-0.18505836256202599,0.11253465767070141,0.1405777894606144
2025-02-28,HUBS,0.25972436187581627,-0.1091113552805486,-0.0366635160171964,0.2558778082611419,2023-11-09,2023-09-30,-0.023072429906542014,-0.005427902579042465,1.0181098665277888,0.3307749519724453,-0.3898974856528109,0.1298977850483681,0.2722212794739478
2025-02-28,MDB,-0.38933818418154653,-0.1789953115441701,-0.1044398967057638,0.2976940900003297,2023-12-08,2023-10-31,-0.023072429906542014,-0.005427902579042465,-1.651498962170843,-1.5685441831484945,-0.8696561427138008,0.5852152118282646,-0.8761210190512184
2025-02-28,NET,0.40450570946439,-0.15158047464110788,-0.1168404334883776,0.322015938106887,2023-11-03,2023-09-30,-0.023072429906542014,-0.005427902579042465,1.4912541762231863,-0.8234586570831816,-0.957433991179907,0.8500441452920238,0.14010141831303038
2025-02-28,NOW,0.3202737300135665,-0.07777999982001738,0.1009615384615384,0.2495903877662479,2023-10-27,2023-09-30,-0.023072429906542014,-0.005427902579042465,1.3090950895689535,1.1286553065933824,0.5842886636202921,0.06143708022832404,0.7708690350027381
2025-02-28,SNOW,-0.03595710811745201,-0.18377850766607956,-0.3549885381238482,0.3180181247621305,2023-12-02,2023-10-31,-0.023072429906542014,-0.005427902579042465,-0.40286183212629845,-1.627043549572439,-1.7160187100060431,0.8065138740872788,-0.7348525544043754
2025-02-28,VEEV,0.03436654777518111,-0.09043320570385421,0.2084151791145246,0.1161471600485923,2023-12-08,2023-10-31,-0.023072429906542014,-0.005427902579042465,-0.06490381003044164,0.8384131681867992,1.3449048814273703,-1.3915621951392632,0.1817130111111162
2025-02-28,WDAY,-0.11063600657827499,-0.08318359025393696,0.0470901952376485,0.1667009567238633,2023-11-29,2023-10-31,-0.023072429906542014,-0.005427902579042465,-0.7617500681794663,1.0354445625508295,0.2029575418254589,-0.8411061608198048,-0.09111353115574569
2025-02-28,ZS,-0.16274746738912316,-0.1218872469521611,-0.0927254314952798,0.3970068738960703,2023-12-07,2023-10-31,-0.023072429906542014,-0.005427902579042465,-1.012184804551085,-0.016450603326538596,-0.7867346877692836,1.4038726219810929,-0.10287436841645359
2025-03-31,ADBE,-0.13087595669068253,-0.10461038403041896,0.3452852614896989,0.1155801104972376,2024-01-18,2023-12-01,-0.06798278165355509,-0.054077629428730956,-1.1959367523395248,0.5026158944951932,1.7828257757050603,-1.4222051920145053,-0.0831750685384442
2025-03-31,CRM,-0.006830004376201848,-0.08755550889923669,0.1721330275229357,0.1126706647952022,2023-12-01,2023-10-31,-0.06798278165355509,-0.054077629428730956,-0.37681185980405923,1.0069853973631784,1.089447087884291,-1.4366279663518935,0.07074816477287915
2025-03-31,CRWD,0.21544654578498257,-0.16603775253560563,0.0040241013518843,0.353138847476768,2023-11-30,2023-10-31,-0.06798278165355509,-0.054077629428730956,1.0909688445783419,-1.3139961344491553,-0.10150778706550206,1.1947545745324373,0.21755487439903043
2025-03-31,DDOG,-0.05703879861972161,-0.11822816494779499,-0.0077255194179012,0.2542831813402424,2023-11-08,2023-09-30,-0.06798278165355509,-0.054077629428730956,-0.7083605514114466,0.09989272363454796,-0.18474707990560496,0.10575526318833019,-0.17186491112354338
2025-03-31,HUBS,0.15549986123502868,-0.11264409819273079,-0.0366635160171964,0.2558778082611419,2023-11-09,2023-09-30,-0.06798278165355509,-0.054077629428730956,0.6951169798165586,0.2650321897150678,-0.3897561112888883,0.12332175873257209,0.17342870424382756
2025-03-31,MDB,-0.2543219335468361,-0.17408733454303452,-0.1044398967057638,0.2976940900003297,2023-12-08,2023-10-31,-0.06798278165355509,-0.054077629428730956,-1.5627601092310557,-1.5520491042981668,-0.8699127146650286,0.5839721574062919,-0.8501874426969898
2025-03-31,NET,0.5005680089242563,-0.13949766395412008,-0.1168404334883776,0.322015938106887,2023-11-03,2023-09-30,-0.06798278165355509,-0.054077629428730956,1.9530001944404154,-0.529117254893957,-0.9577633723881119,0.851902938451027,0.3295056264023434
2025-03-31,NOW,0.219517320697465,-0.08440912964798558,0.1009615384615384,0.2495903877662479,2023-10-27,2023-09-30,-0.06798278165355509,-0.054077629428730956,1.1178497947464674,1.1000343189519497,0.5852380980007834,0.05405919790359225,0.7142953524006982
2025-03-31,SNOW,0.0959158379614864,-0.18352768832093813,-0.3549885381238482,0.3180181247621305,2023-12-02,2023-10-31,-0.06798278165355509,-0.054077629428730956,0.301659912091879,-1.6776813312922612,-1.7169773159070039,0.8078628125839925,-0.5712839806308484
2025-03-31,VEEV,-0.03258665877767941,-0.08841780101926755,0.2084151791145246,0.1161471600485923,2023-12-08,2023-10-31,-0.06798278165355509,-0.054077629428730956,-0.546893320545286,0.9814845452864739,1.3464852255718964,-1.4159585437943576,0.09127947662968167
2025-03-31,WDAY,-0.03450047172175752,-0.0830657787569115,0.0470901952376485,0.1667009567238633,2023-11-29,2023-10-31,-0.06798278165355509,-0.054077629428730956,-0.5595309906417408,1.1179116324563612,0.20359067276350687,-0.859055212738264,-0.024270974540034213
2025-03-31,ZS,0.018688629774559873,-0.12164359331142939,-0.0927254314952798,0.3970068738960703,2023-12-07,2023-10-31,-0.06798278165355509,-0.054077629428730956,-0.20830214170054948,-0.001112876969229793,-0.786922478705398,1.412218212100779,0.1039701786814004
2025-04-30,ADBE,-0.17133718664226383,-0.10676249200044426,0.3452852614896989,0.1155801104972376,2024-01-18,2023-12-01,-0.07359691988745742,-0.0476341332150213,-0.9784997387988799,0.5773884564326855,1.7384512086686386,-1.414632095864699,-0.019323042390563705
2025-04-30,CRM,0.0021075453374148623,-0.09207582161477972,0.1721330275229357,0.1126706647952022,2023-12-01,2023-10-31,-0.07359691988745742,-0.0476341332150213,0.000992526864308266,0.9772403769954457,1.0492338717766165,-1.429079307732584,0.14959686697594665
2025-04-30,CRWD,0.20523680957684842,-0.1696754252954903,0.0040241013518843,0.353138847476768,2023-11-30,2023-10-31,-0.07359691988745742,-0.0476341332150213,1.1481218802982909,-1.1354475060884908,-0.13457342096157945,1.2067617714043395,0.27121568116314004
2025-04-30,DDOG,-0.20948207900818605,-0.12467950397831945,0.0470483287515114,0.2561786454594066,2024-02-24,2023-12-31,-0.07359691988745742,-0.0476341332150213,-1.193914912384856,0.08958887613487983,0.1683991535481238,0.13683320481417788,-0.19977341947191868
2025-04-30,HUBS,-0.05551609000432889,-0.1307423374253056,-0.0418411623690745,0.2390238813088729,2024-02-15,2023-12-31,-0.07359691988745742,-0.0476341332150213,-0.3244247083114874,-0.07547478595941075,-0.45755230681196934,-0.052464794116211674,-0.2274791487997698
2025-04-30,MDB,-0.5196889276127178,-0.19137712843616933,-0.1044398967057638,0.2976940900003297,2023-12-08,2023-10-31,-0.07359691988745742,-0.0476341332150213,-1.9822371777723713,-1.6487122625723316,-0.8983667234631816,0.5949444622666918,-0.9835929253852981
2025-04-30,NET,0.289359273157896,-0.1589187867955544,-0.1181577662336229,0.3195231161266836,2024-02-22,2023-12-31,-0.07359691988745742,-0.0476341332150213,1.3619005617120359,-0.842592662202507,-0.9949666742081357,0.8358216278201119,0.0900407132803763
2025-04-30,NOW,0.14828434083090003,-0.09648814122463002,0.1107919573245794,0.2561855670103092,2024-01-26,2023-12-31,-0.07359691988745742,-0.0476341332150213,0.8264949158447564,0.857112776674446,0.6172758080430301,0.136909582182229,0.6094482706861153
2025-04-30,SNOW,-0.058247380566299634,-0.1861964952038224,-0.3549885381238482,0.3180181247621305,2023-12-02,2023-10-31,-0.07359691988745742,-0.0476341332150213,-0.3398490913422886,-1.585241867855214,-1.745449712690209,0.8192144712764553,-0.7128315501528141
2025-04-30,VEEV,0.16654919284263214,-0.08858472663790691,0.2084151791145246,0.1161471600485923,2023-12-08,2023-10-31,-0.07359691988745742,-0.0476341332150213,0.9296417861750148,1.0722871775781113,1.3047293807221252,-1.4083748635049944,0.4745708702425643
2025-04-30,WDAY,-0.045764708633065365,-0.08664449212087186,0.0470901952376485,0.1667009567238633,2023-11-29,2023-10-31,-0.07359691988745742,-0.0476341332150213,-0.26935585425252534,1.0960579108296142,0.16869397341723646,-0.8505279315980435,0.036217024599070446
2025-04-30,ZS,0.1473343088229222,-0.1052784033325584,-0.0927254314952798,0.3970068738960703,2023-12-07,2023-10-31,-0.07359691988745742,-0.0476341332150213,0.8211298119680024,0.6177935100327726,-0.8158745580406956,1.424593873052526,0.5119106592531513
2025-05-31,ADBE,-0.15689359935050995,-0.104818577434037,0.3452852614896989,0.1155801104972376,2024-01-18,2023-12-01,-0.05440956651718998,-0.031337136610647964,-1.389749592929515,0.5814946933965545,1.6811753645913512,-1.458478171677209,-0.14638942665470459
2025-05-31,CRM,0.1528851329458365,-0.08631781556756213,0.1746527403897921,0.1077051526717556,2024-03-07,2024-01-31,-0.05440956651718998,-0.031337136610647964,-0.10583463949804303,1.062782930993014,1.024168699226921,-1.5013498711313256,0.11994177989764154
2025-05-31,CRWD,0.3672648858925551,-0.17426419080186933,0.0350996942040729,0.3262923872745216,2024-03-08,2024-01-31,-0.05440956651718998,-0.031337136610647964,0.7826878503477939,-1.2250988462552066,0.09519621738473492,1.0906976395131518,0.1858707152476185
2025-05-31,DDOG,-0.07278994936333882,-0.12502556726214725,0.0470483287515114,0.2561786454594066,2024-02-24,2023-12-31,-0.05440956651718998,-0.031337136610647964,-1.0411719709080138,0.05581977299643351,0.1747355251500936,0.2424686829438513,-0.14203699745440887
2025-05-31,HUBS,0.0007364572719437135,-0.13173058045575678,-0.0418411623690745,0.2390238813088729,2024-02-15,2023-12-31,-0.05440956651718998,-0.031337136610647964,-0.7364329972175478,-0.11860785362261113,-0.4169813411810538,0.03493208143183866,-0.3092725276473436
2025-05-31,MDB,-0.2706515294858034,-0.19068084371060298,-0.1549469216291631,0.2676080506598175,2024-03-16,2024-01-31,-0.05440956651718998,-0.031337136610647964,-1.6019170904211668,-1.6021088676716544,-1.1699003262002545,0.3807404709895766,-0.9982964533258747
2025-05-31,NET,0.7843107463889714,-0.15457639591865951,-0.1181577662336229,0.3195231161266836,2024-02-22,2023-12-31,-0.05440956651718998,-0.031337136610647964,1.7576506009378272,-0.7129305274644461,-0.9250033932648688,1.0088036818692103,0.2821300905194306
2025-05-31,NOW,0.45374694864289733,-0.10552041491310021,0.1107919573245794,0.2561855670103092,2024-01-26,2023-12-31,-0.05440956651718998,-0.031337136610647964,1.141123088124357,0.5632367359234853,0.5990621769549124,0.2425524191665654,0.63649360504233
2025-05-31,SNOW,0.17117061294664282,-0.18718201684694077,-0.3556284440795715,0.3152516417322568,2024-03-27,2024-01-31,-0.05440956651718998,-0.031337136610647964,-0.03004828376704876,-1.5611497492224098,-1.7710511264137851,0.9571278166992805,-0.6012803356759908
2025-05-31,VEEV,0.3411190957899928,-0.0756345182460619,0.2144943531583304,0.1193296283740008,2024-03-26,2024-01-31,-0.05440956651718998,-0.031337136610647964,0.6743235006291469,1.238516069643287,1.2893851377482886,-1.4131168836627794,0.4472769560894858
2025-05-31,WDAY,0.15866636810578938,-0.0827765184850578,0.0409354260924844,0.1676448434633655,2024-03-09,2024-01-31,-0.05440956651718998,-0.031337136610647964,-0.08187361991434054,1.1549080361073334,0.13404334028113207,-0.8286042985301707,0.09461836448598854
2025-05-31,ZS,0.33072481310093926,-0.10552422550767888,-0.086584926828432,0.3544935732382519,2024-03-07,2024-01-31,-0.05440956651718998,-0.031337136610647964,0.6312431546165518,0.5631376051762113,-0.7148302742774713,1.244226432388013,0.4309442294758262
2025-06-30,ADBE,-0.25281705591769343,-0.1098267974925883,0.1750289463527595,0.1132116004296455,2024-03-28,2024-03-01,0.018792801401497083,0.08677558305505217,-1.437802095676361,0.4086970072823816,1.208357225990846,-1.4753504604492473,-0.3240245807130952
2025-06-30,CRM,0.038206150141838036,-0.07606017505468483,0.1746527403897921,0.1077051526717556,2024-03-07,2024-01-31,0.018792801401497083,0.08677558305505217,-0.5024319534034166,1.30705023330762,1.2055892473339396,-1.5051645687470425,0.12626073962277506
2025-06-30,CRWD,0.23012080720781558,-0.1747681662800091,0.0350996942040729,0.3262923872745216,2024-03-08,2024-01-31,0.018792801401497083,0.08677558305505217,0.12417511125779673,-1.3190531773847853,0.17881165374796776,1.0884373568297387,0.018092736112679475
2025-06-30,DDOG,-0.09106334309249497,-0.12787112582180227,0.0470483287515114,0.2561786454594066,2024-02-24,2023-12-31,0.018792801401497083,0.08677558305505217,-0.9245006944999392,-0.07136819899693637,0.26672510718079284,0.24482888442298037,-0.12107872547327561
2025-06-30,HUBS,0.00018658571833785054,-0.13233660315913456,-0.0418411623690745,0.2390238813088729,2024-02-15,2023-12-31,0.018792801401497083,0.08677558305505217,-0.6265669623043638,-0.19017119681267336,-0.38728955091856326,0.03842277907359872,-0.29140123274050045
2025-06-30,MDB,-0.24455914242628785,-0.16646264672645514,-0.1549469216291631,0.2676080506598175,2024-03-16,2024-01-31,0.018792801401497083,0.08677558305505217,-1.425669045728625,-1.0980867393446125,-1.2194781880568353,0.3823474765281006,-0.840221624150493
2025-06-30,NET,1.0027767200586108,-0.15823948171073265,-0.1181577662336229,0.3195231161266836,2024-02-22,2023-12-31,0.018792801401497083,0.08677558305505217,1.794927600097045,-0.8793113248477268,-0.9487977444581871,1.0069894930515761,0.24345200596067684
2025-06-30,NOW,0.2852784699430446,-0.10225970997800383,0.1107919573245794,0.2561855670103092,2024-01-26,2023-12-31,0.018792801401497083,0.08677558305505217,0.3042665209942249,0.6100176307129177,0.7357261884297843,0.24491216451661765,0.4737306261633862
2025-06-30,SNOW,0.5224665315299746,-0.1970398996620004,-0.3556284440795715,0.3152516417322568,2024-03-27,2024-01-31,0.018792801401497083,0.08677558305505217,1.0786925982717648,-1.585693632951702,-1.8839200139347183,0.9555951173483218,-0.3588314828165834
2025-06-30,VEEV,0.5283318977236713,-0.0785095464715299,0.2144943531583304,0.1193296283740008,2024-03-26,2024-01-31,0.018792801401497083,0.08677558305505217,1.0978431933851536,1.2418852699446632,1.3390242980596603,-1.4017383542534432,0.5692536017840084
2025-06-30,WDAY,0.10802473348991648,-0.07022188585535523,0.0409354260924844,0.1676448434633655,2024-03-09,2024-01-31,0.018792801401497083,0.08677558305505217,-0.27447220171283326,1.3769470870971594,0.2217487225470382,-0.8204097339236102,0.1259534685019386
2025-06-30,ZS,0.43451797026270933,-0.11770545852711357,-0.086584926828432,0.3544935732382519,2024-03-07,2024-01-31,0.018792801401497083,0.08677558305505217,0.7915379293195534,0.19908704199369512,-0.7164969459217256,1.2411298456024131,0.378814467748484
2025-07-31,ADBE,-0.298685783085501,-0.07781057395381935,0.1750289463527595,0.1132116004296455,2024-03-28,2024-03-01,0.047794117647058654,0.12139103753451608,-1.2767228316107657,1.054587087220616,1.2033871245752026,-1.4684786134605545,-0.12180680831887541
2025-07-31,CRM,0.05986706733546865,-0.07172917172826944,0.1746527403897921,0.1077051526717556,2024-03-07,2024-01-31,0.047794117647058654,0.12139103753451608,-0.6901713299870128,1.2076838178287956,1.2006750939389212,-1.4986570033131559,0.05488264461688702
2025-07-31,CRWD,1.1956802156280757,-0.16679135620129037,0.0350996942040729,0.3262923872745216,2024-03-08,2024-01-31,0.047794117647058654,0.12139103753451608,1.6342222160248914,-1.185466496443523,0.1946513359506788,1.126634662320907,0.4425104294632385
2025-07-31,DDOG,0.15364135189408712,-0.12389237807742116,0.0196252615529085,0.2689126743254295,2024-05-09,2024-03-31,0.047794117647058654,0.12139103753451608,-0.4982662246995859,-0.10550285424218765,0.08309772021847388,0.4278064993522611,-0.023216214842759653
2025-07-31,HUBS,0.11991229151136329,-0.1330703704627251,-0.0376295322101539,0.2308400781468043,2024-05-11,2024-03-31,0.047794117647058654,0.12139103753451608,-0.5672913195265846,-0.3365549332895888,-0.32964628185585804,-0.0358800734711518,-0.31734315203579583
2025-07-31,MDB,-0.16789505077949152,-0.16897781280334595,-0.1549469216291631,0.2676080506598175,2024-03-16,2024-01-31,0.047794117647058654,0.12139103753451608,-1.1562768669481227,-1.2405096172529033,-1.1753754451133447,0.41191747320091204,-0.7900611140283647
2025-07-31,NET,1.5268387333039315,-0.15534875440878707,-0.1440827042646367,0.3047367967605754,2024-05-03,2024-03-31,0.047794117647058654,0.12139103753451608,1.9391880680731604,-0.8974038327500125,-1.0970564038642083,0.8641088854155745,0.20220917921862852
2025-07-31,NOW,0.2623926482614014,-0.08969214220903608,0.1275451402228198,0.2418893129770991,2024-05-07,2024-03-31,0.047794117647058654,0.12139103753451608,-0.2757112984983865,0.7554736283657996,0.8610811814798845,0.09868868056766157,0.3598830479787398
2025-07-31,SNOW,0.7162908106468375,-0.19641352102700527,-0.3556284440795715,0.3152516417322568,2024-03-27,2024-01-31,0.047794117647058654,0.12139103753451608,0.6531720841084621,-1.5513166784914925,-1.826387180088713,0.9921692994155448,-0.43309061876404964
2025-07-31,VEEV,0.5004429842958411,-0.0785597712561771,0.2144943531583304,0.1193296283740008,2024-03-26,2024-01-31,0.047794117647058654,0.12139103753451608,0.2114486410886751,1.035726361796215,1.3314130765526817,-1.3939670829978998,0.29615524910991803
2025-07-31,WDAY,0.056710131911401174,-0.07007901674282267,0.0409354260924844,0.1676448434633655,2024-03-09,2024-01-31,0.047794117647058654,0.12139103753451608,-0.6966318647465456,1.2263776972589842,0.23672053533725831,-0.8055355404021476,-0.00976729313811267
2025-07-31,ZS,0.7504320700173781,-0.11823553338172171,-0.086584926828432,0.3544935732382519,2024-03-07,2024-01-31,0.047794117647058654,0.12139103753451608,0.7230407267218146,0.03690581999930204,-0.6825607571309767,1.2811928133720474,0.33964465074054684
2025-08-31,ADBE,-0.3772914483303976,-0.07872527752508228,0.1750289463527595,0.1132116004296455,2024-03-28,2024-03-01,0.04378754347138791,0.09819710998857789,-1.2472741882639042,1.0007657743775105,1.0966322189449602,-1.7464141806749371,-0.22407259390409268
2025-08-31,CRM,0.027477916766071697,-0.07382903618186658,0.1871236176502792,0.1074330059415544,2024-05-31,2024-04-30,0.04378754347138791,0.09819710998857789,-0.5714448259495688,1.1358762412730044,1.1740730345720767,-1.7820002630479748,-0.010873953288115634
2025-08-31,CRWD,0.6393898201292085,-0.10976306604228152,0.0075306502677419,0.3298622541800224,2024-06-06,2024-04-30,0.04378754347138791,0.09819710998857789,0.819501731611808,0.14428632330367766,0.024159528625870525,1.2113118090804167,0.5498148481554432
2025-08-31,DDOG,0.204025401302798,-0.11892543241642088,0.0196252615529085,0.2689126743254295,2024-05-09,2024-03-31,0.04378754347138791,0.09819710998857789,-0.1701319661852632,-0.10854671982088936,0.10159996000066163,0.3843581810682877,0.05181986376569919
2025-08-31,HUBS,0.04123673390068894,-0.12548676432910072,-0.0376295322101539,0.2308400781468043,2024-05-11,2024-03-31,0.04378754347138791,0.09819710998857789,-0.5401694426397673,-0.2896049144719415,-0.2649960241732255,-0.136666071670806,-0.30785911323893506
2025-08-31,MDB,-0.18191824891088493,-0.17327822750452168,-0.2179194382114741,0.2234196806777451,2024-06-01,2024-04-30,0.04378754347138791,0.09819710998857789,-1.0474265386995953,-1.6083975250929465,-1.4193719494570827,-0.23821436189521178,-1.078352593786209
2025-08-31,NET,1.5283661336617174,-0.1484785414402868,-0.1440827042646367,0.3047367967605754,2024-05-03,2024-03-31,0.04378754347138791,0.09819710998857789,2.1253913971389666,-0.9240568384061637,-0.9466036732941662,0.8746120249152906,0.2823357275884818
2025-08-31,NOW,0.10306428608141438,-0.09491420386285473,0.1275451402228198,0.2418893129770991,2024-05-07,2024-03-31,0.04378754347138791,0.09819710998857789,-0.39962826278108626,0.5540366932908646,0.7925987660857243,0.014542931618157465,0.24038753205341504
2025-08-31,SNOW,0.9565787746817385,-0.19520151862083426,-0.4206205073192158,0.3289132920354265,2024-06-01,2024-04-30,0.04378754347138791,0.09819710998857789,1.5405089256318747,-1.8806328278363047,-2.003414382717341,1.2054678542716692,-0.2845176076625255
2025-08-31,VEEV,0.3130660183020868,-0.0800343721286409,0.238599512566407,0.2356338764071628,2024-06-05,2024-04-30,0.04378754347138791,0.09819710998857789,0.07772997278983385,0.9646416598376394,1.322390490683197,-0.07106284501752322,0.5734248195732867
2025-08-31,WDAY,-0.12846231712817757,-0.07160780309859938,0.0321608040201005,0.1814913151482622,2024-05-30,2024-04-30,0.04378754347138791,0.09819710998857789,-0.925915020643266,1.163458690353237,0.18186362398190462,-0.8120048965904808,-0.09814940072465134
2025-08-31,ZS,0.42794281257837596,-0.1204938418228239,-0.0054464832854604,0.3209192932187201,2024-06-08,2024-04-30,0.04378754347138791,0.09819710998857789,0.33885821798996946,-0.15182655680768725,-0.058931593252580045,1.0960698179431136,0.30604247146820396
2025-09-30,ADBE,-0.3110973926680488,-0.07594867893928181,0.3550574496138632,0.1023671096345515,2024-06-27,2024-05-31,0.01969673284352047,0.0009039314420233868,-1.104034276220337,0.978276867560213,1.5964676069051016,-1.8028574595055669,-0.08303681531514728
2025-09-30,CRM,-0.05976055666848101,-0.0734851529806405,0.1871236176502792,0.1074330059415544,2024-05-31,2024-04-30,0.01969673284352047,0.0009039314420233868,-0.8191596479458545,1.0390630981202214,0.9938889132172266,-1.7723543820491168,-0.13964050466438083
2025-09-30,CRWD,0.5106785408882988,-0.1071680180207028,0.0075306502677419,0.3298622541800224,2024-06-06,2024-04-30,0.01969673284352047,0.0009039314420233868,0.4276120965767558,0.20795580125370575,-0.04785971010868298,1.196893629535553,0.44615045431433287
2025-09-30,DDOG,0.1879019257425032,-0.11948974867490193,0.0196252615529085,0.2689126743254295,2024-05-09,2024-03-31,0.01969673284352047,0.0009039314420233868,-0.2778598201976203,-0.09607653817313591,0.02229640368360704,0.3883367852972892,0.009174207652535002
2025-09-30,HUBS,-0.09110226558009693,-0.1276535183471306,-0.0376295322101539,0.2308400781468043,2024-05-11,2024-03-31,0.01969673284352047,0.0009039314420233868,-0.8876611887122914,-0.2975133380551169,-0.30981628118803184,-0.12109652667572778,-0.404021833657792
2025-09-30,MDB,0.16741253273993673,-0.19248600082675346,-0.2179194382114741,0.2234196806777451,2024-06-01,2024-04-30,0.01969673284352047,0.0009039314420233868,-0.3226421578168899,-1.8139081544234439,-1.3556075730952408,-0.22038572778729554,-0.9281359032807175
2025-09-30,NET,1.5801707045206874,-0.15049974713492015,-0.1440827042646367,0.3047367967605754,2024-05-03,2024-03-31,0.01969673284352047,0.0009039314420233868,2.161273034090675,-0.8612322327759154,-0.9273095330268938,0.8676842207871026,0.31010387226874214
2025-09-30,NOW,0.025794106926507965,-0.09504900390417408,0.1275451402228198,0.2418893129770991,2024-05-07,2024-03-31,0.01969673284352047,0.0009039314420233868,-0.6321683676510249,0.50698621482142,0.6482974474461421,0.026748612856019125,0.1374659768681391
2025-09-30,SNOW,1.0778339055711315,-0.1863469240767995,-0.4206205073192158,0.3289132920354265,2024-06-01,2024-04-30,0.01969673284352047,0.0009039314420233868,1.6672067990955268,-1.7457428079014432,-1.8847129342085935,1.191179681983995,-0.19301731525762872
2025-09-30,VEEV,0.2826989015591055,-0.07817564344325023,0.238599512566407,0.2356338764071628,2024-06-05,2024-04-30,0.01969673284352047,0.0009039314420233868,-0.07066821741206852,0.9233276687046679,1.2924804641275853,-0.05695273902207731,0.5220467940995268
2025-09-30,WDAY,-0.055603273737839354,-0.05242926123788224,0.0321608040201005,0.1814913151482622,2024-05-30,2024-04-30,0.01969673284352047,0.0009039314420233868,-0.8100733442298049,1.2728575619189706,0.09501018695789863,-0.7814114591843988,-0.05590426363433362
2025-09-30,ZS,0.6207440261850601,-0.12021590786255797,-0.0054464832854604,0.3209192932187201,2024-06-08,2024-04-30,0.01969673284352047,0.0009039314420233868,0.6681750904229335,-0.11399414105014088,-0.12313499071011856,1.0842153637642284,0.3788153306067257
2025-10-31,ADBE,-0.2621527570540144,-0.07358254641582364,0.3550574496138632,0.1023671096345515,2024-06-27,2024-05-31,-0.019374523264683363,-0.06716864091174202,-1.1585518867384335,0.9903028695737641,1.637237993675666,-1.736061132577278,-0.0667680390165703
2025-10-31,CRM,-0.18167768937125273,-0.07196638662676667,0.1871236176502792,0.1074330059415544,2024-05-31,2024-04-30,-0.019374523264683363,-0.06716864091174202,-1.077853180475021,1.0294529456008379,1.015247160122689,-1.7056772873061676,-0.1847075905144155
2025-10-31,CRWD,0.6518341797703004,-0.11169509958159374,0.0075306502677419,0.3298622541800224,2024-06-06,2024-04-30,-0.019374523264683363,-0.06716864091174202,0.7795427788984848,0.06705916302390381,-0.060061511363096044,1.2519643566999337,0.5096261968148066
2025-10-31,DDOG,0.1352040108816186,-0.11923055963342136,0.0195543323120696,0.2665940407490283,2024-08-10,2024-06-30,-0.019374523264683363,-0.06716864091174202,-0.37171471809742834,-0.1154808530843862,0.011930002301879863,0.41566466142269354,-0.014900226864310293
2025-10-31,HUBS,-0.156798056345004,-0.12652455107516877,-0.0375610062300896,0.2042794129319762,2024-08-08,2024-06-30,-0.019374523264683363,-0.06716864091174202,-1.0224114626489225,-0.29217150051836466,-0.3300467449190244,-0.41488179844193884,-0.5148778766320625
2025-10-31,MDB,0.14785507355312077,-0.19067870488084354,-0.2179194382114741,0.2234196806777451,2024-06-01,2024-04-30,-0.019374523264683363,-0.06716864091174202,-0.34352311872400837,-1.8271672754801325,-1.409938617700785,-0.15977505747285545,-0.9351010173444454
2025-10-31,NET,1.4465853218311073,-0.14822893147715285,-0.0865295414418099,0.2998502401991612,2024-08-02,2024-06-30,-0.019374523264683363,-0.06716864091174202,1.9595633844287537,-0.817941383305776,-0.6232446986616154,0.8589124138276542,0.3443224290722541
2025-10-31,NOW,-0.01362290779201758,-0.09437139753406694,0.0913589645984012,0.221860465116279,2024-07-26,2024-06-30,-0.019374523264683363,-0.06716864091174202,-0.703360286234474,0.4867108935169604,0.44185855059451334,-0.18055671035447857,0.011163111880630294
2025-10-31,SNOW,0.9643790598435702,-0.18924638205781835,-0.4206205073192158,0.3289132920354265,2024-06-01,2024-04-30,-0.019374523264683363,-0.06716864091174202,1.4760170810207263,-1.8115537225948317,-1.9560891670707075,1.2462727441555388,-0.2613382661223186
2025-10-31,VEEV,0.4265670691470913,-0.07998040497266005,0.238599512566407,0.2356338764071628,2024-06-05,2024-04-30,-0.019374523264683363,-0.06716864091174202,0.2775580603338645,0.8353202678492375,1.3234578711685236,0.003019095016419365,0.6098388235920112
2025-10-31,WDAY,0.029420523602543547,-0.05053428764392799,0.0321608040201005,0.1814913151482622,2024-05-30,2024-04-30,-0.019374523264683363,-0.06716864091174202,-0.6074424013072096,1.263081290784068,0.08741095538180509,-0.7186078191906913,0.006110506416993067
2025-10-31,ZS,0.6575032622952937,-0.10652141095916133,-0.0054464832854604,0.3209192932187201,2024-06-08,2024-04-30,-0.019374523264683363,-0.06716864091174202,0.7921757495436684,0.19238730463471843,-0.13776179352984877,1.1397265342211715,0.49663194871742744
2025-11-30,ADBE,-0.3403950101957922,-0.0720969357203166,0.3550574496138632,0.1023671096345515,2024-06-27,2024-05-31,-0.002120248371952127,-0.04590779184334004,-1.2491145769773557,1.0346810150263868,1.720115937609393,-1.383027499923573,0.03066371893371278
2025-11-30,CRM,-0.20607820532898335,-0.07573049210770215,0.1912064343163539,0.0839242124840171,2024-08-30,2024-07-31,-0.002120248371952127,-0.04590779184334004,-0.9519397585902971,0.9486161979924477,1.0528018868367024,-1.4887494846937666,-0.1098177896137284
2025-11-30,CRWD,0.5695291726152436,-0.11279123750426132,0.014169931277182,0.3174381446258061,2024-08-30,2024-07-31,-0.002120248371952127,-0.04590779184334004,0.9392758440929487,0.07079129818642237,-0.08327449892965878,1.2554570766250184,0.5455624299936827
2025-11-30,DDOG,0.06585923115282322,-0.12282516238419677,0.0195543323120696,0.2665940407490283,2024-08-10,2024-06-30,-0.002120248371952127,-0.04590779184334004,-0.28885642873437745,-0.16687335232566075,-0.04872178939111652,0.7090030728372129,0.05113787559651453
2025-11-30,HUBS,-0.3177726624288124,-0.126814450626497,-0.0375610062300896,0.2042794129319762,2024-08-08,2024-06-30,-0.002120248371952127,-0.04590779184334004,-1.2242918609649873,-0.26136407327914885,-0.41524161026919326,-0.08480160730145744,-0.49642478795369677
2025-11-30,MDB,0.11575558380188333,-0.19394298398971854,-0.1494219937294633,0.1281716695257804,2024-08-31,2024-07-31,-0.002120248371952127,-0.04590779184334004,-0.16719079824875094,-1.8285423920378134,-1.1330745102922224,-1.0543120581702512,-1.0457799396872596
2025-11-30,NET,1.5373134168666556,-0.15022353617620385,-0.0865295414418099,0.2998502401991612,2024-08-02,2024-06-30,-0.002120248371952127,-0.04590779184334004,2.045925482091163,-0.8158342534480004,-0.7294818688857714,1.1326423962500793,0.4083129390018676
2025-11-30,NOW,-0.12402804171798054,-0.09366476568234161,0.0913589645984012,0.221860465116279,2024-07-26,2024-06-30,-0.002120248371952127,-0.04590779184334004,-0.7518713295932227,0.5238230176261031,0.4120619796550242,0.13915738907792505,0.08079276419145742
2025-11-30,SNOW,0.572540046246002,-0.19219009473032733,-0.4089475071447234,0.2890204712633788,2024-08-30,2024-07-31,-0.002120248371952127,-0.04590779184334004,0.9466174596449958,-1.8098587843576626,-1.8825152245237873,0.9946856825987788,-0.4377677166594188
2025-11-30,VEEV,0.27803381350244427,-0.08088199175264031,0.2462166195145974,0.1456325977381507,2024-09-05,2024-07-31,-0.002120248371952127,-0.04590779184334004,0.22850311688518377,0.8265972096725726,1.405812544568292,-0.8318832798866389,0.4072573978098523
2025-11-30,WDAY,-0.04028163967736753,-0.048717970880245764,0.0532374100719424,0.1669127350755499,2024-08-29,2024-07-31,-0.002120248371952127,-0.04590779184334004,-0.5476668484192692,1.2838715470007949,0.16742882692814373,-0.5608029059170675,0.08570765489815049
2025-11-30,ZS,0.6028850405071775,-0.10758560134530419,-0.0454569988597799,0.3029894111286444,2024-09-13,2024-07-31,-0.002120248371952127,-0.04590779184334004,1.0206096988139681,0.19409256994355814,-0.46591167330580635,1.172631218503739,0.4803554534888647
2025-12-31,ADBE,-0.28008902996402385,-0.06450283894908554,0.3683431952662722,0.1059304703476482,2024-09-26,2024-08-30,0.021155909857427435,0.0014591770139069649,-1.0792275607741042,1.2171058507735937,1.7456132311332806,-1.3546995281200678,0.13219799825317557
2025-12-31,CRM,-0.3070585134734316,-0.06777066015632603,0.1912064343163539,0.0839242124840171,2024-08-30,2024-07-31,0.021155909857427435,0.0014591770139069649,-1.1501406405403165,1.1321805944898076,1.0438216322212308,-1.4818998565777486,-0.11400956760175668
2025-12-31,CRWD,0.48807574880936766,-0.11209431868527354,0.014169931277182,0.3174381446258061,2024-08-30,2024-07-31,0.021155909857427435,0.0014591770139069649,0.9405712318779899,-0.019717817720008947,-0.08599519934046913,1.2600122400108391,0.5237176137070877
2025-12-31,DDOG,0.1198124094780264,-0.10779435237945886,0.0195543323120696,0.2665940407490283,2024-08-10,2024-06-30,0.021155909857427435,0.0014591770139069649,-0.027733835880001823,0.0920311787440078,-0.051632868337194576,0.7090022357529793,0.18041667756994767
2025-12-31,HUBS,-0.4728246092285482,-0.10552327741061228,-0.0375610062300896,0.2042794129319762,2024-08-08,2024-06-30,0.021155909857427435,0.0014591770139069649,-1.3462787299116632,0.15105265254485198,-0.4161332381338007,-0.09142070405763876,-0.4256950048895627
2025-12-31,MDB,0.4276448546138423,-0.19058384177340676,-0.1494219937294633,0.1281716695257804,2024-08-31,2024-07-31,0.021155909857427435,0.0014591770139069649,0.7816753146114995,-1.826580989055571,-1.1300110221066424,-1.0690143422381977,-0.8109827596972279
2025-12-31,NET,0.8593054062634864,-0.17428636481777865,-0.0865295414418099,0.2998502401991612,2024-08-02,2024-06-30,0.021155909857427435,0.0014591770139069649,1.5808648749217509,-1.6359860042760745,-0.7286420956256469,1.1361736056752023,0.08810259517380795
2025-12-31,NOW,-0.23366225975075572,-0.09089822466253215,0.0913589645984012,0.221860465116279,2024-07-26,2024-06-30,0.021155909857427435,0.0014591770139069649,-0.9571538377725994,0.5311335302999207,0.40661207408152106,0.13440552595111543,0.028749323139989444
2025-12-31,SNOW,0.6270966876145201,-0.14130119819676984,-0.4089475071447234,0.2890204712633788,2024-08-30,2024-07-31,0.021155909857427435,0.0014591770139069649,1.3061104131984105,-0.7787562015421325,-1.875322467538427,0.997066693017424,-0.08772539071618127
2025-12-31,VEEV,0.14287749482108358,-0.09760256333123986,0.2462166195145974,0.1456325977381507,2024-09-05,2024-07-31,0.021155909857427435,0.0014591770139069649,0.03291308886277854,0.35689888172375184,1.3948872716648086,-0.8447310883511691,0.2349920384750425
2025-12-31,WDAY,-0.16436074821821123,-0.05248071389071742,0.0532374100719424,0.1669127350755499,2024-08-29,2024-07-31,0.021155909857427435,0.0014591770139069649,-0.7749336772154969,1.3577016465986387,0.16332680121460103,-0.5713906114220308,0.04367603979392798
2025-12-31,ZS,0.39404686489023866,-0.13354030001335018,-0.0454569988597799,0.3029894111286444,2024-09-13,2024-07-31,0.021155909857427435,0.0014591770139069649,0.6933333586217534,-0.5770633225807841,-0.4665241192332615,1.1764958303592983,0.2065604367917515
2026-01-31,ADBE,-0.19993146538367046,-0.06610801253764874,0.3683431952662722,0.1059304703476482,2024-09-26,2024-08-30,0.04698195395146221,0.06635647721614557,-0.805609222110336,1.322480875118652,1.677579132210079,-1.359303098656773,0.20878692164040552
2026-01-31,CRM,-0.21966800519412744,-0.08467288913333793,0.1912064343163539,0.0839242124840171,2024-08-30,2024-07-31,0.04698195395146221,0.06635647721614557,-0.8818736048593807,0.811672083423137,0.9806256249242098,-1.4897398569570963,-0.14482893836728256
2026-01-31,CRWD,0.17758183520676774,-0.11647471078280255,0.014169931277182,0.3174381446258061,2024-08-30,2024-07-31,0.04698195395146221,0.06635647721614557,0.6531479422954604,-0.06334855066237872,-0.1414023454422716,1.3219362586627337,0.4425833262133859
2026-01-31,DDOG,-0.04708850749461946,-0.11566687553097689,0.0293877243426239,0.2602203325443442,2024-11-09,2024-09-30,0.04698195395146221,0.06635647721614557,-0.21500550165621796,-0.04112112853289751,-0.04495449896116004,0.6729541284820951,0.0929682498329549
2026-01-31,HUBS,-0.4852026570997712,-0.11320201846268656,-0.0143806152114089,0.2011704632889552,2024-11-07,2024-09-30,0.04698195395146221,0.06635647721614557,-1.4035450987022913,0.026698910790600834,-0.3223509700451842,-0.10483205816237869,-0.4510073040298133
2026-01-31,MDB,0.5355260910100883,-0.17700276784887803,-0.1494219937294633,0.1281716695257804,2024-08-31,2024-07-31,0.04698195395146221,0.06635647721614557,1.8003156477849616,-1.7154657378721758,-1.178220811874235,-1.0663490631390578,-0.5399299912751268
2026-01-31,NET,0.4244942383736072,-0.17612390495377603,-0.071600299477774,0.2815201294386522,2024-11-08,2024-09-30,0.04698195395146221,0.06635647721614557,1.607247404584452,-1.7045839579131432,-0.6849998311571486,0.9535083111014533,0.042792981653903384
2026-01-31,NOW,-0.24787404359119003,-0.09111924271230135,0.1494458348230246,0.222465034965035,2024-10-25,2024-09-30,0.04698195395146221,0.06635647721614557,-0.9908651570162643,0.6343019799624453,0.7159538770846127,0.1756532995364279,0.1337609998918054
2026-01-31,SNOW,0.2085284956696427,-0.14235667842354424,-0.4089475071447234,0.2890204712633788,2024-08-30,2024-07-31,0.04698195395146221,0.06635647721614557,0.7727295903964594,-0.7754856095394399,-1.918394143557394,1.0523004395167386,-0.21721243079590896
2026-01-31,VEEV,-0.042999224108285716,-0.097117568523278,0.2462166195145974,0.1456325977381507,2024-09-05,2024-07-31,0.04698195395146221,0.06635647721614557,-0.19920401485358044,0.4692592691257637,1.3292710476922607,-0.836359243672472,0.19074176457299297
2026-01-31,WDAY,-0.18041669548869443,-0.050794323793772155,0.0532374100719424,0.1669127350755499,2024-08-29,2024-07-31,0.04698195395146221,0.06635647721614557,-0.7302017852028061,1.5120897347037854,0.10620085043491696,-0.556064010513833,0.08300619735551582
2026-01-31,ZS,0.11022262813910833,-0.13149024345937776,-0.0454569988597799,0.3029894111286444,2024-09-13,2024-07-31,0.04698195395146221,0.06635647721614557,0.3928637993395433,-0.476497868604353,-0.5193079313086851,1.2362948938021618,0.15833822330716674
2026-02-28,ADBE,-0.33133436329696175,-0.07812489195601331,0.3683431952662722,0.1059304703476482,2024-09-26,2024-08-30,0.053118834421004735,0.05523908279295686,-0.9760264031084509,1.3490759315433933,1.760377403886073,-1.5397630885030738,0.14841596095448534
2026-02-28,CRM,-0.2826058451896165,-0.098616373996714,0.2004447268106734,0.0830275229357797,2024-12-05,2024-10-31,0.053118834421004735,0.05523908279295686,-0.7828620016131593,0.6682623733310146,1.0326666467214811,-1.693093543642398,-0.1937566313007654
2026-02-28,CRWD,0.1327952436248956,-0.11130513590536015,-0.055161565585471,0.2851908490179564,2024-11-28,2024-10-31,0.053118834421004735,0.05523908279295686,0.863826751050804,0.2466881247150912,-0.6902154338341988,1.110895457145319,0.3827987247692538
2026-02-28,DDOG,0.10956674335555383,-0.11661485232310759,0.0293877243426239,0.2602203325443442,2024-11-09,2024-09-30,0.053118834421004735,0.05523908279295686,0.7717468043084,0.07027692515981926,-0.12032157412020837,0.7556556692827158,0.3693394561576817
2026-02-28,HUBS,-0.6132543215005548,-0.12468071867914539,-0.0143806152114089,0.2011704632889552,2024-11-07,2024-09-30,0.053118834421004735,0.05523908279295686,-1.564866498083388,-0.19770521312635017,-0.41533656458237955,-0.12284778910277548,-0.5751890162237232
2026-02-28,MDB,0.38851286969314436,-0.1805592039637746,-0.0526583234946871,0.222750139742873,2024-12-11,2024-10-31,0.053118834421004735,0.05523908279295686,1.5113753748685,-1.812615911570081,-0.6733426452143464,0.19819983783801792,-0.19409583601947739
2026-02-28,NET,0.22057813061670184,-0.16733727729055087,-0.071600299477774,0.2815201294386522,2024-11-08,2024-09-30,0.053118834421004735,0.05523908279295686,1.21180632206807,-1.614936206552964,-0.8010186530529889,1.0725394400770167,-0.03290227436521659
2026-02-28,NOW,-0.3707515662759352,-0.11006929608496337,0.1494458348230246,0.222465034965035,2024-10-25,2024-09-30,0.053118834421004735,0.05523908279295686,-1.1322798809030918,0.2877479418544136,0.688915026563635,0.1939582444781808,0.00958533299828438
2026-02-28,SNOW,0.08808577248500105,-0.1422051956715698,-0.3879198890981155,0.2832043673630058,2024-11-28,2024-10-31,0.053118834421004735,0.05523908279295686,0.686594227482497,-0.779942335523158,-1.7604692456402977,1.0975963768652996,-0.18905524420391473
2026-02-28,VEEV,-0.09021148066281715,-0.09520234445178272,0.2593695429250565,0.1341465194929481,2024-12-10,2024-10-31,0.053118834421004735,0.05523908279295686,-0.02019275332990058,0.7816908504763102,1.4298419620543696,-1.119984059883823,0.26783899982923903
2026-02-28,WDAY,-0.33306748946156184,-0.06913970674193458,0.0763888888888889,0.1577579160357511,2024-12-06,2024-10-31,0.053118834421004735,0.05523908279295686,-0.9828966772580426,1.483412538192429,0.19648386679009675,-0.7687098948140901,-0.017927541772401745
2026-02-28,ZS,0.019263103814899818,-0.1332362177752256,-0.0488363019643127,0.2642464410321661,2024-12-06,2024-10-31,0.053118834421004735,0.05523908279295686,0.41377473451776164,-0.48195501849991923,-0.6475807895712363,0.8155533502596122,0.024948069176554566
2026-03-31,ADBE,-0.31580318489476555,-0.0802169217300018,0.3490902604352479,0.1105388272583201,2025-01-14,2024-11-29,0.06380423359855869,0.042648323741131255,-0.7097268433564043,1.2764704828753337,1.7214311572810863,-1.5010731191054587,0.1967754194236393
2026-03-31,CRM,-0.26940789220134054,-0.09545612494475642,0.2004447268106734,0.0830275229357797,2024-12-05,2024-10-31,0.06380423359855869,0.042648323741131255,-0.5802747812413542,0.9496133736449264,1.0463986311252171,-1.6878706427960026,-0.06803335481680334
2026-03-31,CRWD,0.05502304484910492,-0.12167668722195983,-0.055161565585471,0.2851908490179564,2024-11-28,2024-10-31,0.06380423359855869,0.042648323741131255,0.3249518350151271,0.06645031407155871,-0.691205168923688,1.1176869022258227,0.20447097059720512
2026-03-31,DDOG,0.12851527182400213,-0.11036464330991427,0.0293877243426239,0.2602203325443442,2024-11-09,2024-09-30,0.06380423359855869,0.042648323741131255,0.5300097143606325,0.44746347487918336,-0.11644166802049052,0.757403307885338,0.4046087072761658
2026-03-31,HUBS,-0.536995186439338,-0.12479298242171596,-0.0143806152114089,0.2011704632889552,2024-11-07,2024-09-30,0.06380423359855869,0.042648323741131255,-1.1584430398979115,-0.03851298816636586,-0.4139775088559384,-0.13357341950221607,-0.436126739105608
2026-03-31,MDB,0.8726910641431145,-0.18550582092223114,-0.0526583234946871,0.222750139742873,2024-12-11,2024-10-31,0.06380423359855869,0.042648323741131255,2.0774372820105955,-1.7624515943060723,-0.674188205340306,0.1920325428384925,-0.04179249369932258
2026-03-31,NET,0.5279971489124544,-0.16817823390438563,-0.071600299477774,0.2815201294386522,2024-11-08,2024-09-30,0.06380423359855869,0.042648323741131255,1.644643328344058,-1.499818471806101,-0.8029551818497753,1.0787862943375597,0.10516399225643536
2026-03-31,NOW,-0.3216645044266664,-0.10971018913366148,0.1494458348230246,0.222465034965035,2024-10-25,2024-09-30,0.06380423359855869,0.042648323741131255,-0.7260810865580495,0.46950685238342915,0.6997097148027528,0.18773072599920335,0.15771655165683396
2026-03-31,SNOW,0.15223042858863933,-0.14761491243646538,-0.3879198890981155,0.2832043673630058,2024-11-28,2024-10-31,0.06380423359855869,0.042648323741131255,0.5961797020542123,-0.8072030461487941,-1.7706041082935275,1.1041989974121842,-0.21935711374398126
2026-03-31,VEEV,-0.2142209961143875,-0.09925319857375473,0.2593695429250565,0.1341465194929481,2024-12-10,2024-10-31,0.06380423359855869,0.042648323741131255,-0.42629240317140205,0.8217200383243857,1.4469677385509911,-1.1448673453481892,0.17438200708894636
2026-03-31,WDAY,-0.42722564464512747,-0.09028059229620058,0.0763888888888889,0.1577579160357511,2024-12-06,2024-10-31,0.06380423359855869,0.042648323741131255,-1.0206175898794805,1.1239360750613787,0.20307081876814,-0.7886056789629323,-0.12055409375322351
2026-03-31,ZS,-0.25919762700527305,-0.15473951605951025,-0.0488363019643127,0.2642464410321661,2024-12-06,2024-10-31,0.06380423359855869,0.042648323741131255,-0.5517861176800233,-1.0471745108128583,-0.6482062192444604,0.8181514350161947,-0.35725385318028685
2026-04-30,ADBE,-0.3517521075545612,-0.07643756934537561,0.3490902604352479,0.1105388272583201,2025-01-14,2024-11-29,0.08291233283803856,0.03593037888657635,-0.6059431192426226,1.294723158239621,1.7524482387099773,-1.5112317515303475,0.23249913154415708
2026-04-30,CRM,-0.30187236560393005,-0.09309202941725175,0.2004447268106734,0.0830275229357797,2024-12-05,2024-10-31,0.08291233283803856,0.03593037888657635,-0.4592348923575561,0.9183052442744106,1.0756373086198505,-1.7030816510934355,-0.04209349763918263
2026-04-30,CRWD,-0.08967750575455635,-0.11821432451886259,-0.055161565585471,0.2851908490179564,2024-11-28,2024-10-31,0.08291233283803856,0.03593037888657635,0.16488083930438144,-0.011900938556497907,-0.6665442877787877,1.1783587588050393,0.16619859294353378
2026-04-30,DDOG,0.15554031734575924,-0.10019922033282479,0.0127309966966099,0.2511290615264334,2025-02-21,2024-12-31,0.08291233283803856,0.03593037888657635,0.886124988146815,0.6551464482533498,-0.20379678875840038,0.6674461885684506,0.5012302090525538
2026-04-30,HUBS,-0.6008176515069246,-0.11701711949547493,-0.0153602643996256,0.2083861044997981,2025-02-13,2024-12-31,0.08291233283803856,0.03593037888657635,-1.126420885073962,0.03242811300376407,-0.39526342928085706,0.005073456541201434,-0.3710456862024634
2026-04-30,MDB,0.4216762901529183,-0.1701233602760716,-0.0526583234946871,0.222750139742873,2024-12-11,2024-10-31,0.08291233283803856,0.03593037888657635,1.6688944082355355,-1.622422642353213,-0.6494824922298142,0.22766791253455593,-0.09383570345323398
2026-04-30,NET,0.7083954166528752,-0.1545016867894346,-0.0754849482330534,0.2689110637206082,2025-02-21,2024-12-31,0.08291233283803856,0.03593037888657635,2.048383632879372,-1.355517379896158,-0.8050660076209225,0.943007689073211,0.2077019836088756
2026-04-30,NOW,-0.452623513611776,-0.10459930996024766,0.1264795400743997,0.2133771029954863,2025-01-31,2024-12-31,0.08291233283803856,0.03593037888657635,-0.9026300014783933,0.4922238108157988,0.571499535257005,0.082417223540588,0.060877642033749624
2026-04-30,SNOW,-0.054360761617234465,-0.14107357746375762,-0.3879198890981155,0.2832043673630058,2024-11-28,2024-10-31,0.08291233283803856,0.03593037888657635,0.2687558135748628,-0.8583131926213579,-1.7633494658447717,1.1645060420629274,-0.2971002007070848
2026-04-30,VEEV,-0.24832041667613447,-0.09832039908611762,0.2593695429250565,0.1341465194929481,2024-12-10,2024-10-31,0.08291233283803856,0.03593037888657635,-0.30172582823263405,0.7247137840820347,1.4772617336029057,-1.1453915595996684,0.1887145324631595
2026-04-30,WDAY,-0.4697142931879783,-0.0882347580191513,0.0763888888888889,0.1577579160357511,2024-12-06,2024-10-31,0.08291233283803856,0.03593037888657635,-0.9528980636145172,1.0981560050399373,0.23008771073207426,-0.7794939632941673,-0.10103707778416826
2026-04-30,ZS,-0.37971439880660707,-0.15482644958667996,-0.0488363019643127,0.2642464410321661,2024-12-06,2024-10-31,0.08291233283803856,0.03593037888657635,-0.6881868921412821,-1.3675424102816869,-0.6234320554082594,0.8707216543916535,-0.45210992585989374
2026-05-31,ADBE,-0.40711650901076923,-0.0775926763983171,0.3490902604352479,0.1105388272583201,2025-01-14,2024-11-29,0.04611615506557154,-0.0070026793554331945,-0.48106088610409464,1.1945924560417465,1.8005440083374067,-1.5185400285268296,0.24888388743705725
2026-05-31,CRM,-0.3298135140246058,-0.0929345790341935,0.1821274892424697,0.0760202433509207,2025-03-06,2025-01-31,0.04611615506557154,-0.0070026793554331945,-0.2280510500511746,0.7361704920397446,0.9940444972540047,-1.7833246217236662,-0.07029017062027287
2026-05-31,CRWD,-0.05435219759971799,-0.10818264829695316,-0.0805837863165989,0.2522112535267082,2025-03-11,2025-01-31,0.04611615506557154,-0.0070026793554331945,0.6735236239967985,0.20239879163443528,-0.7906226992498654,0.8964345227220883,0.2454335597758642
2026-05-31,DDOG,0.12139468545477405,-0.10434431704593986,0.0127309966966099,0.2511290615264334,2025-02-21,2024-12-31,0.04611615506557154,-0.0070026793554331945,1.2487366552174868,0.3367628585380382,-0.15671069133109597,0.8779872764295894,0.5766940247135046
2026-05-31,HUBS,-0.6240719014597323,-0.10956969103674172,-0.0153602643996256,0.2083861044997981,2025-02-13,2024-12-31,0.04611615506557154,-0.0070026793554331945,-1.0817381149114365,0.15384417471910122,-0.3475420596467079,0.14938287412407975,-0.2815132814287408
2026-05-31,MDB,0.328337655027251,-0.16920346636458625,-0.033847679969657,0.197370317160187,2025-03-22,2025-01-31,0.04611615506557154,-0.0070026793554331945,1.7590735675664726,-1.673760125485054,-0.47313196455564854,-0.038394287514513986,-0.106553202497186
2026-05-31,NET,0.235577804417626,-0.1557030241312839,-0.0754849482330534,0.2689110637206082,2025-02-21,2024-12-31,0.04611615506557154,-0.0070026793554331945,1.6224537694634897,-1.4610925905131433,-0.7559849432242688,1.1811025960460688,0.1466197079430366
2026-05-31,NOW,-0.5632930968275637,-0.0816768998690057,0.1264795400743997,0.2133771029954863,2025-01-31,2024-12-31,0.04611615506557154,-0.0070026793554331945,-0.9922210667142293,1.1302551756196888,0.6160132566016043,0.2344603635825775,0.24712693227241034
2026-05-31,SNOW,-0.3364613096918425,-0.14171982455402565,-0.3918623387415507,0.2737463195382981,2025-03-22,2025-01-31,0.04611615506557154,-0.0070026793554331945,-0.24980903875758798,-0.9715987348097954,-1.7421915998903779,1.218192797895723,-0.4363516438905095
2026-05-31,VEEV,-0.4423668415671872,-0.10141905497053011,0.2613769722258443,0.1431421240751136,2025-03-25,2025-01-31,0.04611615506557154,-0.0070026793554331945,-0.5964339174142863,0.4391641583495549,1.5324072010220047,-0.9627781617101261,0.1030898200617868
2026-05-31,WDAY,-0.5058738112777792,-0.08327393198165096,0.0339213025780189,0.1502163873841395,2025-03-12,2025-01-31,0.04611615506557154,-0.0070026793554331945,-0.8042898743221739,1.0743497011836245,-0.012759337473310524,-0.8421889524326142,-0.14622211576111854
2026-05-31,ZS,-0.5260065763883616,-0.14713285111621696,-0.0619540052477234,0.234097588757312,2025-03-11,2025-01-31,0.04611615506557154,-0.0070026793554331945,-0.8701836679692653,-1.1610863573179475,-0.6640656678437452,0.587665621107627,-0.5269175180058328
2026-06-30,ADBE,-0.3299989966305086,-0.07005268757973328,0.3785439271963598,0.1026630644538788,2025-03-27,2025-02-28,0.037821055602596854,-0.025983177995961837,-0.5890468109363987,1.14653332242932,1.857583679903284,-1.590306961533055,0.20619080746578766
2026-06-30,CRM,-0.29509214591662414,-0.09842574344850182,0.1821274892424697,0.0760202433509207,2025-03-06,2025-01-31,0.037821055602596854,-0.025983177995961837,-0.5104686764041657,0.8496571377250881,0.9731839382246715,-1.7890369462618325,-0.11916613667905968
2026-06-30,CRWD,0.4352751830988786,-0.21208575463939505,-0.0805837863165989,0.2522112535267082,2025-03-11,2025-01-31,0.037821055602596854,-0.025983177995961837,1.1336470505554208,-0.9204294342258049,-0.7873196878268975,0.8885520998763419,0.07861250709476506
2026-06-30,DDOG,0.8413608481492085,-0.26522962062841227,0.0127309966966099,0.2511290615264334,2025-02-21,2024-12-31,0.037821055602596854,-0.025983177995961837,1.746392142301523,-1.7480665476053454,-0.16199055602862356,0.8706140595516972,0.1767372745548128
2026-06-30,HUBS,-0.6036325693055986,-0.11089514758722002,-0.0153602643996256,0.2083861044997981,2025-02-13,2024-12-31,0.037821055602596854,-0.025983177995961837,-1.1447010537375586,0.6554646104244886,-0.3502381556607317,0.1621215863642873,-0.1693382531523786
2026-06-30,MDB,0.5979331349838555,-0.1890751201663454,-0.033847679969657,0.197370317160187,2025-03-22,2025-01-31,0.037821055602596854,-0.025983177995961837,1.4998032108667068,-0.5620728348726018,-0.4741276312003703,-0.020472294809731614,0.11078261249600074
2026-06-30,NET,0.23484657643439277,-0.12715669365157148,-0.0754849482330534,0.2689110637206082,2025-02-21,2024-12-31,0.037821055602596854,-0.025983177995961837,0.6824661019307547,0.4022150811830583,-0.7531509110371347,1.1653623780857696,0.37422316254061194
2026-06-30,NOW,-0.3951345986159811,-0.15598272869883048,0.1264795400743997,0.2133771029954863,2025-01-31,2024-12-31,0.037821055602596854,-0.025983177995961837,-0.7356723010903022,-0.046707781177412956,0.6002710661591817,0.24485065131132058,0.015685408800696778
2026-06-30,SNOW,0.14202081678740908,-0.28207229939852874,-0.3918623387415507,0.2737463195382981,2025-03-22,2025-01-31,0.037821055602596854,-0.025983177995961837,0.473507834988153,-1.8661014628445087,-1.726004784576192,1.201428765766561,-0.4792924116664968
2026-06-30,VEEV,-0.394610772668637,-0.08698027743362576,0.2613769722258443,0.1431421240751136,2025-03-25,2025-01-31,0.037821055602596854,-0.025983177995961837,-0.7344931266612121,1.0279033431440407,1.5042574593669846,-0.9193400687774163,0.21958190176809922
2026-06-30,WDAY,-0.39087498982747393,-0.10888242373927717,0.0339213025780189,0.1502163873841395,2025-03-12,2025-01-31,0.037821055602596854,-0.025983177995961837,-0.7260835783727624,0.6868098075519583,-0.019988237087522173,-0.8020795267735616,-0.21533538367047197
2026-06-30,ZS,-0.5549149689720785,-0.12891739522334847,-0.0619540052477234,0.234097588757312,2025-03-11,2025-01-31,0.037821055602596854,-0.025983177995961837,-1.0953507934401578,0.3747947582677198,-0.6624761802366499,0.5883062571996163,-0.19868148955236792
2026-07-31,ADBE,-0.4268221004973558,-0.08592149853178235,0.3785439271963598,0.1026630644538788,2025-03-27,2025-02-28,0.007821075740944039,-0.07509125709709452,-0.7221770842780131,1.0680127711558516,1.8164560205231115,-1.4726407366572092,0.1724127426859352
2026-07-31,CRM,-0.38843354564593957,-0.10651119243415084,0.1821274892424697,0.0760202433509207,2025-03-06,2025-01-31,0.007821075740944039,-0.07509125709709452,-0.6407617278877092,0.7459457836625933,0.9731991923349008,-1.6721685486273892,-0.1484463251294011
2026-07-31,CRWD,0.6788173490384584,-0.21192746300264312,-0.0805837863165989,0.2522112535267082,2025-03-11,2025-01-31,0.007821075740944039,-0.07509125709709452,1.6226892481887008,-0.9177899596643683,-0.7054045359976794,1.0161700252441341,0.2539161944426968
2026-07-31,DDOG,0.8599799492659963,-0.2648359339887298,-0.0163087795596629,0.2458883637380919,2025-05-08,2025-03-31,0.007821075740944039,-0.07509125709709452,1.7955855182786582,-1.752819636104466,-0.2947169256117452,0.9109432334669313,0.16474804750734462
2026-07-31,HUBS,-0.6487828616718969,-0.11442796379378747,-0.0384800115384022,0.1566582552387863,2025-05-09,2025-03-31,0.007821075740944039,-0.07509125709709452,-1.0260267344514344,0.6209990803525312,-0.43638085907649066,-0.5740420123961644,-0.35386263139288954
2026-07-31,MDB,0.41199711950186657,-0.18926943347328015,-0.033847679969657,0.197370317160187,2025-03-22,2025-01-31,0.007821075740944039,-0.07509125709709452,1.0568105855522802,-0.5601888664169457,-0.4067823996056483,0.10349623448846514,0.04833388850453785
2026-07-31,NET,0.1810478015675525,-0.11918205159685495,-0.1111426525871084,0.2654106423103946,2025-05-09,2025-03-31,0.007821075740944039,-0.07509125709709452,0.5670078018711411,0.5459675338728154,-0.9006615790999667,1.2358368835259173,0.3620376600424767
2026-07-31,NOW,-0.4736618749161723,-0.16267162643257457,0.1460492227979274,0.1863234729158662,2025-04-24,2025-03-31,0.007821075740944039,-0.07509125709709452,-0.8215159873002689,-0.1404081055430002,0.7426757310304459,-0.08034754864771346,-0.07489897761513414
2026-07-31,SNOW,0.13870246085011195,-0.28202645982861063,-0.3918623387415507,0.2737463195382981,2025-03-22,2025-01-31,0.007821075740944039,-0.07509125709709452,0.47720080029676226,-1.8749091528315422,-1.7078126991140834,1.2982626841626437,-0.4518145918715549
2026-07-31,VEEV,-0.375545413096529,-0.08625449393465018,0.2613769722258443,0.1431421240751136,2025-03-25,2025-01-31,0.007821075740944039,-0.07509125709709452,-0.6134282711119321,1.0656477912717486,1.4795667904565564,-0.7989801604805696,0.28320153753395083
2026-07-31,WDAY,-0.4663004814587556,-0.11466537751988094,0.0339213025780189,0.1502163873841395,2025-03-12,2025-01-31,0.007821075740944039,-0.07509125709709452,-0.8059037696957105,0.617252090443592,0.026230102532871006,-0.6812488608561175,-0.21091760939384124
2026-07-31,ZS,-0.5057080995123555,-0.11688057461033256,-0.0619540052477234,0.234097588757312,2025-03-11,2025-01-31,0.007821075740944039,-0.07509125709709452,-0.889480379462474,0.5822906698011906,-0.5863688383722728,0.7147188067770753,-0.044709935314120236
2026-08-31,ADBE,-0.29798151081427615,-0.11506082512587547,0.3785439271963598,0.1026630644538788,2025-03-27,2025-02-28,0.03939936630389851,-0.0067167887616730315,-0.6296981220819867,0.9660829602031721,1.7874827635077974,-1.4869834204632326,0.15922104529143755
2026-08-31,CRM,-0.2757951043965601,-0.12284490880625364,0.1975785939566588,0.0762071608452863,2025-05-30,2025-04-30,0.03939936630389851,-0.0067167887616730315,-0.580916918155154,0.8222611926192251,0.9716924498489568,-1.6986097068221133,-0.12139324562727133
2026-08-31,CRWD,0.8018408790329916,-0.20683946359223573,-0.1129709615618152,0.1980356902444637,2025-06-05,2025-04-30,0.03939936630389851,-0.0067167887616730315,1.7884789937755579,-0.7296549779633258,-0.8108137771780255,0.20836215574653374,0.11409309859518504
2026-08-31,DDOG,0.9605649369352474,-0.265025580546753,-0.0163087795596629,0.2458883637380919,2025-05-08,2025-03-31,0.03939936630389851,-0.0067167887616730315,1.9455228034345544,-1.8047243802026376,-0.2559878620380435,1.058992172952599,0.23595068353661808
2026-08-31,HUBS,-0.5087443466814969,-0.15919223137841748,-0.0384800115384022,0.1566582552387863,2025-05-09,2025-03-31,0.03939936630389851,-0.0067167887616730315,-1.027202931171556,0.15069387732302936,-0.3832472908817972,-0.5271639012356091,-0.44673006149148325
2026-08-31,MDB,0.06929446674636819,-0.18812369839372112,-0.097545782074774,0.2185120327769159,2025-06-05,2025-04-30,0.03939936630389851,-0.0067167887616730315,0.177830777438503,-0.3838551968893225,-0.7222756421201437,0.5723500027999767,-0.08898751469274663
2026-08-31,NET,0.3366872790570037,-0.12323570456512847,-0.1111426525871084,0.2654106423103946,2025-05-09,2025-03-31,0.03939936630389851,-0.0067167887616730315,0.7657467770065459,0.8150406976819252,-0.8003195675601652,1.3283544808577334,0.5272055969965098
2026-08-31,NOW,-0.39381553041529327,-0.1691603663340779,0.1460492227979274,0.1863234729158662,2025-04-24,2025-03-31,0.03939936630389851,-0.0067167887616730315,-0.8404081742314116,-0.03348127388356229,0.6759218607979631,0.0001655619016221147,-0.049450506353847144
2026-08-31,SNOW,0.2288611174016304,-0.28363675997832455,-0.4291988860675921,0.2574667344025465,2025-05-31,2025-04-30,0.03939936630389851,-0.0067167887616730315,0.528669627993432,-1.959464716337264,-1.6276084096566577,1.2648095059974223,-0.4483984980007669
2026-08-31,VEEV,-0.24301638358553412,-0.10140580841072798,0.3079298537764,0.1671389800798037,2025-06-03,2025-04-30,0.03939936630389851,-0.0067167887616730315,-0.5088464154230593,1.0796158979836465,1.6050915460433148,-0.3408583408360676,0.4587506719419586
2026-08-31,WDAY,-0.3053461950866727,-0.15443204132126281,0.0174107142857142,0.1256281407035175,2025-05-24,2025-04-30,0.03939936630389851,-0.0067167887616730315,-0.6458908375035181,0.23864500634047248,-0.06244320327582183,-1.0787557964001817,-0.38711120770976226
2026-08-31,ZS,-0.45425012232366724,-0.12194756250061793,-0.0374774716312161,0.2256557743026495,2025-05-30,2025-04-30,0.03939936630389851,-0.0067167887616730315,-0.9732855810819069,0.8388409131246426,-0.3774928674873771,0.6993372855013205,0.04684993751416977
