date,ticker,model,prediction,target,target_period,label_available_at,train_n,max_training_label
2022-01-31,ADBE,baseline,0.21003867868388768,0.0914212548015365,2022-03-04,2022-03-31,51,2022-01-22
2022-01-31,CRM,baseline,0.23889902992810033,0.2428307898708703,2022-04-30,2022-06-02,51,2022-01-22
2022-01-31,CRWD,baseline,0.6613827387803961,0.610847865065397,2022-04-30,2022-06-04,51,2022-01-22
2022-01-31,DDOG,baseline,0.5333586087905525,0.828415151927232,2022-03-31,2022-05-07,51,2022-01-22
2022-01-31,HUBS,baseline,0.42876149587290396,0.4059993247205586,2022-03-31,2022-05-06,51,2022-01-22
2022-01-31,MDB,baseline,0.3783032649859186,0.5714293578789746,2022-04-30,2022-06-04,51,2022-01-22
2022-01-31,NET,baseline,0.4696169462510751,0.5368295244648871,2022-03-31,2022-05-06,51,2022-01-22
2022-01-31,NOW,baseline,0.30307040234834165,0.2661764705882352,2022-03-31,2022-04-29,51,2022-01-22
2022-01-31,SNOW,baseline,0.8590786211867046,0.845107769730117,2022-04-30,2022-06-04,51,2022-01-22
2022-01-31,VEEV,baseline,0.30244305643077657,0.1649756788360898,2022-04-30,2022-06-04,51,2022-01-22
2022-01-31,WDAY,baseline,0.15459547757696596,0.2209503903294631,2022-04-30,2022-05-27,51,2022-01-22
2022-01-31,ZS,baseline,0.5904316156505129,0.6258531552572504,2022-04-30,2022-06-10,51,2022-01-22
2022-01-31,ADBE,hiring_augmented,0.2233694265822929,0.0914212548015365,2022-03-04,2022-03-31,51,2022-01-22
2022-01-31,CRM,hiring_augmented,0.2574637322226109,0.2428307898708703,2022-04-30,2022-06-02,51,2022-01-22
2022-01-31,CRWD,hiring_augmented,0.6778367201719725,0.610847865065397,2022-04-30,2022-06-04,51,2022-01-22
2022-01-31,DDOG,hiring_augmented,0.5414039010700578,0.828415151927232,2022-03-31,2022-05-07,51,2022-01-22
2022-01-31,HUBS,hiring_augmented,0.44113672866958276,0.4059993247205586,2022-03-31,2022-05-06,51,2022-01-22
2022-01-31,MDB,hiring_augmented,0.3896804230827099,0.5714293578789746,2022-04-30,2022-06-04,51,2022-01-22
2022-01-31,NET,hiring_augmented,0.485769978522996,0.5368295244648871,2022-03-31,2022-05-06,51,2022-01-22
2022-01-31,NOW,hiring_augmented,0.3154097351675117,0.2661764705882352,2022-03-31,2022-04-29,51,2022-01-22
2022-01-31,SNOW,hiring_augmented,0.8812482865955773,0.845107769730117,2022-04-30,2022-06-04,51,2022-01-22
2022-01-31,VEEV,hiring_augmented,0.3209716755835255,0.1649756788360898,2022-04-30,2022-06-04,51,2022-01-22
2022-01-31,WDAY,hiring_augmented,0.17204109052996067,0.2209503903294631,2022-04-30,2022-05-27,51,2022-01-22
2022-01-31,ZS,hiring_augmented,0.6037855544839057,0.6258531552572504,2022-04-30,2022-06-10,51,2022-01-22
2022-02-28,ADBE,baseline,0.2179947395142343,0.0914212548015365,2022-03-04,2022-03-31,54,2022-02-26
2022-02-28,CRM,baseline,0.21443584517694642,0.2428307898708703,2022-04-30,2022-06-02,54,2022-02-26
2022-02-28,CRWD,baseline,0.6538598040162079,0.610847865065397,2022-04-30,2022-06-04,54,2022-02-26
2022-02-28,DDOG,baseline,0.5903207538590263,0.828415151927232,2022-03-31,2022-05-07,54,2022-02-26
2022-02-28,HUBS,baseline,0.4452679631407467,0.4059993247205586,2022-03-31,2022-05-06,54,2022-02-26
2022-02-28,MDB,baseline,0.3904990792090668,0.5714293578789746,2022-04-30,2022-06-04,54,2022-02-26
2022-02-28,NET,baseline,0.4681188427169047,0.5368295244648871,2022-03-31,2022-05-06,54,2022-02-26
2022-02-28,NOW,baseline,0.3036279100727527,0.2661764705882352,2022-03-31,2022-04-29,54,2022-02-26
2022-02-28,SNOW,baseline,0.8547034581300268,0.845107769730117,2022-04-30,2022-06-04,54,2022-02-26
2022-02-28,VEEV,baseline,0.30424903527368335,0.1649756788360898,2022-04-30,2022-06-04,54,2022-02-26
2022-02-28,WDAY,baseline,0.15267386861177842,0.2209503903294631,2022-04-30,2022-05-27,54,2022-02-26
2022-02-28,ZS,baseline,0.5982490210154726,0.6258531552572504,2022-04-30,2022-06-10,54,2022-02-26
2022-02-28,ADBE,hiring_augmented,0.2016278136127948,0.0914212548015365,2022-03-04,2022-03-31,54,2022-02-26
2022-02-28,CRM,hiring_augmented,0.20149020060686948,0.2428307898708703,2022-04-30,2022-06-02,54,2022-02-26
2022-02-28,CRWD,hiring_augmented,0.6408602822298648,0.610847865065397,2022-04-30,2022-06-04,54,2022-02-26
2022-02-28,DDOG,hiring_augmented,0.569880150071484,0.828415151927232,2022-03-31,2022-05-07,54,2022-02-26
2022-02-28,HUBS,hiring_augmented,0.4261865021290393,0.4059993247205586,2022-03-31,2022-05-06,54,2022-02-26
2022-02-28,MDB,hiring_augmented,0.36943722761503295,0.5714293578789746,2022-04-30,2022-06-04,54,2022-02-26
2022-02-28,NET,hiring_augmented,0.4565062684476387,0.5368295244648871,2022-03-31,2022-05-06,54,2022-02-26
2022-02-28,NOW,hiring_augmented,0.28802223811241795,0.2661764705882352,2022-03-31,2022-04-29,54,2022-02-26
2022-02-28,SNOW,hiring_augmented,0.8500438831673872,0.845107769730117,2022-04-30,2022-06-04,54,2022-02-26
2022-02-28,VEEV,hiring_augmented,0.29464868329737715,0.1649756788360898,2022-04-30,2022-06-04,54,2022-02-26
2022-02-28,WDAY,hiring_augmented,0.14036977737897138,0.2209503903294631,2022-04-30,2022-05-27,54,2022-02-26
2022-02-28,ZS,hiring_augmented,0.5835387260796363,0.6258531552572504,2022-04-30,2022-06-10,54,2022-02-26
2022-03-31,ADBE,baseline,0.2213008059354908,0.1436766623207301,2022-06-03,2022-06-30,60,2022-03-19
2022-03-31,CRM,baseline,0.22369370889902007,0.2428307898708703,2022-04-30,2022-06-02,60,2022-03-19
2022-03-31,CRWD,baseline,0.6508592378243248,0.610847865065397,2022-04-30,2022-06-04,60,2022-03-19
2022-03-31,DDOG,baseline,0.5932224949868031,0.7389841104008152,2022-06-30,2022-08-09,60,2022-03-19
2022-03-31,HUBS,baseline,0.4498340040438591,0.3570504652689292,2022-06-30,2022-08-05,60,2022-03-19
2022-03-31,MDB,baseline,0.42349544436527964,0.5714293578789746,2022-04-30,2022-06-04,60,2022-03-19
2022-03-31,NET,baseline,0.478597246936477,0.5385427874143858,2022-06-30,2022-08-05,60,2022-03-19
2022-03-31,NOW,baseline,0.3057590491697167,0.2434350603264727,2022-06-30,2022-07-29,60,2022-03-19
2022-03-31,SNOW,baseline,0.866910608438071,0.845107769730117,2022-04-30,2022-06-04,60,2022-03-19
2022-03-31,VEEV,baseline,0.30648268242462545,0.1649756788360898,2022-04-30,2022-06-04,60,2022-03-19
2022-03-31,WDAY,baseline,0.16609370832501336,0.2209503903294631,2022-04-30,2022-05-27,60,2022-03-19
2022-03-31,ZS,baseline,0.6099567018397862,0.6258531552572504,2022-04-30,2022-06-10,60,2022-03-19
2022-03-31,ADBE,hiring_augmented,0.19457726627458333,0.1436766623207301,2022-06-03,2022-06-30,60,2022-03-19
2022-03-31,CRM,hiring_augmented,0.19963378184864972,0.2428307898708703,2022-04-30,2022-06-02,60,2022-03-19
2022-03-31,CRWD,hiring_augmented,0.6281639631436462,0.610847865065397,2022-04-30,2022-06-04,60,2022-03-19
2022-03-31,DDOG,hiring_augmented,0.5660452614220067,0.7389841104008152,2022-06-30,2022-08-09,60,2022-03-19
2022-03-31,HUBS,hiring_augmented,0.4215739076507986,0.3570504652689292,2022-06-30,2022-08-05,60,2022-03-19
2022-03-31,MDB,hiring_augmented,0.3949163050343702,0.5714293578789746,2022-04-30,2022-06-04,60,2022-03-19
2022-03-31,NET,hiring_augmented,0.4553329199718858,0.5385427874143858,2022-06-30,2022-08-05,60,2022-03-19
2022-03-31,NOW,hiring_augmented,0.2810865806026854,0.2434350603264727,2022-06-30,2022-07-29,60,2022-03-19
2022-03-31,SNOW,hiring_augmented,0.8530625184269316,0.845107769730117,2022-04-30,2022-06-04,60,2022-03-19
2022-03-31,VEEV,hiring_augmented,0.2878274041835304,0.1649756788360898,2022-04-30,2022-06-04,60,2022-03-19
2022-03-31,WDAY,hiring_augmented,0.1428467121869062,0.2209503903294631,2022-04-30,2022-05-27,60,2022-03-19
2022-03-31,ZS,hiring_augmented,0.5854870134611353,0.6258531552572504,2022-04-30,2022-06-10,60,2022-03-19
2022-04-30,ADBE,baseline,0.1959058385540348,0.1436766623207301,2022-06-03,2022-06-30,64,2022-04-29
2022-04-30,CRM,baseline,0.22082833429678253,0.2176656151419558,2022-07-31,2022-08-26,64,2022-04-29
2022-04-30,CRWD,baseline,0.6469932494201673,0.5847463650093281,2022-07-31,2022-09-01,64,2022-04-29
2022-04-30,DDOG,baseline,0.5765910510795804,0.7389841104008152,2022-06-30,2022-08-09,64,2022-04-29
2022-04-30,HUBS,baseline,0.4525451252961431,0.3570504652689292,2022-06-30,2022-08-05,64,2022-04-29
2022-04-30,MDB,baseline,0.42289066315898544,0.5278721188244351,2022-07-31,2022-09-03,64,2022-04-29
2022-04-30,NET,baseline,0.46887162380404906,0.5385427874143858,2022-06-30,2022-08-05,64,2022-04-29
2022-04-30,NOW,baseline,0.3175296117976624,0.2434350603264727,2022-06-30,2022-07-29,64,2022-04-29
2022-04-30,SNOW,baseline,0.9795789487490425,0.8267878529599777,2022-07-31,2022-09-02,64,2022-04-29
2022-04-30,VEEV,baseline,0.29589185714069044,0.1725747046712642,2022-07-31,2022-09-03,64,2022-04-29
2022-04-30,WDAY,baseline,0.15854409122484642,0.2185381807275852,2022-07-31,2022-08-26,64,2022-04-29
2022-04-30,ZS,baseline,0.6200276337488823,0.6139064513837442,2022-07-31,2022-09-16,64,2022-04-29
2022-04-30,ADBE,hiring_augmented,0.12170000359277405,0.1436766623207301,2022-06-03,2022-06-30,64,2022-04-29
2022-04-30,CRM,hiring_augmented,0.14614457361793043,0.2176656151419558,2022-07-31,2022-08-26,64,2022-04-29
2022-04-30,CRWD,hiring_augmented,0.5741614252541205,0.5847463650093281,2022-07-31,2022-09-01,64,2022-04-29
2022-04-30,DDOG,hiring_augmented,0.4965856348980955,0.7389841104008152,2022-06-30,2022-08-09,64,2022-04-29
2022-04-30,HUBS,hiring_augmented,0.37432807684687164,0.3570504652689292,2022-06-30,2022-08-05,64,2022-04-29
2022-04-30,MDB,hiring_augmented,0.3444905705898087,0.5278721188244351,2022-07-31,2022-09-03,64,2022-04-29
2022-04-30,NET,hiring_augmented,0.3921322616826563,0.5385427874143858,2022-06-30,2022-08-05,64,2022-04-29
2022-04-30,NOW,hiring_augmented,0.24593900800985252,0.2434350603264727,2022-06-30,2022-07-29,64,2022-04-29
2022-04-30,SNOW,hiring_augmented,0.9049472197090811,0.8267878529599777,2022-07-31,2022-09-02,64,2022-04-29
2022-04-30,VEEV,hiring_augmented,0.22424586358533696,0.1725747046712642,2022-07-31,2022-09-03,64,2022-04-29
2022-04-30,WDAY,hiring_augmented,0.08564409192248693,0.2185381807275852,2022-07-31,2022-08-26,64,2022-04-29
2022-04-30,ZS,hiring_augmented,0.5436060856043615,0.6139064513837442,2022-07-31,2022-09-16,64,2022-04-29
2022-05-31,ADBE,baseline,0.2263465262965839,0.1436766623207301,2022-06-03,2022-06-30,68,2022-05-27
2022-05-31,CRM,baseline,0.2314783957387823,0.2176656151419558,2022-07-31,2022-08-26,68,2022-05-27
2022-05-31,CRWD,baseline,0.6099384377053714,0.5847463650093281,2022-07-31,2022-09-01,68,2022-05-27
2022-05-31,DDOG,baseline,0.6234031165607568,0.7389841104008152,2022-06-30,2022-08-09,68,2022-05-27
2022-05-31,HUBS,baseline,0.451128442168747,0.3570504652689292,2022-06-30,2022-08-05,68,2022-05-27
2022-05-31,MDB,baseline,0.4242578742591163,0.5278721188244351,2022-07-31,2022-09-03,68,2022-05-27
2022-05-31,NET,baseline,0.48577900028550053,0.5385427874143858,2022-06-30,2022-08-05,68,2022-05-27
2022-05-31,NOW,baseline,0.32155385360133115,0.2434350603264727,2022-06-30,2022-07-29,68,2022-05-27
2022-05-31,SNOW,baseline,0.9796637342785711,0.8267878529599777,2022-07-31,2022-09-02,68,2022-05-27
2022-05-31,VEEV,baseline,0.2902634964489014,0.1725747046712642,2022-07-31,2022-09-03,68,2022-05-27
2022-05-31,WDAY,baseline,0.18406410113607374,0.2185381807275852,2022-07-31,2022-08-26,68,2022-05-27
2022-05-31,ZS,baseline,0.6515916939269293,0.6139064513837442,2022-07-31,2022-09-16,68,2022-05-27
2022-05-31,ADBE,hiring_augmented,0.21414179214611878,0.1436766623207301,2022-06-03,2022-06-30,68,2022-05-27
2022-05-31,CRM,hiring_augmented,0.21568958820453935,0.2176656151419558,2022-07-31,2022-08-26,68,2022-05-27
2022-05-31,CRWD,hiring_augmented,0.5925099922445168,0.5847463650093281,2022-07-31,2022-09-01,68,2022-05-27
2022-05-31,DDOG,hiring_augmented,0.6015038125462021,0.7389841104008152,2022-06-30,2022-08-09,68,2022-05-27
2022-05-31,HUBS,hiring_augmented,0.43173201787901516,0.3570504652689292,2022-06-30,2022-08-05,68,2022-05-27
2022-05-31,MDB,hiring_augmented,0.4056210310240066,0.5278721188244351,2022-07-31,2022-09-03,68,2022-05-27
2022-05-31,NET,hiring_augmented,0.4654886771741066,0.5385427874143858,2022-06-30,2022-08-05,68,2022-05-27
2022-05-31,NOW,hiring_augmented,0.3049101633891954,0.2434350603264727,2022-06-30,2022-07-29,68,2022-05-27
2022-05-31,SNOW,hiring_augmented,0.9588486092734387,0.8267878529599777,2022-07-31,2022-09-02,68,2022-05-27
2022-05-31,VEEV,hiring_augmented,0.27504536136820323,0.1725747046712642,2022-07-31,2022-09-03,68,2022-05-27
2022-05-31,WDAY,hiring_augmented,0.16947776989788021,0.2185381807275852,2022-07-31,2022-08-26,68,2022-05-27
2022-05-31,ZS,hiring_augmented,0.6327958369157348,0.6139064513837442,2022-07-31,2022-09-16,68,2022-05-27
2022-06-30,ADBE,baseline,0.22314981997279681,0.126556543837357,2022-09-02,2022-09-29,74,2022-06-10
2022-06-30,CRM,baseline,0.23495856013828048,0.2176656151419558,2022-07-31,2022-08-26,74,2022-06-10
2022-06-30,CRWD,baseline,0.6044815179899085,0.5847463650093281,2022-07-31,2022-09-01,74,2022-06-10
2022-06-30,DDOG,baseline,0.6344492108055021,0.6138719647452013,2022-09-30,2022-11-05,74,2022-06-10
2022-06-30,HUBS,baseline,0.44450376350530263,0.3088577367001281,2022-09-30,2022-11-03,74,2022-06-10
2022-06-30,MDB,baseline,0.45176379588142784,0.5278721188244351,2022-07-31,2022-09-03,74,2022-06-10
2022-06-30,NET,baseline,0.4817870950383941,0.4729412174276315,2022-09-30,2022-11-04,74,2022-06-10
2022-06-30,NOW,baseline,0.3214160184462179,0.210978835978836,2022-09-30,2022-10-28,74,2022-06-10
2022-06-30,SNOW,baseline,0.9238783502719916,0.8267878529599777,2022-07-31,2022-09-02,74,2022-06-10
2022-06-30,VEEV,baseline,0.2719202983038256,0.1725747046712642,2022-07-31,2022-09-03,74,2022-06-10
2022-06-30,WDAY,baseline,0.18928914169119462,0.2185381807275852,2022-07-31,2022-08-26,74,2022-06-10
2022-06-30,ZS,baseline,0.6460092822917993,0.6139064513837442,2022-07-31,2022-09-16,74,2022-06-10
2022-06-30,ADBE,hiring_augmented,0.19704510976975312,0.126556543837357,2022-09-02,2022-09-29,74,2022-06-10
2022-06-30,CRM,hiring_augmented,0.2062517930173371,0.2176656151419558,2022-07-31,2022-08-26,74,2022-06-10
2022-06-30,CRWD,hiring_augmented,0.5737407603677153,0.5847463650093281,2022-07-31,2022-09-01,74,2022-06-10
2022-06-30,DDOG,hiring_augmented,0.5974964598854071,0.6138719647452013,2022-09-30,2022-11-05,74,2022-06-10
2022-06-30,HUBS,hiring_augmented,0.4122069017373,0.3088577367001281,2022-09-30,2022-11-03,74,2022-06-10
2022-06-30,MDB,hiring_augmented,0.4182873070093159,0.5278721188244351,2022-07-31,2022-09-03,74,2022-06-10
2022-06-30,NET,hiring_augmented,0.4469240884237128,0.4729412174276315,2022-09-30,2022-11-04,74,2022-06-10
2022-06-30,NOW,hiring_augmented,0.29085339106207164,0.210978835978836,2022-09-30,2022-10-28,74,2022-06-10
2022-06-30,SNOW,hiring_augmented,0.8934598542755103,0.8267878529599777,2022-07-31,2022-09-02,74,2022-06-10
2022-06-30,VEEV,hiring_augmented,0.24368263165745446,0.1725747046712642,2022-07-31,2022-09-03,74,2022-06-10
2022-06-30,WDAY,hiring_augmented,0.16031076676966227,0.2185381807275852,2022-07-31,2022-08-26,74,2022-06-10
2022-06-30,ZS,hiring_augmented,0.6146778037236372,0.6139064513837442,2022-07-31,2022-09-16,74,2022-06-10
2022-07-31,ADBE,baseline,0.2133218009383962,0.126556543837357,2022-09-02,2022-09-29,76,2022-07-29
2022-07-31,CRM,baseline,0.23213044244126887,0.1419204429549758,2022-10-31,2022-12-02,76,2022-07-29
2022-07-31,CRWD,baseline,0.5979434362839059,0.5284317104809617,2022-10-31,2022-12-01,76,2022-07-29
2022-07-31,DDOG,baseline,0.6292007262130986,0.6138719647452013,2022-09-30,2022-11-05,76,2022-07-29
2022-07-31,HUBS,baseline,0.4597223590716915,0.3088577367001281,2022-09-30,2022-11-03,76,2022-07-29
2022-07-31,MDB,baseline,0.44810594925799785,0.4703891261519748,2022-10-31,2022-12-09,76,2022-07-29
2022-07-31,NET,baseline,0.4883522832653045,0.4729412174276315,2022-09-30,2022-11-04,76,2022-07-29
2022-07-31,NOW,baseline,0.2868025933021641,0.210978835978836,2022-09-30,2022-10-28,76,2022-07-29
2022-07-31,SNOW,baseline,0.9224044210645539,0.6655493794122131,2022-10-31,2022-12-03,76,2022-07-29
2022-07-31,VEEV,baseline,0.2681221402857378,0.160130725818139,2022-10-31,2022-12-08,76,2022-07-29
2022-07-31,WDAY,baseline,0.1873790723876256,0.2048124599269323,2022-10-31,2022-11-30,76,2022-07-29
2022-07-31,ZS,baseline,0.6425153440543488,0.5423938364632543,2022-10-31,2022-12-08,76,2022-07-29
2022-07-31,ADBE,hiring_augmented,0.1664057788862059,0.126556543837357,2022-09-02,2022-09-29,76,2022-07-29
2022-07-31,CRM,hiring_augmented,0.17949212029305556,0.1419204429549758,2022-10-31,2022-12-02,76,2022-07-29
2022-07-31,CRWD,hiring_augmented,0.546757710468031,0.5284317104809617,2022-10-31,2022-12-01,76,2022-07-29
2022-07-31,DDOG,hiring_augmented,0.5655865290537265,0.6138719647452013,2022-09-30,2022-11-05,76,2022-07-29
2022-07-31,HUBS,hiring_augmented,0.4074010636802142,0.3088577367001281,2022-09-30,2022-11-03,76,2022-07-29
2022-07-31,MDB,hiring_augmented,0.3921341116870096,0.4703891261519748,2022-10-31,2022-12-09,76,2022-07-29
2022-07-31,NET,hiring_augmented,0.434642355323641,0.4729412174276315,2022-09-30,2022-11-04,76,2022-07-29
2022-07-31,NOW,hiring_augmented,0.23710955461760613,0.210978835978836,2022-09-30,2022-10-28,76,2022-07-29
2022-07-31,SNOW,hiring_augmented,0.8718205941241006,0.6655493794122131,2022-10-31,2022-12-03,76,2022-07-29
2022-07-31,VEEV,hiring_augmented,0.21685702848297922,0.160130725818139,2022-10-31,2022-12-08,76,2022-07-29
2022-07-31,WDAY,hiring_augmented,0.13417362076602551,0.2048124599269323,2022-10-31,2022-11-30,76,2022-07-29
2022-07-31,ZS,hiring_augmented,0.5907630659092697,0.5423938364632543,2022-10-31,2022-12-08,76,2022-07-29
2022-08-31,ADBE,baseline,0.21402021728494325,0.126556543837357,2022-09-02,2022-09-29,81,2022-08-26
2022-08-31,CRM,baseline,0.2273103606328014,0.1419204429549758,2022-10-31,2022-12-02,81,2022-08-26
2022-08-31,CRWD,baseline,0.6105122890578001,0.5284317104809617,2022-10-31,2022-12-01,81,2022-08-26
2022-08-31,DDOG,baseline,0.6496882980776769,0.6138719647452013,2022-09-30,2022-11-05,81,2022-08-26
2022-08-31,HUBS,baseline,0.45089836902955027,0.3088577367001281,2022-09-30,2022-11-03,81,2022-08-26
2022-08-31,MDB,baseline,0.4500684940734816,0.4703891261519748,2022-10-31,2022-12-09,81,2022-08-26
2022-08-31,NET,baseline,0.49871905626672075,0.4729412174276315,2022-09-30,2022-11-04,81,2022-08-26
2022-08-31,NOW,baseline,0.28917066684610615,0.210978835978836,2022-09-30,2022-10-28,81,2022-08-26
2022-08-31,SNOW,baseline,0.8539625169638171,0.6655493794122131,2022-10-31,2022-12-03,81,2022-08-26
2022-08-31,VEEV,baseline,0.253649134953442,0.160130725818139,2022-10-31,2022-12-08,81,2022-08-26
2022-08-31,WDAY,baseline,0.18085140899955446,0.2048124599269323,2022-10-31,2022-11-30,81,2022-08-26
2022-08-31,ZS,baseline,0.61827734043543,0.5423938364632543,2022-10-31,2022-12-08,81,2022-08-26
2022-08-31,ADBE,hiring_augmented,0.18953612544003207,0.126556543837357,2022-09-02,2022-09-29,81,2022-08-26
2022-08-31,CRM,hiring_augmented,0.20241819789696314,0.1419204429549758,2022-10-31,2022-12-02,81,2022-08-26
2022-08-31,CRWD,hiring_augmented,0.5799416732820485,0.5284317104809617,2022-10-31,2022-12-01,81,2022-08-26
2022-08-31,DDOG,hiring_augmented,0.6143955265967044,0.6138719647452013,2022-09-30,2022-11-05,81,2022-08-26
2022-08-31,HUBS,hiring_augmented,0.42250242714942854,0.3088577367001281,2022-09-30,2022-11-03,81,2022-08-26
2022-08-31,MDB,hiring_augmented,0.41933660406210455,0.4703891261519748,2022-10-31,2022-12-09,81,2022-08-26
2022-08-31,NET,hiring_augmented,0.4675949950258657,0.4729412174276315,2022-09-30,2022-11-04,81,2022-08-26
2022-08-31,NOW,hiring_augmented,0.2608928606980534,0.210978835978836,2022-09-30,2022-10-28,81,2022-08-26
2022-08-31,SNOW,hiring_augmented,0.8233604731336496,0.6655493794122131,2022-10-31,2022-12-03,81,2022-08-26
2022-08-31,VEEV,hiring_augmented,0.22796386411166802,0.160130725818139,2022-10-31,2022-12-08,81,2022-08-26
2022-08-31,WDAY,hiring_augmented,0.1545343739908734,0.2048124599269323,2022-10-31,2022-11-30,81,2022-08-26
2022-08-31,ZS,hiring_augmented,0.5908363716845986,0.5423938364632543,2022-10-31,2022-12-08,81,2022-08-26
2022-09-30,ADBE,baseline,0.1993393456932521,0.1009732360097324,2022-12-02,2023-01-18,87,2022-09-29
2022-09-30,CRM,baseline,0.22443845950378669,0.1419204429549758,2022-10-31,2022-12-02,87,2022-09-29
2022-09-30,CRWD,baseline,0.6015239859842437,0.5284317104809617,2022-10-31,2022-12-01,87,2022-09-29
2022-09-30,DDOG,baseline,0.6471761020589097,0.4390002391185721,2022-12-31,2023-02-25,87,2022-09-29
2022-09-30,HUBS,baseline,0.44051277831914476,0.2717155552667278,2022-12-31,2023-02-17,87,2022-09-29
2022-09-30,MDB,baseline,0.45512274271958564,0.4703891261519748,2022-10-31,2022-12-09,87,2022-09-29
2022-09-30,NET,baseline,0.4847771121534346,0.4189342755015599,2022-12-31,2023-02-25,87,2022-09-29
2022-09-30,NOW,baseline,0.28460237605960004,0.2019826517967782,2022-12-31,2023-02-01,87,2022-09-29
2022-09-30,SNOW,baseline,0.8223746093349523,0.6655493794122131,2022-10-31,2022-12-03,87,2022-09-29
2022-09-30,VEEV,baseline,0.2381933107792079,0.160130725818139,2022-10-31,2022-12-08,87,2022-09-29
2022-09-30,WDAY,baseline,0.17703600057335925,0.2048124599269323,2022-10-31,2022-11-30,87,2022-09-29
2022-09-30,ZS,baseline,0.6027902031189053,0.5423938364632543,2022-10-31,2022-12-08,87,2022-09-29
2022-09-30,ADBE,hiring_augmented,0.16231409295350502,0.1009732360097324,2022-12-02,2023-01-18,87,2022-09-29
2022-09-30,CRM,hiring_augmented,0.18545242424789832,0.1419204429549758,2022-10-31,2022-12-02,87,2022-09-29
2022-09-30,CRWD,hiring_augmented,0.5625003378503797,0.5284317104809617,2022-10-31,2022-12-01,87,2022-09-29
2022-09-30,DDOG,hiring_augmented,0.5992007083788565,0.4390002391185721,2022-12-31,2023-02-25,87,2022-09-29
2022-09-30,HUBS,hiring_augmented,0.40218398637920955,0.2717155552667278,2022-12-31,2023-02-17,87,2022-09-29
2022-09-30,MDB,hiring_augmented,0.41418147912776576,0.4703891261519748,2022-10-31,2022-12-09,87,2022-09-29
2022-09-30,NET,hiring_augmented,0.4473444112211047,0.4189342755015599,2022-12-31,2023-02-25,87,2022-09-29
2022-09-30,NOW,hiring_augmented,0.24220811918693058,0.2019826517967782,2022-12-31,2023-02-01,87,2022-09-29
2022-09-30,SNOW,hiring_augmented,0.7851258636161922,0.6655493794122131,2022-10-31,2022-12-03,87,2022-09-29
2022-09-30,VEEV,hiring_augmented,0.20010031738127637,0.160130725818139,2022-10-31,2022-12-08,87,2022-09-29
2022-09-30,WDAY,hiring_augmented,0.13664078277302752,0.2048124599269323,2022-10-31,2022-11-30,87,2022-09-29
2022-09-30,ZS,hiring_augmented,0.5692731398404246,0.5423938364632543,2022-10-31,2022-12-08,87,2022-09-29
2022-10-31,ADBE,baseline,0.19889803284057447,0.1009732360097324,2022-12-02,2023-01-18,88,2022-10-28
2022-10-31,CRM,baseline,0.22396780193586774,0.1444171444171444,2023-01-31,2023-03-09,88,2022-10-28
2022-10-31,CRWD,baseline,0.6007512264442258,0.4787754344446764,2023-01-31,2023-03-10,88,2022-10-28
2022-10-31,DDOG,baseline,0.6619616572161925,0.4390002391185721,2022-12-31,2023-02-25,88,2022-10-28
2022-10-31,HUBS,baseline,0.45654532594177105,0.2717155552667278,2022-12-31,2023-02-17,88,2022-10-28
2022-10-31,MDB,baseline,0.45528406239473485,0.3557978791267346,2023-01-31,2023-03-18,88,2022-10-28
2022-10-31,NET,baseline,0.4719113887100425,0.4189342755015599,2022-12-31,2023-02-25,88,2022-10-28
2022-10-31,NOW,baseline,0.2921969964537726,0.2019826517967782,2022-12-31,2023-02-01,88,2022-10-28
2022-10-31,SNOW,baseline,0.8221422655130821,0.5347887037683636,2023-01-31,2023-03-30,88,2022-10-28
2022-10-31,VEEV,baseline,0.2381116815578457,0.1604328742180725,2023-01-31,2023-03-31,88,2022-10-28
2022-10-31,WDAY,baseline,0.17688339918243648,0.1962872990485713,2023-01-31,2023-02-28,88,2022-10-28
2022-10-31,ZS,baseline,0.601296057613849,0.51664364559815,2023-01-31,2023-03-09,88,2022-10-28
2022-10-31,ADBE,hiring_augmented,0.15744750041597438,0.1009732360097324,2022-12-02,2023-01-18,88,2022-10-28
2022-10-31,CRM,hiring_augmented,0.17959618624073537,0.1444171444171444,2023-01-31,2023-03-09,88,2022-10-28
2022-10-31,CRWD,hiring_augmented,0.5573909588041681,0.4787754344446764,2023-01-31,2023-03-10,88,2022-10-28
2022-10-31,DDOG,hiring_augmented,0.6138651477489871,0.4390002391185721,2022-12-31,2023-02-25,88,2022-10-28
2022-10-31,HUBS,hiring_augmented,0.4171822687903169,0.2717155552667278,2022-12-31,2023-02-17,88,2022-10-28
2022-10-31,MDB,hiring_augmented,0.41022135695136186,0.3557978791267346,2023-01-31,2023-03-18,88,2022-10-28
2022-10-31,NET,hiring_augmented,0.4326178356134385,0.4189342755015599,2022-12-31,2023-02-25,88,2022-10-28
2022-10-31,NOW,hiring_augmented,0.24860903920723335,0.2019826517967782,2022-12-31,2023-02-01,88,2022-10-28
2022-10-31,SNOW,hiring_augmented,0.7801332440919688,0.5347887037683636,2023-01-31,2023-03-30,88,2022-10-28
2022-10-31,VEEV,hiring_augmented,0.19484890064820293,0.1604328742180725,2023-01-31,2023-03-31,88,2022-10-28
2022-10-31,WDAY,hiring_augmented,0.13103472964633114,0.1962872990485713,2023-01-31,2023-02-28,88,2022-10-28
2022-10-31,ZS,hiring_augmented,0.5638351222365166,0.51664364559815,2023-01-31,2023-03-09,88,2022-10-28
2022-11-30,ADBE,baseline,0.19427044753437092,0.1009732360097324,2022-12-02,2023-01-18,91,2022-11-05
2022-11-30,CRM,baseline,0.22378168406668544,0.1444171444171444,2023-01-31,2023-03-09,91,2022-11-05
2022-11-30,CRWD,baseline,0.6085539889776823,0.4787754344446764,2023-01-31,2023-03-10,91,2022-11-05
2022-11-30,DDOG,baseline,0.6534624762249792,0.4390002391185721,2022-12-31,2023-02-25,91,2022-11-05
2022-11-30,HUBS,baseline,0.4344345190208145,0.2717155552667278,2022-12-31,2023-02-17,91,2022-11-05
2022-11-30,MDB,baseline,0.4661310382029882,0.3557978791267346,2023-01-31,2023-03-18,91,2022-11-05
2022-11-30,NET,baseline,0.46140698391018065,0.4189342755015599,2022-12-31,2023-02-25,91,2022-11-05
2022-11-30,NOW,baseline,0.2885647535361999,0.2019826517967782,2022-12-31,2023-02-01,91,2022-11-05
2022-11-30,SNOW,baseline,0.7472807270014992,0.5347887037683636,2023-01-31,2023-03-30,91,2022-11-05
2022-11-30,VEEV,baseline,0.24327473811727182,0.1604328742180725,2023-01-31,2023-03-31,91,2022-11-05
2022-11-30,WDAY,baseline,0.16658847624241893,0.1962872990485713,2023-01-31,2023-02-28,91,2022-11-05
2022-11-30,ZS,baseline,0.6238326514743642,0.51664364559815,2023-01-31,2023-03-09,91,2022-11-05
2022-11-30,ADBE,hiring_augmented,0.1471722015369747,0.1009732360097324,2022-12-02,2023-01-18,91,2022-11-05
2022-11-30,CRM,hiring_augmented,0.17279564425091812,0.1444171444171444,2023-01-31,2023-03-09,91,2022-11-05
2022-11-30,CRWD,hiring_augmented,0.559865277965442,0.4787754344446764,2023-01-31,2023-03-10,91,2022-11-05
2022-11-30,DDOG,hiring_augmented,0.6063593756964871,0.4390002391185721,2022-12-31,2023-02-25,91,2022-11-05
2022-11-30,HUBS,hiring_augmented,0.39467848390442567,0.2717155552667278,2022-12-31,2023-02-17,91,2022-11-05
2022-11-30,MDB,hiring_augmented,0.41858428505903494,0.3557978791267346,2023-01-31,2023-03-18,91,2022-11-05
2022-11-30,NET,hiring_augmented,0.42403313093433637,0.4189342755015599,2022-12-31,2023-02-25,91,2022-11-05
2022-11-30,NOW,hiring_augmented,0.23828264328283283,0.2019826517967782,2022-12-31,2023-02-01,91,2022-11-05
2022-11-30,SNOW,hiring_augmented,0.7000812375064559,0.5347887037683636,2023-01-31,2023-03-30,91,2022-11-05
2022-11-30,VEEV,hiring_augmented,0.19316317215886344,0.1604328742180725,2023-01-31,2023-03-31,91,2022-11-05
2022-11-30,WDAY,hiring_augmented,0.11541712329519638,0.1962872990485713,2023-01-31,2023-02-28,91,2022-11-05
2022-11-30,ZS,hiring_augmented,0.5827367559843075,0.51664364559815,2023-01-31,2023-03-09,91,2022-11-05
2022-12-31,ADBE,baseline,0.18859643633908554,0.0922102299389957,2023-03-03,2023-03-30,98,2022-12-09
2022-12-31,CRM,baseline,0.21278516856241728,0.1444171444171444,2023-01-31,2023-03-09,98,2022-12-09
2022-12-31,CRWD,baseline,0.5954201755224813,0.4787754344446764,2023-01-31,2023-03-10,98,2022-12-09
2022-12-31,DDOG,baseline,0.6468208390457325,0.3269261493540478,2023-03-31,2023-05-06,98,2022-12-09
2022-12-31,HUBS,baseline,0.4253688347605956,0.268001183016135,2023-03-31,2023-05-04,98,2022-12-09
2022-12-31,MDB,baseline,0.460857496883858,0.3557978791267346,2023-01-31,2023-03-18,98,2022-12-09
2022-12-31,NET,baseline,0.4505519195292315,0.3676726352354513,2023-03-31,2023-04-28,98,2022-12-09
2022-12-31,NOW,baseline,0.28452495215092083,0.2171893147502903,2023-03-31,2023-04-28,98,2022-12-09
2022-12-31,SNOW,baseline,0.7126025335688895,0.5347887037683636,2023-01-31,2023-03-30,98,2022-12-09
2022-12-31,VEEV,baseline,0.23292684105986966,0.1604328742180725,2023-01-31,2023-03-31,98,2022-12-09
2022-12-31,WDAY,baseline,0.16679433624302262,0.1962872990485713,2023-01-31,2023-02-28,98,2022-12-09
2022-12-31,ZS,baseline,0.6083697546948107,0.51664364559815,2023-01-31,2023-03-09,98,2022-12-09
2022-12-31,ADBE,hiring_augmented,0.13672591374267698,0.0922102299389957,2023-03-03,2023-03-30,98,2022-12-09
2022-12-31,CRM,hiring_augmented,0.1607418674310488,0.1444171444171444,2023-01-31,2023-03-09,98,2022-12-09
2022-12-31,CRWD,hiring_augmented,0.5513903169511504,0.4787754344446764,2023-01-31,2023-03-10,98,2022-12-09
2022-12-31,DDOG,hiring_augmented,0.59809015250504,0.3269261493540478,2023-03-31,2023-05-06,98,2022-12-09
2022-12-31,HUBS,hiring_augmented,0.38231307919274127,0.268001183016135,2023-03-31,2023-05-04,98,2022-12-09
2022-12-31,MDB,hiring_augmented,0.41785776508885747,0.3557978791267346,2023-01-31,2023-03-18,98,2022-12-09
2022-12-31,NET,hiring_augmented,0.4134687404783552,0.3676726352354513,2023-03-31,2023-04-28,98,2022-12-09
2022-12-31,NOW,hiring_augmented,0.22963203013200162,0.2171893147502903,2023-03-31,2023-04-28,98,2022-12-09
2022-12-31,SNOW,hiring_augmented,0.669338654891061,0.5347887037683636,2023-01-31,2023-03-30,98,2022-12-09
2022-12-31,VEEV,hiring_augmented,0.1804759900850744,0.1604328742180725,2023-01-31,2023-03-31,98,2022-12-09
2022-12-31,WDAY,hiring_augmented,0.11467228828827902,0.1962872990485713,2023-01-31,2023-02-28,98,2022-12-09
2022-12-31,ZS,hiring_augmented,0.5718165441249885,0.51664364559815,2023-01-31,2023-03-09,98,2022-12-09
2023-01-31,ADBE,baseline,0.18075684594404778,0.0922102299389957,2023-03-03,2023-03-30,99,2023-01-18
2023-01-31,CRM,baseline,0.21106754023294344,0.1128052894346243,2023-04-30,2023-06-02,99,2023-01-18
2023-01-31,CRWD,baseline,0.5935359850686044,0.4197042436566536,2023-04-30,2023-06-02,99,2023-01-18
2023-01-31,DDOG,baseline,0.6470685695579951,0.3269261493540478,2023-03-31,2023-05-06,99,2023-01-18
2023-01-31,HUBS,baseline,0.41526142163832547,0.268001183016135,2023-03-31,2023-05-04,99,2023-01-18
2023-01-31,MDB,baseline,0.46114801668460953,0.2901869699103512,2023-04-30,2023-06-03,99,2023-01-18
2023-01-31,NET,baseline,0.431404271046924,0.3676726352354513,2023-03-31,2023-04-28,99,2023-01-18
2023-01-31,NOW,baseline,0.27815644845137083,0.2171893147502903,2023-03-31,2023-04-28,99,2023-01-18
2023-01-31,SNOW,baseline,0.7111319047317092,0.4764247545404396,2023-04-30,2023-06-03,99,2023-01-18
2023-01-31,VEEV,baseline,0.231177668528692,0.0420172559205862,2023-04-30,2023-06-03,99,2023-01-18
2023-01-31,WDAY,baseline,0.1654514678207317,0.1740172041122023,2023-04-30,2023-05-26,99,2023-01-18
2023-01-31,ZS,baseline,0.6074694351349713,0.4602154061790682,2023-04-30,2023-06-08,99,2023-01-18
2023-01-31,ADBE,hiring_augmented,0.12875564293474648,0.0922102299389957,2023-03-03,2023-03-30,99,2023-01-18
2023-01-31,CRM,hiring_augmented,0.15662577929026372,0.1128052894346243,2023-04-30,2023-06-02,99,2023-01-18
2023-01-31,CRWD,hiring_augmented,0.5468683210674885,0.4197042436566536,2023-04-30,2023-06-02,99,2023-01-18
2023-01-31,DDOG,hiring_augmented,0.5964828985250212,0.3269261493540478,2023-03-31,2023-05-06,99,2023-01-18
2023-01-31,HUBS,hiring_augmented,0.36670293820850974,0.268001183016135,2023-03-31,2023-05-04,99,2023-01-18
2023-01-31,MDB,hiring_augmented,0.4121919662132093,0.2901869699103512,2023-04-30,2023-06-03,99,2023-01-18
2023-01-31,NET,hiring_augmented,0.3914069054984491,0.3676726352354513,2023-03-31,2023-04-28,99,2023-01-18
2023-01-31,NOW,hiring_augmented,0.21951215226294907,0.2171893147502903,2023-03-31,2023-04-28,99,2023-01-18
2023-01-31,SNOW,hiring_augmented,0.6639609229395734,0.4764247545404396,2023-04-30,2023-06-03,99,2023-01-18
2023-01-31,VEEV,hiring_augmented,0.17633338850489302,0.0420172559205862,2023-04-30,2023-06-03,99,2023-01-18
2023-01-31,WDAY,hiring_augmented,0.10946471359713311,0.1740172041122023,2023-04-30,2023-05-26,99,2023-01-18
2023-01-31,ZS,hiring_augmented,0.5679526981902878,0.4602154061790682,2023-04-30,2023-06-08,99,2023-01-18
2023-02-28,ADBE,baseline,0.17763764249458014,0.0922102299389957,2023-03-03,2023-03-30,103,2023-02-25
2023-02-28,CRM,baseline,0.23198423996795586,0.1128052894346243,2023-04-30,2023-06-02,103,2023-02-25
2023-02-28,CRWD,baseline,0.5634689153533253,0.4197042436566536,2023-04-30,2023-06-02,103,2023-02-25
2023-02-28,DDOG,baseline,0.6160590137122609,0.3269261493540478,2023-03-31,2023-05-06,103,2023-02-25
2023-02-28,HUBS,baseline,0.39046087384009365,0.268001183016135,2023-03-31,2023-05-04,103,2023-02-25
2023-02-28,MDB,baseline,0.45088516228479,0.2901869699103512,2023-04-30,2023-06-03,103,2023-02-25
2023-02-28,NET,baseline,0.41434646500019334,0.3676726352354513,2023-03-31,2023-04-28,103,2023-02-25
2023-02-28,NOW,baseline,0.26703337337021066,0.2171893147502903,2023-03-31,2023-04-28,103,2023-02-25
2023-02-28,SNOW,baseline,0.6089987900145899,0.4764247545404396,2023-04-30,2023-06-03,103,2023-02-25
2023-02-28,VEEV,baseline,0.22224150634320392,0.0420172559205862,2023-04-30,2023-06-03,103,2023-02-25
2023-02-28,WDAY,baseline,0.15784528177284643,0.1740172041122023,2023-04-30,2023-05-26,103,2023-02-25
2023-02-28,ZS,baseline,0.5917761210402355,0.4602154061790682,2023-04-30,2023-06-08,103,2023-02-25
2023-02-28,ADBE,hiring_augmented,0.11638808733315091,0.0922102299389957,2023-03-03,2023-03-30,103,2023-02-25
2023-02-28,CRM,hiring_augmented,0.1665418349638212,0.1128052894346243,2023-04-30,2023-06-02,103,2023-02-25
2023-02-28,CRWD,hiring_augmented,0.5124381070513959,0.4197042436566536,2023-04-30,2023-06-02,103,2023-02-25
2023-02-28,DDOG,hiring_augmented,0.5675479220091043,0.3269261493540478,2023-03-31,2023-05-06,103,2023-02-25
2023-02-28,HUBS,hiring_augmented,0.34139361713821925,0.268001183016135,2023-03-31,2023-05-04,103,2023-02-25
2023-02-28,MDB,hiring_augmented,0.3990494540165761,0.2901869699103512,2023-04-30,2023-06-03,103,2023-02-25
2023-02-28,NET,hiring_augmented,0.37799773224075417,0.3676726352354513,2023-03-31,2023-04-28,103,2023-02-25
2023-02-28,NOW,hiring_augmented,0.20421420457212536,0.2171893147502903,2023-03-31,2023-04-28,103,2023-02-25
2023-02-28,SNOW,hiring_augmented,0.5608762832173628,0.4764247545404396,2023-04-30,2023-06-03,103,2023-02-25
2023-02-28,VEEV,hiring_augmented,0.15833328614968947,0.0420172559205862,2023-04-30,2023-06-03,103,2023-02-25
2023-02-28,WDAY,hiring_augmented,0.09234943763382888,0.1740172041122023,2023-04-30,2023-05-26,103,2023-02-25
2023-02-28,ZS,hiring_augmented,0.5528195970921086,0.4602154061790682,2023-04-30,2023-06-08,103,2023-02-25
2023-03-31,ADBE,baseline,0.16339791743543958,0.0980392156862746,2023-06-02,2023-06-29,110,2023-03-30
2023-03-31,CRM,baseline,0.2223330715165575,0.1128052894346243,2023-04-30,2023-06-02,110,2023-03-30
2023-03-31,CRWD,baseline,0.5439810614665122,0.4197042436566536,2023-04-30,2023-06-02,110,2023-03-30
2023-03-31,DDOG,baseline,0.6092582444382689,0.2544012133806737,2023-06-30,2023-08-10,110,2023-03-30
2023-03-31,HUBS,baseline,0.3876912241553761,0.2546099038541334,2023-06-30,2023-08-03,110,2023-03-30
2023-03-31,MDB,baseline,0.4330100688575397,0.2901869699103512,2023-04-30,2023-06-03,110,2023-03-30
2023-03-31,NET,baseline,0.4037181778837497,0.3154440829449465,2023-06-30,2023-08-04,110,2023-03-30
2023-03-31,NOW,baseline,0.26297451423729434,0.2271689497716895,2023-06-30,2023-07-28,110,2023-03-30
2023-03-31,SNOW,baseline,0.5799914479487784,0.4764247545404396,2023-04-30,2023-06-03,110,2023-03-30
2023-03-31,VEEV,baseline,0.21854932172549754,0.0420172559205862,2023-04-30,2023-06-03,110,2023-03-30
2023-03-31,WDAY,baseline,0.15747046300736184,0.1740172041122023,2023-04-30,2023-05-26,110,2023-03-30
2023-03-31,ZS,baseline,0.5752778104626053,0.4602154061790682,2023-04-30,2023-06-08,110,2023-03-30
2023-03-31,ADBE,hiring_augmented,0.10318708197436409,0.0980392156862746,2023-06-02,2023-06-29,110,2023-03-30
2023-03-31,CRM,hiring_augmented,0.15730996325951563,0.1128052894346243,2023-04-30,2023-06-02,110,2023-03-30
2023-03-31,CRWD,hiring_augmented,0.4952378091385881,0.4197042436566536,2023-04-30,2023-06-02,110,2023-03-30
2023-03-31,DDOG,hiring_augmented,0.5558699886503106,0.2544012133806737,2023-06-30,2023-08-10,110,2023-03-30
2023-03-31,HUBS,hiring_augmented,0.330229115676233,0.2546099038541334,2023-06-30,2023-08-03,110,2023-03-30
2023-03-31,MDB,hiring_augmented,0.384105103612916,0.2901869699103512,2023-04-30,2023-06-03,110,2023-03-30
2023-03-31,NET,hiring_augmented,0.3649311935476102,0.3154440829449465,2023-06-30,2023-08-04,110,2023-03-30
2023-03-31,NOW,hiring_augmented,0.19437039939869888,0.2271689497716895,2023-06-30,2023-07-28,110,2023-03-30
2023-03-31,SNOW,hiring_augmented,0.5327852651595478,0.4764247545404396,2023-04-30,2023-06-03,110,2023-03-30
2023-03-31,VEEV,hiring_augmented,0.14844403129521946,0.0420172559205862,2023-04-30,2023-06-03,110,2023-03-30
2023-03-31,WDAY,hiring_augmented,0.09247984403032386,0.1740172041122023,2023-04-30,2023-05-26,110,2023-03-30
2023-03-31,ZS,hiring_augmented,0.5368556237334449,0.4602154061790682,2023-04-30,2023-06-08,110,2023-03-30
2023-04-30,ADBE,baseline,0.16860989388511297,0.0980392156862746,2023-06-02,2023-06-29,113,2023-04-28
2023-04-30,CRM,baseline,0.23123400546258632,0.1143782383419689,2023-07-31,2023-09-01,113,2023-04-28
2023-04-30,CRWD,baseline,0.5466058473407299,0.3671342588007542,2023-07-31,2023-09-01,113,2023-04-28
2023-04-30,DDOG,baseline,0.6026381869055011,0.2544012133806737,2023-06-30,2023-08-10,113,2023-04-28
2023-04-30,HUBS,baseline,0.3838438082572996,0.2546099038541334,2023-06-30,2023-08-03,113,2023-04-28
2023-04-30,MDB,baseline,0.4363373754006473,0.3956102219587696,2023-07-31,2023-09-02,113,2023-04-28
2023-04-30,NET,baseline,0.42974544371914575,0.3154440829449465,2023-06-30,2023-08-04,113,2023-04-28
2023-04-30,NOW,baseline,0.27155792945074037,0.2271689497716895,2023-06-30,2023-07-28,113,2023-04-28
2023-04-30,SNOW,baseline,0.5846372146166808,0.3554966535813115,2023-07-31,2023-09-01,113,2023-04-28
2023-04-30,VEEV,baseline,0.21822967572595744,0.1048392229389501,2023-07-31,2023-09-02,113,2023-04-28
2023-04-30,WDAY,baseline,0.16264011442261017,0.163412115395384,2023-07-31,2023-08-25,113,2023-04-28
2023-04-30,ZS,baseline,0.5741368869523255,0.4305710575710795,2023-07-31,2023-09-15,113,2023-04-28
2023-04-30,ADBE,hiring_augmented,0.10374699497383282,0.0980392156862746,2023-06-02,2023-06-29,113,2023-04-28
2023-04-30,CRM,hiring_augmented,0.1577556326637409,0.1143782383419689,2023-07-31,2023-09-01,113,2023-04-28
2023-04-30,CRWD,hiring_augmented,0.4958368623849916,0.3671342588007542,2023-07-31,2023-09-01,113,2023-04-28
2023-04-30,DDOG,hiring_augmented,0.5535960360054917,0.2544012133806737,2023-06-30,2023-08-10,113,2023-04-28
2023-04-30,HUBS,hiring_augmented,0.3195744581536131,0.2546099038541334,2023-06-30,2023-08-03,113,2023-04-28
2023-04-30,MDB,hiring_augmented,0.3846975741802172,0.3956102219587696,2023-07-31,2023-09-02,113,2023-04-28
2023-04-30,NET,hiring_augmented,0.3909118281045063,0.3154440829449465,2023-06-30,2023-08-04,113,2023-04-28
2023-04-30,NOW,hiring_augmented,0.20354914631874593,0.2271689497716895,2023-06-30,2023-07-28,113,2023-04-28
2023-04-30,SNOW,hiring_augmented,0.5331990840681937,0.3554966535813115,2023-07-31,2023-09-01,113,2023-04-28
2023-04-30,VEEV,hiring_augmented,0.14907782504982076,0.1048392229389501,2023-07-31,2023-09-02,113,2023-04-28
2023-04-30,WDAY,hiring_augmented,0.09316416021407095,0.163412115395384,2023-07-31,2023-08-25,113,2023-04-28
2023-04-30,ZS,hiring_augmented,0.5376301565810075,0.4305710575710795,2023-07-31,2023-09-15,113,2023-04-28
2023-05-31,ADBE,baseline,0.16530841399003912,0.0980392156862746,2023-06-02,2023-06-29,116,2023-05-26
2023-05-31,CRM,baseline,0.2456937389093249,0.1143782383419689,2023-07-31,2023-09-01,116,2023-05-26
2023-05-31,CRWD,baseline,0.5254227355555479,0.3671342588007542,2023-07-31,2023-09-01,116,2023-05-26
2023-05-31,DDOG,baseline,0.5725820928130484,0.2544012133806737,2023-06-30,2023-08-10,116,2023-05-26
2023-05-31,HUBS,baseline,0.37283520656316027,0.2546099038541334,2023-06-30,2023-08-03,116,2023-05-26
2023-05-31,MDB,baseline,0.43015915056053683,0.3956102219587696,2023-07-31,2023-09-02,116,2023-05-26
2023-05-31,NET,baseline,0.4261337508039922,0.3154440829449465,2023-06-30,2023-08-04,116,2023-05-26
2023-05-31,NOW,baseline,0.2715617439573658,0.2271689497716895,2023-06-30,2023-07-28,116,2023-05-26
2023-05-31,SNOW,baseline,0.5518225113389156,0.3554966535813115,2023-07-31,2023-09-01,116,2023-05-26
2023-05-31,VEEV,baseline,0.22895588658402372,0.1048392229389501,2023-07-31,2023-09-02,116,2023-05-26
2023-05-31,WDAY,baseline,0.20750755130528034,0.163412115395384,2023-07-31,2023-08-25,116,2023-05-26
2023-05-31,ZS,baseline,0.568869328941926,0.4305710575710795,2023-07-31,2023-09-15,116,2023-05-26
2023-05-31,ADBE,hiring_augmented,0.10704336831017594,0.0980392156862746,2023-06-02,2023-06-29,116,2023-05-26
2023-05-31,CRM,hiring_augmented,0.17124744325367983,0.1143782383419689,2023-07-31,2023-09-01,116,2023-05-26
2023-05-31,CRWD,hiring_augmented,0.4777457359408278,0.3671342588007542,2023-07-31,2023-09-01,116,2023-05-26
2023-05-31,DDOG,hiring_augmented,0.531184448167414,0.2544012133806737,2023-06-30,2023-08-10,116,2023-05-26
2023-05-31,HUBS,hiring_augmented,0.3144145986152633,0.2546099038541334,2023-06-30,2023-08-03,116,2023-05-26
2023-05-31,MDB,hiring_augmented,0.3769236375627112,0.3956102219587696,2023-07-31,2023-09-02,116,2023-05-26
2023-05-31,NET,hiring_augmented,0.38995290139459676,0.3154440829449465,2023-06-30,2023-08-04,116,2023-05-26
2023-05-31,NOW,hiring_augmented,0.2064034895403939,0.2271689497716895,2023-06-30,2023-07-28,116,2023-05-26
2023-05-31,SNOW,hiring_augmented,0.4967843539031638,0.3554966535813115,2023-07-31,2023-09-01,116,2023-05-26
2023-05-31,VEEV,hiring_augmented,0.1592030161504005,0.1048392229389501,2023-07-31,2023-09-02,116,2023-05-26
2023-05-31,WDAY,hiring_augmented,0.14005518232586683,0.163412115395384,2023-07-31,2023-08-25,116,2023-05-26
2023-05-31,ZS,hiring_augmented,0.5389786741566042,0.4305710575710795,2023-07-31,2023-09-15,116,2023-05-26
2023-06-30,ADBE,baseline,0.15374379854567233,0.1030904579291676,2023-09-01,2023-09-28,123,2023-06-29
2023-06-30,CRM,baseline,0.24217195375246225,0.1143782383419689,2023-07-31,2023-09-01,123,2023-06-29
2023-06-30,CRWD,baseline,0.5164924405672666,0.3671342588007542,2023-07-31,2023-09-01,123,2023-06-29
2023-06-30,DDOG,baseline,0.5774983458502081,0.2542831813402424,2023-09-30,2023-11-08,123,2023-06-29
2023-06-30,HUBS,baseline,0.38882132367669303,0.2558778082611419,2023-09-30,2023-11-09,123,2023-06-29
2023-06-30,MDB,baseline,0.41998171860809563,0.3956102219587696,2023-07-31,2023-09-02,123,2023-06-29
2023-06-30,NET,baseline,0.4464242010485052,0.322015938106887,2023-09-30,2023-11-03,123,2023-06-29
2023-06-30,NOW,baseline,0.27638418246565083,0.2495903877662479,2023-09-30,2023-10-27,123,2023-06-29
2023-06-30,SNOW,baseline,0.5375877526323455,0.3554966535813115,2023-07-31,2023-09-01,123,2023-06-29
2023-06-30,VEEV,baseline,0.2058645725514119,0.1048392229389501,2023-07-31,2023-09-02,123,2023-06-29
2023-06-30,WDAY,baseline,0.22053224617865344,0.163412115395384,2023-07-31,2023-08-25,123,2023-06-29
2023-06-30,ZS,baseline,0.5641798811659055,0.4305710575710795,2023-07-31,2023-09-15,123,2023-06-29
2023-06-30,ADBE,hiring_augmented,0.08733474918894148,0.1030904579291676,2023-09-01,2023-09-28,123,2023-06-29
2023-06-30,CRM,hiring_augmented,0.1664713895750255,0.1143782383419689,2023-07-31,2023-09-01,123,2023-06-29
2023-06-30,CRWD,hiring_augmented,0.4714687632157366,0.3671342588007542,2023-07-31,2023-09-01,123,2023-06-29
2023-06-30,DDOG,hiring_augmented,0.5304928072876837,0.2542831813402424,2023-09-30,2023-11-08,123,2023-06-29
2023-06-30,HUBS,hiring_augmented,0.31320192814692893,0.2558778082611419,2023-09-30,2023-11-09,123,2023-06-29
2023-06-30,MDB,hiring_augmented,0.36889420246843435,0.3956102219587696,2023-07-31,2023-09-02,123,2023-06-29
2023-06-30,NET,hiring_augmented,0.38968142854463134,0.322015938106887,2023-09-30,2023-11-03,123,2023-06-29
2023-06-30,NOW,hiring_augmented,0.20489716196230245,0.2495903877662479,2023-09-30,2023-10-27,123,2023-06-29
2023-06-30,SNOW,hiring_augmented,0.4910094988782953,0.3554966535813115,2023-07-31,2023-09-01,123,2023-06-29
2023-06-30,VEEV,hiring_augmented,0.14931106109082332,0.1048392229389501,2023-07-31,2023-09-02,123,2023-06-29
2023-06-30,WDAY,hiring_augmented,0.13881999483241006,0.163412115395384,2023-07-31,2023-08-25,123,2023-06-29
2023-06-30,ZS,hiring_augmented,0.5334600612268404,0.4305710575710795,2023-07-31,2023-09-15,123,2023-06-29
2023-07-31,ADBE,baseline,0.15550974659928732,0.1030904579291676,2023-09-01,2023-09-28,124,2023-07-28
2023-07-31,CRM,baseline,0.2342135801310457,0.1126706647952022,2023-10-31,2023-12-01,124,2023-07-28
2023-07-31,CRWD,baseline,0.5105604003055739,0.353138847476768,2023-10-31,2023-11-30,124,2023-07-28
2023-07-31,DDOG,baseline,0.5745496400563809,0.2542831813402424,2023-09-30,2023-11-08,124,2023-07-28
2023-07-31,HUBS,baseline,0.38688058395217095,0.2558778082611419,2023-09-30,2023-11-09,124,2023-07-28
2023-07-31,MDB,baseline,0.4270868652942899,0.2976940900003297,2023-10-31,2023-12-08,124,2023-07-28
2023-07-31,NET,baseline,0.426022404149592,0.322015938106887,2023-09-30,2023-11-03,124,2023-07-28
2023-07-31,NOW,baseline,0.2633951765455592,0.2495903877662479,2023-09-30,2023-10-27,124,2023-07-28
2023-07-31,SNOW,baseline,0.5373003126741114,0.3180181247621305,2023-10-31,2023-12-02,124,2023-07-28
2023-07-31,VEEV,baseline,0.20757183520271488,0.1161471600485923,2023-10-31,2023-12-08,124,2023-07-28
2023-07-31,WDAY,baseline,0.21813278572899203,0.1667009567238633,2023-10-31,2023-11-29,124,2023-07-28
2023-07-31,ZS,baseline,0.5655537904653966,0.3970068738960703,2023-10-31,2023-12-07,124,2023-07-28
2023-07-31,ADBE,hiring_augmented,0.08154289718333581,0.1030904579291676,2023-09-01,2023-09-28,124,2023-07-28
2023-07-31,CRM,hiring_augmented,0.16051950204835957,0.1126706647952022,2023-10-31,2023-12-01,124,2023-07-28
2023-07-31,CRWD,hiring_augmented,0.4652898068855318,0.353138847476768,2023-10-31,2023-11-30,124,2023-07-28
2023-07-31,DDOG,hiring_augmented,0.5219629550338518,0.2542831813402424,2023-09-30,2023-11-08,124,2023-07-28
2023-07-31,HUBS,hiring_augmented,0.30134476017605016,0.2558778082611419,2023-09-30,2023-11-09,124,2023-07-28
2023-07-31,MDB,hiring_augmented,0.36289422494151535,0.2976940900003297,2023-10-31,2023-12-08,124,2023-07-28
2023-07-31,NET,hiring_augmented,0.37455903280957925,0.322015938106887,2023-09-30,2023-11-03,124,2023-07-28
2023-07-31,NOW,hiring_augmented,0.18741145054068536,0.2495903877662479,2023-09-30,2023-10-27,124,2023-07-28
2023-07-31,SNOW,hiring_augmented,0.4846020282106957,0.3180181247621305,2023-10-31,2023-12-02,124,2023-07-28
2023-07-31,VEEV,hiring_augmented,0.14339665716861538,0.1161471600485923,2023-10-31,2023-12-08,124,2023-07-28
2023-07-31,WDAY,hiring_augmented,0.1330012673408323,0.1667009567238633,2023-10-31,2023-11-29,124,2023-07-28
2023-07-31,ZS,hiring_augmented,0.5272275332629455,0.3970068738960703,2023-10-31,2023-12-07,124,2023-07-28
2023-08-31,ADBE,baseline,0.16978395661591944,0.1030904579291676,2023-09-01,2023-09-28,128,2023-08-25
2023-08-31,CRM,baseline,0.23629744561226898,0.1126706647952022,2023-10-31,2023-12-01,128,2023-08-25
2023-08-31,CRWD,baseline,0.5127421230794911,0.353138847476768,2023-10-31,2023-11-30,128,2023-08-25
2023-08-31,DDOG,baseline,0.5464004482792936,0.2542831813402424,2023-09-30,2023-11-08,128,2023-08-25
2023-08-31,HUBS,baseline,0.3759203174677305,0.2558778082611419,2023-09-30,2023-11-09,128,2023-08-25
2023-08-31,MDB,baseline,0.4105938152246938,0.2976940900003297,2023-10-31,2023-12-08,128,2023-08-25
2023-08-31,NET,baseline,0.4031907929400962,0.322015938106887,2023-09-30,2023-11-03,128,2023-08-25
2023-08-31,NOW,baseline,0.26922692080443755,0.2495903877662479,2023-09-30,2023-10-27,128,2023-08-25
2023-08-31,SNOW,baseline,0.5378217015394792,0.3180181247621305,2023-10-31,2023-12-02,128,2023-08-25
2023-08-31,VEEV,baseline,0.2116636485885223,0.1161471600485923,2023-10-31,2023-12-08,128,2023-08-25
2023-08-31,WDAY,baseline,0.2056656294681054,0.1667009567238633,2023-10-31,2023-11-29,128,2023-08-25
2023-08-31,ZS,baseline,0.5506257404857433,0.3970068738960703,2023-10-31,2023-12-07,128,2023-08-25
2023-08-31,ADBE,hiring_augmented,0.08649689633889235,0.1030904579291676,2023-09-01,2023-09-28,128,2023-08-25
2023-08-31,CRM,hiring_augmented,0.15218466752441034,0.1126706647952022,2023-10-31,2023-12-01,128,2023-08-25
2023-08-31,CRWD,hiring_augmented,0.46573197553272994,0.353138847476768,2023-10-31,2023-11-30,128,2023-08-25
2023-08-31,DDOG,hiring_augmented,0.4965949638805919,0.2542831813402424,2023-09-30,2023-11-08,128,2023-08-25
2023-08-31,HUBS,hiring_augmented,0.2979249075304352,0.2558778082611419,2023-09-30,2023-11-09,128,2023-08-25
2023-08-31,MDB,hiring_augmented,0.35221847620767066,0.2976940900003297,2023-10-31,2023-12-08,128,2023-08-25
2023-08-31,NET,hiring_augmented,0.36720255537935187,0.322015938106887,2023-09-30,2023-11-03,128,2023-08-25
2023-08-31,NOW,hiring_augmented,0.19107946506182577,0.2495903877662479,2023-09-30,2023-10-27,128,2023-08-25
2023-08-31,SNOW,hiring_augmented,0.48343943258646654,0.3180181247621305,2023-10-31,2023-12-02,128,2023-08-25
2023-08-31,VEEV,hiring_augmented,0.1393753126513974,0.1161471600485923,2023-10-31,2023-12-08,128,2023-08-25
2023-08-31,WDAY,hiring_augmented,0.13001165141112972,0.1667009567238633,2023-10-31,2023-11-29,128,2023-08-25
2023-08-31,ZS,hiring_augmented,0.5156605968073017,0.3970068738960703,2023-10-31,2023-12-07,128,2023-08-25
2023-09-30,ADBE,baseline,0.19535631684403268,0.1155801104972376,2023-12-01,2024-01-18,135,2023-09-28
2023-09-30,CRM,baseline,0.2308422510561563,0.1126706647952022,2023-10-31,2023-12-01,135,2023-09-28
2023-09-30,CRWD,baseline,0.5026474451986022,0.353138847476768,2023-10-31,2023-11-30,135,2023-09-28
2023-09-30,DDOG,baseline,0.5437222948592619,0.2561786454594066,2023-12-31,2024-02-24,135,2023-09-28
2023-09-30,HUBS,baseline,0.38833122315787233,0.2390238813088729,2023-12-31,2024-02-15,135,2023-09-28
2023-09-30,MDB,baseline,0.4338447139454906,0.2976940900003297,2023-10-31,2023-12-08,135,2023-09-28
2023-09-30,NET,baseline,0.4039629291959409,0.3195231161266836,2023-12-31,2024-02-22,135,2023-09-28
2023-09-30,NOW,baseline,0.2781987904049134,0.2561855670103092,2023-12-31,2024-01-26,135,2023-09-28
2023-09-30,SNOW,baseline,0.5079721650113095,0.3180181247621305,2023-10-31,2023-12-02,135,2023-09-28
2023-09-30,VEEV,baseline,0.2136713737681287,0.1161471600485923,2023-10-31,2023-12-08,135,2023-09-28
2023-09-30,WDAY,baseline,0.21242637017876573,0.1667009567238633,2023-10-31,2023-11-29,135,2023-09-28
2023-09-30,ZS,baseline,0.5386382160909603,0.3970068738960703,2023-10-31,2023-12-07,135,2023-09-28
2023-09-30,ADBE,hiring_augmented,0.11042775524340999,0.1155801104972376,2023-12-01,2024-01-18,135,2023-09-28
2023-09-30,CRM,hiring_augmented,0.15921353697457943,0.1126706647952022,2023-10-31,2023-12-01,135,2023-09-28
2023-09-30,CRWD,hiring_augmented,0.46541891832614396,0.353138847476768,2023-10-31,2023-11-30,135,2023-09-28
2023-09-30,DDOG,hiring_augmented,0.5048851076072889,0.2561786454594066,2023-12-31,2024-02-24,135,2023-09-28
2023-09-30,HUBS,hiring_augmented,0.3087569694831481,0.2390238813088729,2023-12-31,2024-02-15,135,2023-09-28
2023-09-30,MDB,hiring_augmented,0.3669784268082828,0.2976940900003297,2023-10-31,2023-12-08,135,2023-09-28
2023-09-30,NET,hiring_augmented,0.37451384981474983,0.3195231161266836,2023-12-31,2024-02-22,135,2023-09-28
2023-09-30,NOW,hiring_augmented,0.20102384138117876,0.2561855670103092,2023-12-31,2024-01-26,135,2023-09-28
2023-09-30,SNOW,hiring_augmented,0.4743007741812631,0.3180181247621305,2023-10-31,2023-12-02,135,2023-09-28
2023-09-30,VEEV,hiring_augmented,0.14618786067553485,0.1161471600485923,2023-10-31,2023-12-08,135,2023-09-28
2023-09-30,WDAY,hiring_augmented,0.14102039904530547,0.1667009567238633,2023-10-31,2023-11-29,135,2023-09-28
2023-09-30,ZS,hiring_augmented,0.516928943111042,0.3970068738960703,2023-10-31,2023-12-07,135,2023-09-28
2023-10-31,ADBE,baseline,0.1766286596082783,0.1155801104972376,2023-12-01,2024-01-18,136,2023-10-27
2023-10-31,CRM,baseline,0.21823599492095228,0.1077051526717556,2024-01-31,2024-03-07,136,2023-10-27
2023-10-31,CRWD,baseline,0.5047189390905175,0.3262923872745216,2024-01-31,2024-03-08,136,2023-10-27
2023-10-31,DDOG,baseline,0.5595002390233811,0.2561786454594066,2023-12-31,2024-02-24,136,2023-10-27
2023-10-31,HUBS,baseline,0.41471914383977704,0.2390238813088729,2023-12-31,2024-02-15,136,2023-10-27
2023-10-31,MDB,baseline,0.43252766708438367,0.2676080506598175,2024-01-31,2024-03-16,136,2023-10-27
2023-10-31,NET,baseline,0.4409944419673558,0.3195231161266836,2023-12-31,2024-02-22,136,2023-10-27
2023-10-31,NOW,baseline,0.2833098326038694,0.2561855670103092,2023-12-31,2024-01-26,136,2023-10-27
2023-10-31,SNOW,baseline,0.5091978477768814,0.3152516417322568,2024-01-31,2024-03-27,136,2023-10-27
2023-10-31,VEEV,baseline,0.21126420829031958,0.1193296283740008,2024-01-31,2024-03-26,136,2023-10-27
2023-10-31,WDAY,baseline,0.20261922951258782,0.1676448434633655,2024-01-31,2024-03-09,136,2023-10-27
2023-10-31,ZS,baseline,0.5413080603065252,0.3544935732382519,2024-01-31,2024-03-07,136,2023-10-27
2023-10-31,ADBE,hiring_augmented,0.11168390692495866,0.1155801104972376,2023-12-01,2024-01-18,136,2023-10-27
2023-10-31,CRM,hiring_augmented,0.16049665489790407,0.1077051526717556,2024-01-31,2024-03-07,136,2023-10-27
2023-10-31,CRWD,hiring_augmented,0.4676075189173259,0.3262923872745216,2024-01-31,2024-03-08,136,2023-10-27
2023-10-31,DDOG,hiring_augmented,0.512025094202545,0.2561786454594066,2023-12-31,2024-02-24,136,2023-10-27
2023-10-31,HUBS,hiring_augmented,0.34270089415369387,0.2390238813088729,2023-12-31,2024-02-15,136,2023-10-27
2023-10-31,MDB,hiring_augmented,0.36960251135661537,0.2676080506598175,2024-01-31,2024-03-16,136,2023-10-27
2023-10-31,NET,hiring_augmented,0.4103273699878218,0.3195231161266836,2023-12-31,2024-02-22,136,2023-10-27
2023-10-31,NOW,hiring_augmented,0.2199794130086593,0.2561855670103092,2023-12-31,2024-01-26,136,2023-10-27
2023-10-31,SNOW,hiring_augmented,0.4764216405507005,0.3152516417322568,2024-01-31,2024-03-27,136,2023-10-27
2023-10-31,VEEV,hiring_augmented,0.14866539093211528,0.1193296283740008,2024-01-31,2024-03-26,136,2023-10-27
2023-10-31,WDAY,hiring_augmented,0.14267606850214662,0.1676448434633655,2024-01-31,2024-03-09,136,2023-10-27
2023-10-31,ZS,hiring_augmented,0.5186026997294569,0.3544935732382519,2024-01-31,2024-03-07,136,2023-10-27
2023-11-30,ADBE,baseline,0.17364216127378393,0.1155801104972376,2023-12-01,2024-01-18,140,2023-11-29
2023-11-30,CRM,baseline,0.20912759204471543,0.1077051526717556,2024-01-31,2024-03-07,140,2023-11-29
2023-11-30,CRWD,baseline,0.5473330935541851,0.3262923872745216,2024-01-31,2024-03-08,140,2023-11-29
2023-11-30,DDOG,baseline,0.5336187841947178,0.2561786454594066,2023-12-31,2024-02-24,140,2023-11-29
2023-11-30,HUBS,baseline,0.39640200992584407,0.2390238813088729,2023-12-31,2024-02-15,140,2023-11-29
2023-11-30,MDB,baseline,0.4982819864860911,0.2676080506598175,2024-01-31,2024-03-16,140,2023-11-29
2023-11-30,NET,baseline,0.43514007659542053,0.3195231161266836,2023-12-31,2024-02-22,140,2023-11-29
2023-11-30,NOW,baseline,0.2891012494559216,0.2561855670103092,2023-12-31,2024-01-26,140,2023-11-29
2023-11-30,SNOW,baseline,0.49794885453921917,0.3152516417322568,2024-01-31,2024-03-27,140,2023-11-29
2023-11-30,VEEV,baseline,0.23719039584837281,0.1193296283740008,2024-01-31,2024-03-26,140,2023-11-29
2023-11-30,WDAY,baseline,0.18072936354208002,0.1676448434633655,2024-01-31,2024-03-09,140,2023-11-29
2023-11-30,ZS,baseline,0.5262985816660131,0.3544935732382519,2024-01-31,2024-03-07,140,2023-11-29
2023-11-30,ADBE,hiring_augmented,0.10882181605298849,0.1155801104972376,2023-12-01,2024-01-18,140,2023-11-29
2023-11-30,CRM,hiring_augmented,0.1476141696613547,0.1077051526717556,2024-01-31,2024-03-07,140,2023-11-29
2023-11-30,CRWD,hiring_augmented,0.4850288165662699,0.3262923872745216,2024-01-31,2024-03-08,140,2023-11-29
2023-11-30,DDOG,hiring_augmented,0.4909292802177483,0.2561786454594066,2023-12-31,2024-02-24,140,2023-11-29
2023-11-30,HUBS,hiring_augmented,0.33742731317497465,0.2390238813088729,2023-12-31,2024-02-15,140,2023-11-29
2023-11-30,MDB,hiring_augmented,0.40760402164419873,0.2676080506598175,2024-01-31,2024-03-16,140,2023-11-29
2023-11-30,NET,hiring_augmented,0.40560466584347243,0.3195231161266836,2023-12-31,2024-02-22,140,2023-11-29
2023-11-30,NOW,hiring_augmented,0.21973860479272844,0.2561855670103092,2023-12-31,2024-01-26,140,2023-11-29
2023-11-30,SNOW,hiring_augmented,0.4625341923274919,0.3152516417322568,2024-01-31,2024-03-27,140,2023-11-29
2023-11-30,VEEV,hiring_augmented,0.17528567810173717,0.1193296283740008,2024-01-31,2024-03-26,140,2023-11-29
2023-11-30,WDAY,hiring_augmented,0.12965996396650167,0.1676448434633655,2024-01-31,2024-03-09,140,2023-11-29
2023-11-30,ZS,hiring_augmented,0.4980976336993554,0.3544935732382519,2024-01-31,2024-03-07,140,2023-11-29
2023-12-31,ADBE,baseline,0.184240788855286,0.1132116004296455,2024-03-01,2024-03-28,146,2023-12-08
2023-12-31,CRM,baseline,0.2275437898179366,0.1077051526717556,2024-01-31,2024-03-07,146,2023-12-08
2023-12-31,CRWD,baseline,0.5658028012941163,0.3262923872745216,2024-01-31,2024-03-08,146,2023-12-08
2023-12-31,DDOG,baseline,0.555558076862037,0.2689126743254295,2024-03-31,2024-05-09,146,2023-12-08
2023-12-31,HUBS,baseline,0.41016138989465206,0.2308400781468043,2024-03-31,2024-05-11,146,2023-12-08
2023-12-31,MDB,baseline,0.48318587599739865,0.2676080506598175,2024-01-31,2024-03-16,146,2023-12-08
2023-12-31,NET,baseline,0.45938856066234,0.3047367967605754,2024-03-31,2024-05-03,146,2023-12-08
2023-12-31,NOW,baseline,0.30419820626103383,0.2418893129770991,2024-03-31,2024-05-07,146,2023-12-08
2023-12-31,SNOW,baseline,0.48448938989550394,0.3152516417322568,2024-01-31,2024-03-27,146,2023-12-08
2023-12-31,VEEV,baseline,0.23212141315961432,0.1193296283740008,2024-01-31,2024-03-26,146,2023-12-08
2023-12-31,WDAY,baseline,0.1952364519735354,0.1676448434633655,2024-01-31,2024-03-09,146,2023-12-08
2023-12-31,ZS,baseline,0.5421194736287551,0.3544935732382519,2024-01-31,2024-03-07,146,2023-12-08
2023-12-31,ADBE,hiring_augmented,0.10648038444722221,0.1132116004296455,2024-03-01,2024-03-28,146,2023-12-08
2023-12-31,CRM,hiring_augmented,0.14273606972382952,0.1077051526717556,2024-01-31,2024-03-07,146,2023-12-08
2023-12-31,CRWD,hiring_augmented,0.4745067710956302,0.3262923872745216,2024-01-31,2024-03-08,146,2023-12-08
2023-12-31,DDOG,hiring_augmented,0.4915333862984521,0.2689126743254295,2024-03-31,2024-05-09,146,2023-12-08
2023-12-31,HUBS,hiring_augmented,0.33797502879538516,0.2308400781468043,2024-03-31,2024-05-11,146,2023-12-08
2023-12-31,MDB,hiring_augmented,0.3996193363132061,0.2676080506598175,2024-01-31,2024-03-16,146,2023-12-08
2023-12-31,NET,hiring_augmented,0.40811924832543445,0.3047367967605754,2024-03-31,2024-05-03,146,2023-12-08
2023-12-31,NOW,hiring_augmented,0.21827581886756015,0.2418893129770991,2024-03-31,2024-05-07,146,2023-12-08
2023-12-31,SNOW,hiring_augmented,0.44438886920875226,0.3152516417322568,2024-01-31,2024-03-27,146,2023-12-08
2023-12-31,VEEV,hiring_augmented,0.1738712455430484,0.1193296283740008,2024-01-31,2024-03-26,146,2023-12-08
2023-12-31,WDAY,hiring_augmented,0.1283313291885894,0.1676448434633655,2024-01-31,2024-03-09,146,2023-12-08
2023-12-31,ZS,hiring_augmented,0.49157013007854405,0.3544935732382519,2024-01-31,2024-03-07,146,2023-12-08
2024-01-31,ADBE,baseline,0.1718989275179252,0.1132116004296455,2024-03-01,2024-03-28,148,2024-01-26
2024-01-31,CRM,baseline,0.21274236029954957,0.1074330059415544,2024-04-30,2024-05-31,148,2024-01-26
2024-01-31,CRWD,baseline,0.5712770298793421,0.3298622541800224,2024-04-30,2024-06-06,148,2024-01-26
2024-01-31,DDOG,baseline,0.5866706065329045,0.2689126743254295,2024-03-31,2024-05-09,148,2024-01-26
2024-01-31,HUBS,baseline,0.38269838754914354,0.2308400781468043,2024-03-31,2024-05-11,148,2024-01-26
2024-01-31,MDB,baseline,0.47428158665973263,0.2234196806777451,2024-04-30,2024-06-01,148,2024-01-26
2024-01-31,NET,baseline,0.4068746032013637,0.3047367967605754,2024-03-31,2024-05-03,148,2024-01-26
2024-01-31,NOW,baseline,0.2736272719383524,0.2418893129770991,2024-03-31,2024-05-07,148,2024-01-26
2024-01-31,SNOW,baseline,0.48149725731144194,0.3289132920354265,2024-04-30,2024-06-01,148,2024-01-26
2024-01-31,VEEV,baseline,0.23368421634660452,0.2356338764071628,2024-04-30,2024-06-05,148,2024-01-26
2024-01-31,WDAY,baseline,0.19068189050139178,0.1814913151482622,2024-04-30,2024-05-30,148,2024-01-26
2024-01-31,ZS,baseline,0.5430847219191549,0.3209192932187201,2024-04-30,2024-06-08,148,2024-01-26
2024-01-31,ADBE,hiring_augmented,0.12785754241883085,0.1132116004296455,2024-03-01,2024-03-28,148,2024-01-26
2024-01-31,CRM,hiring_augmented,0.1633018828279717,0.1074330059415544,2024-04-30,2024-05-31,148,2024-01-26
2024-01-31,CRWD,hiring_augmented,0.49485147955688785,0.3298622541800224,2024-04-30,2024-06-06,148,2024-01-26
2024-01-31,DDOG,hiring_augmented,0.5277596450883143,0.2689126743254295,2024-03-31,2024-05-09,148,2024-01-26
2024-01-31,HUBS,hiring_augmented,0.3322681723092522,0.2308400781468043,2024-03-31,2024-05-11,148,2024-01-26
2024-01-31,MDB,hiring_augmented,0.4198429251836453,0.2234196806777451,2024-04-30,2024-06-01,148,2024-01-26
2024-01-31,NET,hiring_augmented,0.38256495547084807,0.3047367967605754,2024-03-31,2024-05-03,148,2024-01-26
2024-01-31,NOW,hiring_augmented,0.2231785458549532,0.2418893129770991,2024-03-31,2024-05-07,148,2024-01-26
2024-01-31,SNOW,hiring_augmented,0.4644162475191931,0.3289132920354265,2024-04-30,2024-06-01,148,2024-01-26
2024-01-31,VEEV,hiring_augmented,0.19380211154167254,0.2356338764071628,2024-04-30,2024-06-05,148,2024-01-26
2024-01-31,WDAY,hiring_augmented,0.1482875871713999,0.1814913151482622,2024-04-30,2024-05-30,148,2024-01-26
2024-01-31,ZS,hiring_augmented,0.5109313705783943,0.3209192932187201,2024-04-30,2024-06-08,148,2024-01-26
2024-02-29,ADBE,baseline,0.18516169075455907,0.1132116004296455,2024-03-01,2024-03-28,151,2024-02-24
2024-02-29,CRM,baseline,0.2029013137987019,0.1074330059415544,2024-04-30,2024-05-31,151,2024-02-24
2024-02-29,CRWD,baseline,0.5765123729814796,0.3298622541800224,2024-04-30,2024-06-06,151,2024-02-24
2024-02-29,DDOG,baseline,0.5674609506909132,0.2689126743254295,2024-03-31,2024-05-09,151,2024-02-24
2024-02-29,HUBS,baseline,0.36767532816456705,0.2308400781468043,2024-03-31,2024-05-11,151,2024-02-24
2024-02-29,MDB,baseline,0.4113248791137438,0.2234196806777451,2024-04-30,2024-06-01,151,2024-02-24
2024-02-29,NET,baseline,0.38748012440687957,0.3047367967605754,2024-03-31,2024-05-03,151,2024-02-24
2024-02-29,NOW,baseline,0.28394325217752725,0.2418893129770991,2024-03-31,2024-05-07,151,2024-02-24
2024-02-29,SNOW,baseline,0.4582654820024287,0.3289132920354265,2024-04-30,2024-06-01,151,2024-02-24
2024-02-29,VEEV,baseline,0.2239776327894048,0.2356338764071628,2024-04-30,2024-06-05,151,2024-02-24
2024-02-29,WDAY,baseline,0.19048599681560793,0.1814913151482622,2024-04-30,2024-05-30,151,2024-02-24
2024-02-29,ZS,baseline,0.5112309230295552,0.3209192932187201,2024-04-30,2024-06-08,151,2024-02-24
2024-02-29,ADBE,hiring_augmented,0.12418440694338762,0.1132116004296455,2024-03-01,2024-03-28,151,2024-02-24
2024-02-29,CRM,hiring_augmented,0.13933672665020796,0.1074330059415544,2024-04-30,2024-05-31,151,2024-02-24
2024-02-29,CRWD,hiring_augmented,0.48995244192449927,0.3298622541800224,2024-04-30,2024-06-06,151,2024-02-24
2024-02-29,DDOG,hiring_augmented,0.5067824458601131,0.2689126743254295,2024-03-31,2024-05-09,151,2024-02-24
2024-02-29,HUBS,hiring_augmented,0.32131229566917663,0.2308400781468043,2024-03-31,2024-05-11,151,2024-02-24
2024-02-29,MDB,hiring_augmented,0.3576160688829161,0.2234196806777451,2024-04-30,2024-06-01,151,2024-02-24
2024-02-29,NET,hiring_augmented,0.37279457663430887,0.3047367967605754,2024-03-31,2024-05-03,151,2024-02-24
2024-02-29,NOW,hiring_augmented,0.21940183584031944,0.2418893129770991,2024-03-31,2024-05-07,151,2024-02-24
2024-02-29,SNOW,hiring_augmented,0.42821095522741326,0.3289132920354265,2024-04-30,2024-06-01,151,2024-02-24
2024-02-29,VEEV,hiring_augmented,0.1754560192066935,0.2356338764071628,2024-04-30,2024-06-05,151,2024-02-24
2024-02-29,WDAY,hiring_augmented,0.14164416808154212,0.1814913151482622,2024-04-30,2024-05-30,151,2024-02-24
2024-02-29,ZS,hiring_augmented,0.47440360269734966,0.3209192932187201,2024-04-30,2024-06-08,151,2024-02-24
2024-03-31,ADBE,baseline,0.1509565635534267,0.1023671096345515,2024-05-31,2024-06-27,159,2024-03-28
2024-03-31,CRM,baseline,0.18045575097931527,0.1074330059415544,2024-04-30,2024-05-31,159,2024-03-28
2024-03-31,CRWD,baseline,0.5439914591391501,0.3298622541800224,2024-04-30,2024-06-06,159,2024-03-28
2024-03-31,DDOG,baseline,0.5674712355201001,0.2665940407490283,2024-06-30,2024-08-10,159,2024-03-28
2024-03-31,HUBS,baseline,0.35902832031279064,0.2042794129319762,2024-06-30,2024-08-08,159,2024-03-28
2024-03-31,MDB,baseline,0.3918869347767104,0.2234196806777451,2024-04-30,2024-06-01,159,2024-03-28
2024-03-31,NET,baseline,0.3987135812942668,0.2998502401991612,2024-06-30,2024-08-02,159,2024-03-28
2024-03-31,NOW,baseline,0.2718357382318568,0.221860465116279,2024-06-30,2024-07-26,159,2024-03-28
2024-03-31,SNOW,baseline,0.42595714591959566,0.3289132920354265,2024-04-30,2024-06-01,159,2024-03-28
2024-03-31,VEEV,baseline,0.2106861822101749,0.2356338764071628,2024-04-30,2024-06-05,159,2024-03-28
2024-03-31,WDAY,baseline,0.17925407100974008,0.1814913151482622,2024-04-30,2024-05-30,159,2024-03-28
2024-03-31,ZS,baseline,0.5069179091380929,0.3209192932187201,2024-04-30,2024-06-08,159,2024-03-28
2024-03-31,ADBE,hiring_augmented,0.12009373076770642,0.1023671096345515,2024-05-31,2024-06-27,159,2024-03-28
2024-03-31,CRM,hiring_augmented,0.13680251778190905,0.1074330059415544,2024-04-30,2024-05-31,159,2024-03-28
2024-03-31,CRWD,hiring_augmented,0.47451214749459736,0.3298622541800224,2024-04-30,2024-06-06,159,2024-03-28
2024-03-31,DDOG,hiring_augmented,0.5046511510712257,0.2665940407490283,2024-06-30,2024-08-10,159,2024-03-28
2024-03-31,HUBS,hiring_augmented,0.3238644077716571,0.2042794129319762,2024-06-30,2024-08-08,159,2024-03-28
2024-03-31,MDB,hiring_augmented,0.3492748630005559,0.2234196806777451,2024-04-30,2024-06-01,159,2024-03-28
2024-03-31,NET,hiring_augmented,0.37694075589441467,0.2998502401991612,2024-06-30,2024-08-02,159,2024-03-28
2024-03-31,NOW,hiring_augmented,0.21825149801875474,0.221860465116279,2024-06-30,2024-07-26,159,2024-03-28
2024-03-31,SNOW,hiring_augmented,0.4141629693661661,0.3289132920354265,2024-04-30,2024-06-01,159,2024-03-28
2024-03-31,VEEV,hiring_augmented,0.17341202143310064,0.2356338764071628,2024-04-30,2024-06-05,159,2024-03-28
2024-03-31,WDAY,hiring_augmented,0.14667661061702203,0.1814913151482622,2024-04-30,2024-05-30,159,2024-03-28
2024-03-31,ZS,hiring_augmented,0.4667067103765328,0.3209192932187201,2024-04-30,2024-06-08,159,2024-03-28
2024-04-30,ADBE,baseline,0.14674086709420348,0.1023671096345515,2024-05-31,2024-06-27,159,2024-03-28
2024-04-30,CRM,baseline,0.1795385274847801,0.0839242124840171,2024-07-31,2024-08-30,159,2024-03-28
2024-04-30,CRWD,baseline,0.5550835492784293,0.3174381446258061,2024-07-31,2024-08-30,159,2024-03-28
2024-04-30,DDOG,baseline,0.5620491610316554,0.2665940407490283,2024-06-30,2024-08-10,159,2024-03-28
2024-04-30,HUBS,baseline,0.33776961692583735,0.2042794129319762,2024-06-30,2024-08-08,159,2024-03-28
2024-04-30,MDB,baseline,0.37661219321350314,0.1281716695257804,2024-07-31,2024-08-31,159,2024-03-28
2024-04-30,NET,baseline,0.41469928155081187,0.2998502401991612,2024-06-30,2024-08-02,159,2024-03-28
2024-04-30,NOW,baseline,0.2567582883774206,0.221860465116279,2024-06-30,2024-07-26,159,2024-03-28
2024-04-30,SNOW,baseline,0.42132496863171953,0.2890204712633788,2024-07-31,2024-08-30,159,2024-03-28
2024-04-30,VEEV,baseline,0.21308422862049878,0.1456325977381507,2024-07-31,2024-09-05,159,2024-03-28
2024-04-30,WDAY,baseline,0.1806418229018136,0.1669127350755499,2024-07-31,2024-08-29,159,2024-03-28
2024-04-30,ZS,baseline,0.5093176737504437,0.3029894111286444,2024-07-31,2024-09-13,159,2024-03-28
2024-04-30,ADBE,hiring_augmented,0.128437070014472,0.1023671096345515,2024-05-31,2024-06-27,159,2024-03-28
2024-04-30,CRM,hiring_augmented,0.14447360036686147,0.0839242124840171,2024-07-31,2024-08-30,159,2024-03-28
2024-04-30,CRWD,hiring_augmented,0.47973563048405066,0.3174381446258061,2024-07-31,2024-08-30,159,2024-03-28
2024-04-30,DDOG,hiring_augmented,0.49413554450609676,0.2665940407490283,2024-06-30,2024-08-10,159,2024-03-28
2024-04-30,HUBS,hiring_augmented,0.30901934148664373,0.2042794129319762,2024-06-30,2024-08-08,159,2024-03-28
2024-04-30,MDB,hiring_augmented,0.3598721290868124,0.1281716695257804,2024-07-31,2024-08-31,159,2024-03-28
2024-04-30,NET,hiring_augmented,0.37676128367129114,0.2998502401991612,2024-06-30,2024-08-02,159,2024-03-28
2024-04-30,NOW,hiring_augmented,0.21235434814276732,0.221860465116279,2024-06-30,2024-07-26,159,2024-03-28
2024-04-30,SNOW,hiring_augmented,0.4225911909250127,0.2890204712633788,2024-07-31,2024-08-30,159,2024-03-28
2024-04-30,VEEV,hiring_augmented,0.1804074239979014,0.1456325977381507,2024-07-31,2024-09-05,159,2024-03-28
2024-04-30,WDAY,hiring_augmented,0.1538779197414818,0.1669127350755499,2024-07-31,2024-08-29,159,2024-03-28
2024-04-30,ZS,hiring_augmented,0.4737017627572419,0.3029894111286444,2024-07-31,2024-09-13,159,2024-03-28
2024-05-31,ADBE,baseline,0.13452281339691474,0.1059304703476482,2024-08-30,2024-09-26,164,2024-05-30
2024-05-31,CRM,baseline,0.17318586963139962,0.0839242124840171,2024-07-31,2024-08-30,164,2024-05-30
2024-05-31,CRWD,baseline,0.5152856848340419,0.3174381446258061,2024-07-31,2024-08-30,164,2024-05-30
2024-05-31,DDOG,baseline,0.5156677379513033,0.2665940407490283,2024-06-30,2024-08-10,164,2024-05-30
2024-05-31,HUBS,baseline,0.3154346005832045,0.2042794129319762,2024-06-30,2024-08-08,164,2024-05-30
2024-05-31,MDB,baseline,0.3381980782169408,0.1281716695257804,2024-07-31,2024-08-31,164,2024-05-30
2024-05-31,NET,baseline,0.3800381877204261,0.2998502401991612,2024-06-30,2024-08-02,164,2024-05-30
2024-05-31,NOW,baseline,0.23842077228936806,0.221860465116279,2024-06-30,2024-07-26,164,2024-05-30
2024-05-31,SNOW,baseline,0.4200704648270121,0.2890204712633788,2024-07-31,2024-08-30,164,2024-05-30
2024-05-31,VEEV,baseline,0.21821285382224392,0.1456325977381507,2024-07-31,2024-09-05,164,2024-05-30
2024-05-31,WDAY,baseline,0.18663140569443376,0.1669127350755499,2024-07-31,2024-08-29,164,2024-05-30
2024-05-31,ZS,baseline,0.4659861959907948,0.3029894111286444,2024-07-31,2024-09-13,164,2024-05-30
2024-05-31,ADBE,hiring_augmented,0.12561253665835548,0.1059304703476482,2024-08-30,2024-09-26,164,2024-05-30
2024-05-31,CRM,hiring_augmented,0.14933950722962375,0.0839242124840171,2024-07-31,2024-08-30,164,2024-05-30
2024-05-31,CRWD,hiring_augmented,0.4730108333032896,0.3174381446258061,2024-07-31,2024-08-30,164,2024-05-30
2024-05-31,DDOG,hiring_augmented,0.4737679015483539,0.2665940407490283,2024-06-30,2024-08-10,164,2024-05-30
2024-05-31,HUBS,hiring_augmented,0.30199443477881976,0.2042794129319762,2024-06-30,2024-08-08,164,2024-05-30
2024-05-31,MDB,hiring_augmented,0.32697475017033095,0.1281716695257804,2024-07-31,2024-08-31,164,2024-05-30
2024-05-31,NET,hiring_augmented,0.37552961043998423,0.2998502401991612,2024-06-30,2024-08-02,164,2024-05-30
2024-05-31,NOW,hiring_augmented,0.2134576052301855,0.221860465116279,2024-06-30,2024-07-26,164,2024-05-30
2024-05-31,SNOW,hiring_augmented,0.41744148685695937,0.2890204712633788,2024-07-31,2024-08-30,164,2024-05-30
2024-05-31,VEEV,hiring_augmented,0.18654590891280443,0.1456325977381507,2024-07-31,2024-09-05,164,2024-05-30
2024-05-31,WDAY,hiring_augmented,0.17011059652507818,0.1669127350755499,2024-07-31,2024-08-29,164,2024-05-30
2024-05-31,ZS,hiring_augmented,0.4655627817779794,0.3029894111286444,2024-07-31,2024-09-13,164,2024-05-30
2024-06-30,ADBE,baseline,0.11459147778319356,0.1059304703476482,2024-08-30,2024-09-26,171,2024-06-27
2024-06-30,CRM,baseline,0.1629766052696916,0.0839242124840171,2024-07-31,2024-08-30,171,2024-06-27
2024-06-30,CRWD,baseline,0.5027070003608958,0.3174381446258061,2024-07-31,2024-08-30,171,2024-06-27
2024-06-30,DDOG,baseline,0.5022557930274094,0.2602203325443442,2024-09-30,2024-11-09,171,2024-06-27
2024-06-30,HUBS,baseline,0.3132834717611087,0.2011704632889552,2024-09-30,2024-11-07,171,2024-06-27
2024-06-30,MDB,baseline,0.30464163297333696,0.1281716695257804,2024-07-31,2024-08-31,171,2024-06-27
2024-06-30,NET,baseline,0.37250797787038253,0.2815201294386522,2024-09-30,2024-11-08,171,2024-06-27
2024-06-30,NOW,baseline,0.23207887379167813,0.222465034965035,2024-09-30,2024-10-25,171,2024-06-27
2024-06-30,SNOW,baseline,0.3940124732058955,0.2890204712633788,2024-07-31,2024-08-30,171,2024-06-27
2024-06-30,VEEV,baseline,0.2076336792055588,0.1456325977381507,2024-07-31,2024-09-05,171,2024-06-27
2024-06-30,WDAY,baseline,0.17950844585511663,0.1669127350755499,2024-07-31,2024-08-29,171,2024-06-27
2024-06-30,ZS,baseline,0.4519281968015769,0.3029894111286444,2024-07-31,2024-09-13,171,2024-06-27
2024-06-30,ADBE,hiring_augmented,0.12475284900819752,0.1059304703476482,2024-08-30,2024-09-26,171,2024-06-27
2024-06-30,CRM,hiring_augmented,0.15354057712983643,0.0839242124840171,2024-07-31,2024-08-30,171,2024-06-27
2024-06-30,CRWD,hiring_augmented,0.4603477756157081,0.3174381446258061,2024-07-31,2024-08-30,171,2024-06-27
2024-06-30,DDOG,hiring_augmented,0.4790179137930048,0.2602203325443442,2024-09-30,2024-11-09,171,2024-06-27
2024-06-30,HUBS,hiring_augmented,0.30838513421765257,0.2011704632889552,2024-09-30,2024-11-07,171,2024-06-27
2024-06-30,MDB,hiring_augmented,0.33353476557125766,0.1281716695257804,2024-07-31,2024-08-31,171,2024-06-27
2024-06-30,NET,hiring_augmented,0.3855627866402734,0.2815201294386522,2024-09-30,2024-11-08,171,2024-06-27
2024-06-30,NOW,hiring_augmented,0.219057214726572,0.222465034965035,2024-09-30,2024-10-25,171,2024-06-27
2024-06-30,SNOW,hiring_augmented,0.4123825587255212,0.2890204712633788,2024-07-31,2024-08-30,171,2024-06-27
2024-06-30,VEEV,hiring_augmented,0.19976969568326913,0.1456325977381507,2024-07-31,2024-09-05,171,2024-06-27
2024-06-30,WDAY,hiring_augmented,0.17917510971413697,0.1669127350755499,2024-07-31,2024-08-29,171,2024-06-27
2024-06-30,ZS,hiring_augmented,0.46564737291900615,0.3029894111286444,2024-07-31,2024-09-13,171,2024-06-27
2024-07-31,ADBE,baseline,0.11760997645590682,0.1059304703476482,2024-08-30,2024-09-26,172,2024-07-26
2024-07-31,CRM,baseline,0.16388420009242677,0.0830275229357797,2024-10-31,2024-12-05,172,2024-07-26
2024-07-31,CRWD,baseline,0.5094151595009371,0.2851908490179564,2024-10-31,2024-11-28,172,2024-07-26
2024-07-31,DDOG,baseline,0.49042635984777155,0.2602203325443442,2024-09-30,2024-11-09,172,2024-07-26
2024-07-31,HUBS,baseline,0.33779387788428905,0.2011704632889552,2024-09-30,2024-11-07,172,2024-07-26
2024-07-31,MDB,baseline,0.30505626650804424,0.222750139742873,2024-10-31,2024-12-11,172,2024-07-26
2024-07-31,NET,baseline,0.36215111513403053,0.2815201294386522,2024-09-30,2024-11-08,172,2024-07-26
2024-07-31,NOW,baseline,0.24326143491807997,0.222465034965035,2024-09-30,2024-10-25,172,2024-07-26
2024-07-31,SNOW,baseline,0.39343049861951296,0.2832043673630058,2024-10-31,2024-11-28,172,2024-07-26
2024-07-31,VEEV,baseline,0.20800964034806624,0.1341465194929481,2024-10-31,2024-12-10,172,2024-07-26
2024-07-31,WDAY,baseline,0.17968898115862697,0.1577579160357511,2024-10-31,2024-12-06,172,2024-07-26
2024-07-31,ZS,baseline,0.45299986028507283,0.2642464410321661,2024-10-31,2024-12-06,172,2024-07-26
2024-07-31,ADBE,hiring_augmented,0.12275824239466926,0.1059304703476482,2024-08-30,2024-09-26,172,2024-07-26
2024-07-31,CRM,hiring_augmented,0.15260588724582286,0.0830275229357797,2024-10-31,2024-12-05,172,2024-07-26
2024-07-31,CRWD,hiring_augmented,0.4565164786824006,0.2851908490179564,2024-10-31,2024-11-28,172,2024-07-26
2024-07-31,DDOG,hiring_augmented,0.46253304944563245,0.2602203325443442,2024-09-30,2024-11-09,172,2024-07-26
2024-07-31,HUBS,hiring_augmented,0.33380568789638854,0.2011704632889552,2024-09-30,2024-11-07,172,2024-07-26
2024-07-31,MDB,hiring_augmented,0.33283815904660474,0.222750139742873,2024-10-31,2024-12-11,172,2024-07-26
2024-07-31,NET,hiring_augmented,0.36663825547098006,0.2815201294386522,2024-09-30,2024-11-08,172,2024-07-26
2024-07-31,NOW,hiring_augmented,0.22329506407771288,0.222465034965035,2024-09-30,2024-10-25,172,2024-07-26
2024-07-31,SNOW,hiring_augmented,0.41224512351039466,0.2832043673630058,2024-10-31,2024-11-28,172,2024-07-26
2024-07-31,VEEV,hiring_augmented,0.19911438485711747,0.1341465194929481,2024-10-31,2024-12-10,172,2024-07-26
2024-07-31,WDAY,hiring_augmented,0.17859010924993415,0.1577579160357511,2024-10-31,2024-12-06,172,2024-07-26
2024-07-31,ZS,hiring_augmented,0.4645933308988742,0.2642464410321661,2024-10-31,2024-12-06,172,2024-07-26
2024-08-31,ADBE,baseline,0.10513312714156264,0.1105388272583201,2024-11-29,2025-01-14,179,2024-08-30
2024-08-31,CRM,baseline,0.14379567285044742,0.0830275229357797,2024-10-31,2024-12-05,179,2024-08-30
2024-08-31,CRWD,baseline,0.4132722183194941,0.2851908490179564,2024-10-31,2024-11-28,179,2024-08-30
2024-08-31,DDOG,baseline,0.4478550923951547,0.2602203325443442,2024-09-30,2024-11-09,179,2024-08-30
2024-08-31,HUBS,baseline,0.3192150366294597,0.2011704632889552,2024-09-30,2024-11-07,179,2024-08-30
2024-08-31,MDB,baseline,0.2815703712451847,0.222750139742873,2024-10-31,2024-12-11,179,2024-08-30
2024-08-31,NET,baseline,0.35033136424252154,0.2815201294386522,2024-09-30,2024-11-08,179,2024-08-30
2024-08-31,NOW,baseline,0.23925720782585283,0.222465034965035,2024-09-30,2024-10-25,179,2024-08-30
2024-08-31,SNOW,baseline,0.3675338361313721,0.2832043673630058,2024-10-31,2024-11-28,179,2024-08-30
2024-08-31,VEEV,baseline,0.21096863382677078,0.1341465194929481,2024-10-31,2024-12-10,179,2024-08-30
2024-08-31,WDAY,baseline,0.15363871145183208,0.1577579160357511,2024-10-31,2024-12-06,179,2024-08-30
2024-08-31,ZS,baseline,0.4279344080255299,0.2642464410321661,2024-10-31,2024-12-06,179,2024-08-30
2024-08-31,ADBE,hiring_augmented,0.11499958446525435,0.1105388272583201,2024-11-29,2025-01-14,179,2024-08-30
2024-08-31,CRM,hiring_augmented,0.13457851321470637,0.0830275229357797,2024-10-31,2024-12-05,179,2024-08-30
2024-08-31,CRWD,hiring_augmented,0.4106781171023458,0.2851908490179564,2024-10-31,2024-11-28,179,2024-08-30
2024-08-31,DDOG,hiring_augmented,0.42263588660896517,0.2602203325443442,2024-09-30,2024-11-09,179,2024-08-30
2024-08-31,HUBS,hiring_augmented,0.3232361462404513,0.2011704632889552,2024-09-30,2024-11-07,179,2024-08-30
2024-08-31,MDB,hiring_augmented,0.3071547530852183,0.222750139742873,2024-10-31,2024-12-11,179,2024-08-30
2024-08-31,NET,hiring_augmented,0.3581932236542264,0.2815201294386522,2024-09-30,2024-11-08,179,2024-08-30
2024-08-31,NOW,hiring_augmented,0.2210891931444206,0.222465034965035,2024-09-30,2024-10-25,179,2024-08-30
2024-08-31,SNOW,hiring_augmented,0.3810307934382059,0.2832043673630058,2024-10-31,2024-11-28,179,2024-08-30
2024-08-31,VEEV,hiring_augmented,0.19447757908360241,0.1341465194929481,2024-10-31,2024-12-10,179,2024-08-30
2024-08-31,WDAY,hiring_augmented,0.1580767347935828,0.1577579160357511,2024-10-31,2024-12-06,179,2024-08-30
2024-08-31,ZS,hiring_augmented,0.44424061341062787,0.2642464410321661,2024-10-31,2024-12-06,179,2024-08-30
2024-09-30,ADBE,baseline,0.10899857816286106,0.1105388272583201,2024-11-29,2025-01-14,183,2024-09-26
2024-09-30,CRM,baseline,0.14504047617826538,0.0830275229357797,2024-10-31,2024-12-05,183,2024-09-26
2024-09-30,CRWD,baseline,0.41764445555024543,0.2851908490179564,2024-10-31,2024-11-28,183,2024-09-26
2024-09-30,DDOG,baseline,0.4468693610263399,0.2511290615264334,2024-12-31,2025-02-21,183,2024-09-26
2024-09-30,HUBS,baseline,0.3204601928810816,0.2083861044997981,2024-12-31,2025-02-13,183,2024-09-26
2024-09-30,MDB,baseline,0.2736815716424532,0.222750139742873,2024-10-31,2024-12-11,183,2024-09-26
2024-09-30,NET,baseline,0.35178254482698784,0.2689110637206082,2024-12-31,2025-02-21,183,2024-09-26
2024-09-30,NOW,baseline,0.24372584174723735,0.2133771029954863,2024-12-31,2025-01-31,183,2024-09-26
2024-09-30,SNOW,baseline,0.36091911766563256,0.2832043673630058,2024-10-31,2024-11-28,183,2024-09-26
2024-09-30,VEEV,baseline,0.21011027867960752,0.1341465194929481,2024-10-31,2024-12-10,183,2024-09-26
2024-09-30,WDAY,baseline,0.1619067491260457,0.1577579160357511,2024-10-31,2024-12-06,183,2024-09-26
2024-09-30,ZS,baseline,0.4216557401090286,0.2642464410321661,2024-10-31,2024-12-06,183,2024-09-26
2024-09-30,ADBE,hiring_augmented,0.10962001108869181,0.1105388272583201,2024-11-29,2025-01-14,183,2024-09-26
2024-09-30,CRM,hiring_augmented,0.13014638997534855,0.0830275229357797,2024-10-31,2024-12-05,183,2024-09-26
2024-09-30,CRWD,hiring_augmented,0.4023113334279502,0.2851908490179564,2024-10-31,2024-11-28,183,2024-09-26
2024-09-30,DDOG,hiring_augmented,0.41528261275153083,0.2511290615264334,2024-12-31,2025-02-21,183,2024-09-26
2024-09-30,HUBS,hiring_augmented,0.3164298853775598,0.2083861044997981,2024-12-31,2025-02-13,183,2024-09-26
2024-09-30,MDB,hiring_augmented,0.28590973226845684,0.222750139742873,2024-10-31,2024-12-11,183,2024-09-26
2024-09-30,NET,hiring_augmented,0.3515335163446732,0.2689110637206082,2024-12-31,2025-02-21,183,2024-09-26
2024-09-30,NOW,hiring_augmented,0.21770195359080713,0.2133771029954863,2024-12-31,2025-01-31,183,2024-09-26
2024-09-30,SNOW,hiring_augmented,0.37297280778619657,0.2832043673630058,2024-10-31,2024-11-28,183,2024-09-26
2024-09-30,VEEV,hiring_augmented,0.1849664283641894,0.1341465194929481,2024-10-31,2024-12-10,183,2024-09-26
2024-09-30,WDAY,hiring_augmented,0.1517180019156741,0.1577579160357511,2024-10-31,2024-12-06,183,2024-09-26
2024-09-30,ZS,hiring_augmented,0.4284251095464234,0.2642464410321661,2024-10-31,2024-12-06,183,2024-09-26
2024-10-31,ADBE,baseline,0.10401283770600772,0.1105388272583201,2024-11-29,2025-01-14,184,2024-10-25
2024-10-31,CRM,baseline,0.09570423190705227,0.0760202433509207,2025-01-31,2025-03-06,184,2024-10-25
2024-10-31,CRWD,baseline,0.40255686609744795,0.2522112535267082,2025-01-31,2025-03-11,184,2024-10-25
2024-10-31,DDOG,baseline,0.42485274894449904,0.2511290615264334,2024-12-31,2025-02-21,184,2024-10-25
2024-10-31,HUBS,baseline,0.384726437037851,0.2083861044997981,2024-12-31,2025-02-13,184,2024-10-25
2024-10-31,MDB,baseline,0.2602381548178285,0.197370317160187,2025-01-31,2025-03-22,184,2024-10-25
2024-10-31,NET,baseline,0.3545298063090808,0.2689110637206082,2024-12-31,2025-02-21,184,2024-10-25
2024-10-31,NOW,baseline,0.25104264469701965,0.2133771029954863,2024-12-31,2025-01-31,184,2024-10-25
2024-10-31,SNOW,baseline,0.33352372258741814,0.2737463195382981,2025-01-31,2025-03-22,184,2024-10-25
2024-10-31,VEEV,baseline,0.1962776377371837,0.1431421240751136,2025-01-31,2025-03-25,184,2024-10-25
2024-10-31,WDAY,baseline,0.14364117559160208,0.1502163873841395,2025-01-31,2025-03-12,184,2024-10-25
2024-10-31,ZS,baseline,0.3941511277071601,0.234097588757312,2025-01-31,2025-03-11,184,2024-10-25
2024-10-31,ADBE,hiring_augmented,0.11318547778847105,0.1105388272583201,2024-11-29,2025-01-14,184,2024-10-25
2024-10-31,CRM,hiring_augmented,0.08713339366128266,0.0760202433509207,2025-01-31,2025-03-06,184,2024-10-25
2024-10-31,CRWD,hiring_augmented,0.39080030233485435,0.2522112535267082,2025-01-31,2025-03-11,184,2024-10-25
2024-10-31,DDOG,hiring_augmented,0.3894691296642347,0.2511290615264334,2024-12-31,2025-02-21,184,2024-10-25
2024-10-31,HUBS,hiring_augmented,0.3635681729646868,0.2083861044997981,2024-12-31,2025-02-13,184,2024-10-25
2024-10-31,MDB,hiring_augmented,0.2864525876267575,0.197370317160187,2025-01-31,2025-03-22,184,2024-10-25
2024-10-31,NET,hiring_augmented,0.3482603976424756,0.2689110637206082,2024-12-31,2025-02-21,184,2024-10-25
2024-10-31,NOW,hiring_augmented,0.22761879984156208,0.2133771029954863,2024-12-31,2025-01-31,184,2024-10-25
2024-10-31,SNOW,hiring_augmented,0.34239208203344584,0.2737463195382981,2025-01-31,2025-03-22,184,2024-10-25
2024-10-31,VEEV,hiring_augmented,0.179404450214101,0.1431421240751136,2025-01-31,2025-03-25,184,2024-10-25
2024-10-31,WDAY,hiring_augmented,0.14043638309685047,0.1502163873841395,2025-01-31,2025-03-12,184,2024-10-25
2024-10-31,ZS,hiring_augmented,0.41276740231386133,0.234097588757312,2025-01-31,2025-03-11,184,2024-10-25
2024-11-30,ADBE,baseline,0.089921086246641,0.1026630644538788,2025-02-28,2025-03-27,189,2024-11-28
2024-11-30,CRM,baseline,0.08554951180688226,0.0760202433509207,2025-01-31,2025-03-06,189,2024-11-28
2024-11-30,CRWD,baseline,0.3674900361407754,0.2522112535267082,2025-01-31,2025-03-11,189,2024-11-28
2024-11-30,DDOG,baseline,0.37787649604197765,0.2511290615264334,2024-12-31,2025-02-21,189,2024-11-28
2024-11-30,HUBS,baseline,0.3622635283962102,0.2083861044997981,2024-12-31,2025-02-13,189,2024-11-28
2024-11-30,MDB,baseline,0.255049391223117,0.197370317160187,2025-01-31,2025-03-22,189,2024-11-28
2024-11-30,NET,baseline,0.3327103786702125,0.2689110637206082,2024-12-31,2025-02-21,189,2024-11-28
2024-11-30,NOW,baseline,0.2422782536146717,0.2133771029954863,2024-12-31,2025-01-31,189,2024-11-28
2024-11-30,SNOW,baseline,0.29522532230220067,0.2737463195382981,2025-01-31,2025-03-22,189,2024-11-28
2024-11-30,VEEV,baseline,0.18838319304676815,0.1431421240751136,2025-01-31,2025-03-25,189,2024-11-28
2024-11-30,WDAY,baseline,0.13240380124648868,0.1502163873841395,2025-01-31,2025-03-12,189,2024-11-28
2024-11-30,ZS,baseline,0.3865079800781356,0.234097588757312,2025-01-31,2025-03-11,189,2024-11-28
2024-11-30,ADBE,hiring_augmented,0.10884962760230821,0.1026630644538788,2025-02-28,2025-03-27,189,2024-11-28
2024-11-30,CRM,hiring_augmented,0.08837535781035279,0.0760202433509207,2025-01-31,2025-03-06,189,2024-11-28
2024-11-30,CRWD,hiring_augmented,0.37239367028332304,0.2522112535267082,2025-01-31,2025-03-11,189,2024-11-28
2024-11-30,DDOG,hiring_augmented,0.3602007525679823,0.2511290615264334,2024-12-31,2025-02-21,189,2024-11-28
2024-11-30,HUBS,hiring_augmented,0.34864534940049274,0.2083861044997981,2024-12-31,2025-02-13,189,2024-11-28
2024-11-30,MDB,hiring_augmented,0.2881905490164355,0.197370317160187,2025-01-31,2025-03-22,189,2024-11-28
2024-11-30,NET,hiring_augmented,0.3396452841791494,0.2689110637206082,2024-12-31,2025-02-21,189,2024-11-28
2024-11-30,NOW,hiring_augmented,0.2290905013844681,0.2133771029954863,2024-12-31,2025-01-31,189,2024-11-28
2024-11-30,SNOW,hiring_augmented,0.3121865450181357,0.2737463195382981,2025-01-31,2025-03-22,189,2024-11-28
2024-11-30,VEEV,hiring_augmented,0.17071512813982342,0.1431421240751136,2025-01-31,2025-03-25,189,2024-11-28
2024-11-30,WDAY,hiring_augmented,0.14325317652764366,0.1502163873841395,2025-01-31,2025-03-12,189,2024-11-28
2024-11-30,ZS,hiring_augmented,0.4133253290833128,0.234097588757312,2025-01-31,2025-03-11,189,2024-11-28
2024-12-31,ADBE,baseline,0.0873855057726429,0.1026630644538788,2025-02-28,2025-03-27,194,2024-12-11
2024-12-31,CRM,baseline,0.08482825235764982,0.0760202433509207,2025-01-31,2025-03-06,194,2024-12-11
2024-12-31,CRWD,baseline,0.36714209915338936,0.2522112535267082,2025-01-31,2025-03-11,194,2024-12-11
2024-12-31,DDOG,baseline,0.3646677700056383,0.2458883637380919,2025-03-31,2025-05-08,194,2024-12-11
2024-12-31,HUBS,baseline,0.28891024565300427,0.1566582552387863,2025-03-31,2025-05-09,194,2024-12-11
2024-12-31,MDB,baseline,0.25651938795993245,0.197370317160187,2025-01-31,2025-03-22,194,2024-12-11
2024-12-31,NET,baseline,0.3080101389421162,0.2654106423103946,2025-03-31,2025-05-09,194,2024-12-11
2024-12-31,NOW,baseline,0.23281884590401494,0.1863234729158662,2025-03-31,2025-04-24,194,2024-12-11
2024-12-31,SNOW,baseline,0.29850907438335084,0.2737463195382981,2025-01-31,2025-03-22,194,2024-12-11
2024-12-31,VEEV,baseline,0.18275102591665457,0.1431421240751136,2025-01-31,2025-03-25,194,2024-12-11
2024-12-31,WDAY,baseline,0.1329627447678651,0.1502163873841395,2025-01-31,2025-03-12,194,2024-12-11
2024-12-31,ZS,baseline,0.3772571348009255,0.234097588757312,2025-01-31,2025-03-11,194,2024-12-11
2024-12-31,ADBE,hiring_augmented,0.09723189739322768,0.1026630644538788,2025-02-28,2025-03-27,194,2024-12-11
2024-12-31,CRM,hiring_augmented,0.07776681668680599,0.0760202433509207,2025-01-31,2025-03-06,194,2024-12-11
2024-12-31,CRWD,hiring_augmented,0.3619074263794493,0.2522112535267082,2025-01-31,2025-03-11,194,2024-12-11
2024-12-31,DDOG,hiring_augmented,0.33683395862202864,0.2458883637380919,2025-03-31,2025-05-08,194,2024-12-11
2024-12-31,HUBS,hiring_augmented,0.27726442185104594,0.1566582552387863,2025-03-31,2025-05-09,194,2024-12-11
2024-12-31,MDB,hiring_augmented,0.2765884065367533,0.197370317160187,2025-01-31,2025-03-22,194,2024-12-11
2024-12-31,NET,hiring_augmented,0.3105970130826188,0.2654106423103946,2025-03-31,2025-05-09,194,2024-12-11
2024-12-31,NOW,hiring_augmented,0.2121341263077106,0.1863234729158662,2025-03-31,2025-04-24,194,2024-12-11
2024-12-31,SNOW,hiring_augmented,0.299604824087054,0.2737463195382981,2025-01-31,2025-03-22,194,2024-12-11
2024-12-31,VEEV,hiring_augmented,0.16058493155507633,0.1431421240751136,2025-01-31,2025-03-25,194,2024-12-11
2024-12-31,WDAY,hiring_augmented,0.13577081298289073,0.1502163873841395,2025-01-31,2025-03-12,194,2024-12-11
2024-12-31,ZS,hiring_augmented,0.39597515161913843,0.234097588757312,2025-01-31,2025-03-11,194,2024-12-11
2025-01-31,ADBE,baseline,0.08326367806573613,0.1026630644538788,2025-02-28,2025-03-27,195,2025-01-14
2025-01-31,CRM,baseline,0.0821731280823487,0.0762071608452863,2025-04-30,2025-05-30,195,2025-01-14
2025-01-31,CRWD,baseline,0.3474518391909536,0.1980356902444637,2025-04-30,2025-06-05,195,2025-01-14
2025-01-31,DDOG,baseline,0.361188537896707,0.2458883637380919,2025-03-31,2025-05-08,195,2025-01-14
2025-01-31,HUBS,baseline,0.2855440239271972,0.1566582552387863,2025-03-31,2025-05-09,195,2025-01-14
2025-01-31,MDB,baseline,0.22031086247951254,0.2185120327769159,2025-04-30,2025-06-05,195,2025-01-14
2025-01-31,NET,baseline,0.31376919591020325,0.2654106423103946,2025-03-31,2025-05-09,195,2025-01-14
2025-01-31,NOW,baseline,0.22947286704742678,0.1863234729158662,2025-03-31,2025-04-24,195,2025-01-14
2025-01-31,SNOW,baseline,0.2587475048606883,0.2574667344025465,2025-04-30,2025-05-31,195,2025-01-14
2025-01-31,VEEV,baseline,0.16692857135258404,0.1671389800798037,2025-04-30,2025-06-03,195,2025-01-14
2025-01-31,WDAY,baseline,0.122426656651514,0.1256281407035175,2025-04-30,2025-05-24,195,2025-01-14
2025-01-31,ZS,baseline,0.3611374052467178,0.2256557743026495,2025-04-30,2025-05-30,195,2025-01-14
2025-01-31,ADBE,hiring_augmented,0.10001144051399989,0.1026630644538788,2025-02-28,2025-03-27,195,2025-01-14
2025-01-31,CRM,hiring_augmented,0.07928766771766173,0.0762071608452863,2025-04-30,2025-05-30,195,2025-01-14
2025-01-31,CRWD,hiring_augmented,0.3520502999992573,0.1980356902444637,2025-04-30,2025-06-05,195,2025-01-14
2025-01-31,DDOG,hiring_augmented,0.3392437385122009,0.2458883637380919,2025-03-31,2025-05-08,195,2025-01-14
2025-01-31,HUBS,hiring_augmented,0.2795658480326059,0.1566582552387863,2025-03-31,2025-05-09,195,2025-01-14
2025-01-31,MDB,hiring_augmented,0.24696384680859645,0.2185120327769159,2025-04-30,2025-06-05,195,2025-01-14
2025-01-31,NET,hiring_augmented,0.3120805409370013,0.2654106423103946,2025-03-31,2025-05-09,195,2025-01-14
2025-01-31,NOW,hiring_augmented,0.21441484996441282,0.1863234729158662,2025-03-31,2025-04-24,195,2025-01-14
2025-01-31,SNOW,hiring_augmented,0.2680149773121461,0.2574667344025465,2025-04-30,2025-05-31,195,2025-01-14
2025-01-31,VEEV,hiring_augmented,0.15556098146265276,0.1671389800798037,2025-04-30,2025-06-03,195,2025-01-14
2025-01-31,WDAY,hiring_augmented,0.12973099546149458,0.1256281407035175,2025-04-30,2025-05-24,195,2025-01-14
2025-01-31,ZS,hiring_augmented,0.3869962808754048,0.2256557743026495,2025-04-30,2025-05-30,195,2025-01-14
2025-02-28,ADBE,baseline,0.08295024744650459,0.1062346957995856,2025-05-30,2025-06-26,199,2025-02-21
2025-02-28,CRM,baseline,0.07872624173153231,0.0762071608452863,2025-04-30,2025-05-30,199,2025-02-21
2025-02-28,CRWD,baseline,0.34118276081046983,0.1980356902444637,2025-04-30,2025-06-05,199,2025-02-21
2025-02-28,DDOG,baseline,0.3400186074474899,0.2458883637380919,2025-03-31,2025-05-08,199,2025-02-21
2025-02-28,HUBS,baseline,0.2787235481885926,0.1566582552387863,2025-03-31,2025-05-09,199,2025-02-21
2025-02-28,MDB,baseline,0.2194307547508061,0.2185120327769159,2025-04-30,2025-06-05,199,2025-02-21
2025-02-28,NET,baseline,0.3098749771331785,0.2654106423103946,2025-03-31,2025-05-09,199,2025-02-21
2025-02-28,NOW,baseline,0.2260351389704085,0.1863234729158662,2025-03-31,2025-04-24,199,2025-02-21
2025-02-28,SNOW,baseline,0.2526738818448775,0.2574667344025465,2025-04-30,2025-05-31,199,2025-02-21
2025-02-28,VEEV,baseline,0.16249854970353275,0.1671389800798037,2025-04-30,2025-06-03,199,2025-02-21
2025-02-28,WDAY,baseline,0.12277350043859418,0.1256281407035175,2025-04-30,2025-05-24,199,2025-02-21
2025-02-28,ZS,baseline,0.36206906742058675,0.2256557743026495,2025-04-30,2025-05-30,199,2025-02-21
2025-02-28,ADBE,hiring_augmented,0.09630289248284127,0.1062346957995856,2025-05-30,2025-06-26,199,2025-02-21
2025-02-28,CRM,hiring_augmented,0.07792236986134249,0.0762071608452863,2025-04-30,2025-05-30,199,2025-02-21
2025-02-28,CRWD,hiring_augmented,0.3429742663545348,0.1980356902444637,2025-04-30,2025-06-05,199,2025-02-21
2025-02-28,DDOG,hiring_augmented,0.3210380645888248,0.2458883637380919,2025-03-31,2025-05-08,199,2025-02-21
2025-02-28,HUBS,hiring_augmented,0.26800407474343724,0.1566582552387863,2025-03-31,2025-05-09,199,2025-02-21
2025-02-28,MDB,hiring_augmented,0.24367945184268766,0.2185120327769159,2025-04-30,2025-06-05,199,2025-02-21
2025-02-28,NET,hiring_augmented,0.30515830250423254,0.2654106423103946,2025-03-31,2025-05-09,199,2025-02-21
2025-02-28,NOW,hiring_augmented,0.21301992458455607,0.1863234729158662,2025-03-31,2025-04-24,199,2025-02-21
2025-02-28,SNOW,hiring_augmented,0.2551110319902649,0.2574667344025465,2025-04-30,2025-05-31,199,2025-02-21
2025-02-28,VEEV,hiring_augmented,0.14965289027129958,0.1671389800798037,2025-04-30,2025-06-03,199,2025-02-21
2025-02-28,WDAY,hiring_augmented,0.128751143687116,0.1256281407035175,2025-04-30,2025-05-24,199,2025-02-21
2025-02-28,ZS,hiring_augmented,0.38391750149490916,0.2256557743026495,2025-04-30,2025-05-30,199,2025-02-21
2025-03-31,ADBE,baseline,0.08790449896398532,0.1062346957995856,2025-05-30,2025-06-26,207,2025-03-27
2025-03-31,CRM,baseline,0.07224267898801406,0.0762071608452863,2025-04-30,2025-05-30,207,2025-03-27
2025-03-31,CRWD,baseline,0.3304288446853236,0.1980356902444637,2025-04-30,2025-06-05,207,2025-03-27
2025-03-31,DDOG,baseline,0.32973980448340423,0.2812442369889614,2025-06-30,2025-08-09,207,2025-03-27
2025-03-31,HUBS,baseline,0.27368327709692997,0.1940209971281954,2025-06-30,2025-08-07,207,2025-03-27
2025-03-31,MDB,baseline,0.2180130242442962,0.2185120327769159,2025-04-30,2025-06-05,207,2025-03-27
2025-03-31,NET,baseline,0.3113323846981735,0.2776087542020369,2025-06-30,2025-08-01,207,2025-03-27
2025-03-31,NOW,baseline,0.22205432855178892,0.2238294632660828,2025-06-30,2025-07-25,207,2025-03-27
2025-03-31,SNOW,baseline,0.25010967454728283,0.2574667344025465,2025-04-30,2025-05-31,207,2025-03-27
2025-03-31,VEEV,baseline,0.15661807748371992,0.1671389800798037,2025-04-30,2025-06-03,207,2025-03-27
2025-03-31,WDAY,baseline,0.12544540667317355,0.1256281407035175,2025-04-30,2025-05-24,207,2025-03-27
2025-03-31,ZS,baseline,0.3587530238169636,0.2256557743026495,2025-04-30,2025-05-30,207,2025-03-27
2025-03-31,ADBE,hiring_augmented,0.0923441633977436,0.1062346957995856,2025-05-30,2025-06-26,207,2025-03-27
2025-03-31,CRM,hiring_augmented,0.07117047809033686,0.0762071608452863,2025-04-30,2025-05-30,207,2025-03-27
2025-03-31,CRWD,hiring_augmented,0.3276478133822192,0.1980356902444637,2025-04-30,2025-06-05,207,2025-03-27
2025-03-31,DDOG,hiring_augmented,0.31099936117247906,0.2812442369889614,2025-06-30,2025-08-09,207,2025-03-27
2025-03-31,HUBS,hiring_augmented,0.26190264954144726,0.1940209971281954,2025-06-30,2025-08-07,207,2025-03-27
2025-03-31,MDB,hiring_augmented,0.23047931226850651,0.2185120327769159,2025-04-30,2025-06-05,207,2025-03-27
2025-03-31,NET,hiring_augmented,0.29826887563623217,0.2776087542020369,2025-06-30,2025-08-01,207,2025-03-27
2025-03-31,NOW,hiring_augmented,0.20809009397647873,0.2238294632660828,2025-06-30,2025-07-25,207,2025-03-27
2025-03-31,SNOW,hiring_augmented,0.24254564545797258,0.2574667344025465,2025-04-30,2025-05-31,207,2025-03-27
2025-03-31,VEEV,hiring_augmented,0.14278015604473082,0.1671389800798037,2025-04-30,2025-06-03,207,2025-03-27
2025-03-31,WDAY,hiring_augmented,0.12352314595529898,0.1256281407035175,2025-04-30,2025-05-24,207,2025-03-27
2025-03-31,ZS,hiring_augmented,0.3673888064207047,0.2256557743026495,2025-04-30,2025-05-30,207,2025-03-27
2025-04-30,ADBE,baseline,0.08627250682511728,0.1062346957995856,2025-05-30,2025-06-26,208,2025-04-24
2025-04-30,CRM,baseline,0.0725076327240785,0.0976943699731902,2025-07-31,2025-09-05,208,2025-04-24
2025-04-30,CRWD,baseline,0.3300024636344833,0.2127668404103448,2025-07-31,2025-08-29,208,2025-04-24
2025-04-30,DDOG,baseline,0.30390951739059213,0.2812442369889614,2025-06-30,2025-08-09,208,2025-04-24
2025-04-30,HUBS,baseline,0.26290380289719106,0.1940209971281954,2025-06-30,2025-08-07,208,2025-04-24
2025-04-30,MDB,baseline,0.20822429014160526,0.2369606094007852,2025-07-31,2025-08-28,208,2025-04-24
2025-04-30,NET,baseline,0.30328458713838524,0.2776087542020369,2025-06-30,2025-08-01,208,2025-04-24
2025-04-30,NOW,baseline,0.21556658801361223,0.2238294632660828,2025-06-30,2025-07-25,208,2025-04-24
2025-04-30,SNOW,baseline,0.24431982593847656,0.317839191642026,2025-07-31,2025-09-06,208,2025-04-24
2025-04-30,VEEV,baseline,0.1639320208257003,0.1669671286238447,2025-07-31,2025-08-30,208,2025-04-24
2025-04-30,WDAY,baseline,0.124991787308472,0.1261390887290168,2025-07-31,2025-08-23,208,2025-04-24
2025-04-30,ZS,baseline,0.3634234206839629,0.2131300727986669,2025-07-31,2025-09-12,208,2025-04-24
2025-04-30,ADBE,hiring_augmented,0.08852636276339182,0.1062346957995856,2025-05-30,2025-06-26,208,2025-04-24
2025-04-30,CRM,hiring_augmented,0.06747325588168655,0.0976943699731902,2025-07-31,2025-09-05,208,2025-04-24
2025-04-30,CRWD,hiring_augmented,0.32394679328244746,0.2127668404103448,2025-07-31,2025-08-29,208,2025-04-24
2025-04-30,DDOG,hiring_augmented,0.29040618164438947,0.2812442369889614,2025-06-30,2025-08-09,208,2025-04-24
2025-04-30,HUBS,hiring_augmented,0.2539442316024891,0.1940209971281954,2025-06-30,2025-08-07,208,2025-04-24
2025-04-30,MDB,hiring_augmented,0.2263936070832536,0.2369606094007852,2025-07-31,2025-08-28,208,2025-04-24
2025-04-30,NET,hiring_augmented,0.29381340455779303,0.2776087542020369,2025-06-30,2025-08-01,208,2025-04-24
2025-04-30,NOW,hiring_augmented,0.20196159868508445,0.2238294632660828,2025-06-30,2025-07-25,208,2025-04-24
2025-04-30,SNOW,hiring_augmented,0.23855901081584321,0.317839191642026,2025-07-31,2025-09-06,208,2025-04-24
2025-04-30,VEEV,hiring_augmented,0.13942094325907686,0.1669671286238447,2025-07-31,2025-08-30,208,2025-04-24
2025-04-30,WDAY,hiring_augmented,0.11980756804606435,0.1261390887290168,2025-07-31,2025-08-23,208,2025-04-24
2025-04-30,ZS,hiring_augmented,0.3639072509922574,0.2131300727986669,2025-07-31,2025-09-12,208,2025-04-24
2025-05-31,ADBE,baseline,0.08399223068843663,0.107248520710059,2025-08-29,2025-09-25,214,2025-05-30
2025-05-31,CRM,baseline,0.0744038094119718,0.0976943699731902,2025-07-31,2025-09-05,214,2025-05-30
2025-05-31,CRWD,baseline,0.31094063239351744,0.2127668404103448,2025-07-31,2025-08-29,214,2025-05-30
2025-05-31,DDOG,baseline,0.2984490117792119,0.2812442369889614,2025-06-30,2025-08-09,214,2025-05-30
2025-05-31,HUBS,baseline,0.25673425717205256,0.1940209971281954,2025-06-30,2025-08-07,214,2025-05-30
2025-05-31,MDB,baseline,0.2243280237473505,0.2369606094007852,2025-07-31,2025-08-28,214,2025-05-30
2025-05-31,NET,baseline,0.31760174654767076,0.2776087542020369,2025-06-30,2025-08-01,214,2025-05-30
2025-05-31,NOW,baseline,0.22679560100202223,0.2238294632660828,2025-06-30,2025-07-25,214,2025-05-30
2025-05-31,SNOW,baseline,0.24499205036695687,0.317839191642026,2025-07-31,2025-09-06,214,2025-05-30
2025-05-31,VEEV,baseline,0.16715173245583542,0.1669671286238447,2025-07-31,2025-08-30,214,2025-05-30
2025-05-31,WDAY,baseline,0.13464910923550888,0.1261390887290168,2025-07-31,2025-08-23,214,2025-05-30
2025-05-31,ZS,baseline,0.346399756273464,0.2131300727986669,2025-07-31,2025-09-12,214,2025-05-30
2025-05-31,ADBE,hiring_augmented,0.08908476924766445,0.107248520710059,2025-08-29,2025-09-25,214,2025-05-30
2025-05-31,CRM,hiring_augmented,0.06734471432313695,0.0976943699731902,2025-07-31,2025-09-05,214,2025-05-30
2025-05-31,CRWD,hiring_augmented,0.30397499916152687,0.2127668404103448,2025-07-31,2025-08-29,214,2025-05-30
2025-05-31,DDOG,hiring_augmented,0.28504392308861676,0.2812442369889614,2025-06-30,2025-08-09,214,2025-05-30
2025-05-31,HUBS,hiring_augmented,0.2497086829596009,0.1940209971281954,2025-06-30,2025-08-07,214,2025-05-30
2025-05-31,MDB,hiring_augmented,0.23295499919098808,0.2369606094007852,2025-07-31,2025-08-28,214,2025-05-30
2025-05-31,NET,hiring_augmented,0.2942911828328616,0.2776087542020369,2025-06-30,2025-08-01,214,2025-05-30
2025-05-31,NOW,hiring_augmented,0.20553717298712676,0.2238294632660828,2025-06-30,2025-07-25,214,2025-05-30
2025-05-31,SNOW,hiring_augmented,0.23512284142338852,0.317839191642026,2025-07-31,2025-09-06,214,2025-05-30
2025-05-31,VEEV,hiring_augmented,0.14041717527997088,0.1669671286238447,2025-07-31,2025-08-30,214,2025-05-30
2025-05-31,WDAY,hiring_augmented,0.12515367359334556,0.1261390887290168,2025-07-31,2025-08-23,214,2025-05-30
2025-05-31,ZS,hiring_augmented,0.3422194335499461,0.2131300727986669,2025-07-31,2025-09-12,214,2025-05-30
2025-06-30,ADBE,baseline,0.14308944548541172,0.107248520710059,2025-08-29,2025-09-25,219,2025-06-26
2025-06-30,CRM,baseline,0.06960840353743698,0.0976943699731902,2025-07-31,2025-09-05,219,2025-06-26
2025-06-30,CRWD,baseline,0.2974416104941325,0.2127668404103448,2025-07-31,2025-08-29,219,2025-06-26
2025-06-30,DDOG,baseline,0.29541629521700685,0.2835224110745258,2025-09-30,2025-11-08,219,2025-06-26
2025-06-30,HUBS,baseline,0.2559789079292672,0.2087391615314437,2025-09-30,2025-11-06,219,2025-06-26
2025-06-30,MDB,baseline,0.22428818620222074,0.2369606094007852,2025-07-31,2025-08-28,219,2025-06-26
2025-06-30,NET,baseline,0.3253841307709842,0.306790333006264,2025-09-30,2025-10-31,219,2025-06-26
2025-06-30,NOW,baseline,0.22051208732084276,0.2180908115838398,2025-09-30,2025-10-31,219,2025-06-26
2025-06-30,SNOW,baseline,0.2567432477284336,0.317839191642026,2025-07-31,2025-09-06,219,2025-06-26
2025-06-30,VEEV,baseline,0.1742228801444978,0.1669671286238447,2025-07-31,2025-08-30,219,2025-06-26
2025-06-30,WDAY,baseline,0.13264332527930434,0.1261390887290168,2025-07-31,2025-08-23,219,2025-06-26
2025-06-30,ZS,baseline,0.3495993899419357,0.2131300727986669,2025-07-31,2025-09-12,219,2025-06-26
2025-06-30,ADBE,hiring_augmented,0.13929233373825267,0.107248520710059,2025-08-29,2025-09-25,219,2025-06-26
2025-06-30,CRM,hiring_augmented,0.06488918074084642,0.0976943699731902,2025-07-31,2025-09-05,219,2025-06-26
2025-06-30,CRWD,hiring_augmented,0.2939180262514429,0.2127668404103448,2025-07-31,2025-08-29,219,2025-06-26
2025-06-30,DDOG,hiring_augmented,0.2812762946768084,0.2835224110745258,2025-09-30,2025-11-08,219,2025-06-26
2025-06-30,HUBS,hiring_augmented,0.24734833939376316,0.2087391615314437,2025-09-30,2025-11-06,219,2025-06-26
2025-06-30,MDB,hiring_augmented,0.22971709709704696,0.2369606094007852,2025-07-31,2025-08-28,219,2025-06-26
2025-06-30,NET,hiring_augmented,0.29280738425246355,0.306790333006264,2025-09-30,2025-10-31,219,2025-06-26
2025-06-30,NOW,hiring_augmented,0.20347392708057996,0.2180908115838398,2025-09-30,2025-10-31,219,2025-06-26
2025-06-30,SNOW,hiring_augmented,0.23366578626750678,0.317839191642026,2025-07-31,2025-09-06,219,2025-06-26
2025-06-30,VEEV,hiring_augmented,0.14009424916549149,0.1669671286238447,2025-07-31,2025-08-30,219,2025-06-26
2025-06-30,WDAY,hiring_augmented,0.12321690147373639,0.1261390887290168,2025-07-31,2025-08-23,219,2025-06-26
2025-06-30,ZS,hiring_augmented,0.34012595666231077,0.2131300727986669,2025-07-31,2025-09-12,219,2025-06-26
2025-07-31,ADBE,baseline,0.1413469023561732,0.107248520710059,2025-08-29,2025-09-25,220,2025-07-25
2025-07-31,CRM,baseline,0.07042516628198317,0.0862981787378229,2025-10-31,2025-12-05,220,2025-07-25
2025-07-31,CRWD,baseline,0.33412142057676164,0.2218084337611787,2025-10-31,2025-12-04,220,2025-07-25
2025-07-31,DDOG,baseline,0.31902754446703846,0.2835224110745258,2025-09-30,2025-11-08,220,2025-07-25
2025-07-31,HUBS,baseline,0.25634256543834444,0.2087391615314437,2025-09-30,2025-11-06,220,2025-07-25
2025-07-31,MDB,baseline,0.22719928503581716,0.1868883116883117,2025-10-31,2025-12-03,220,2025-07-25
2025-07-31,NET,baseline,0.3502457566174904,0.306790333006264,2025-09-30,2025-10-31,220,2025-07-25
2025-07-31,NOW,baseline,0.20865831168671797,0.2180908115838398,2025-09-30,2025-10-31,220,2025-07-25
2025-07-31,SNOW,baseline,0.2640909856453749,0.2874606992508179,2025-10-31,2025-12-06,220,2025-07-25
2025-07-31,VEEV,baseline,0.17316122401446532,0.160222938271499,2025-10-31,2025-11-22,220,2025-07-25
2025-07-31,WDAY,baseline,0.13068906881696474,0.125925925925926,2025-10-31,2025-11-27,220,2025-07-25
2025-07-31,ZS,baseline,0.36159497646861893,0.2550453456059749,2025-10-31,2025-11-26,220,2025-07-25
2025-07-31,ADBE,hiring_augmented,0.14129735835714574,0.107248520710059,2025-08-29,2025-09-25,220,2025-07-25
2025-07-31,CRM,hiring_augmented,0.06718083660107865,0.0862981787378229,2025-10-31,2025-12-05,220,2025-07-25
2025-07-31,CRWD,hiring_augmented,0.29908008060989993,0.2218084337611787,2025-10-31,2025-12-04,220,2025-07-25
2025-07-31,DDOG,hiring_augmented,0.2972051172931085,0.2835224110745258,2025-09-30,2025-11-08,220,2025-07-25
2025-07-31,HUBS,hiring_augmented,0.24567566751148812,0.2087391615314437,2025-09-30,2025-11-06,220,2025-07-25
2025-07-31,MDB,hiring_augmented,0.2320995991714717,0.1868883116883117,2025-10-31,2025-12-03,220,2025-07-25
2025-07-31,NET,hiring_augmented,0.29964663010109055,0.306790333006264,2025-09-30,2025-10-31,220,2025-07-25
2025-07-31,NOW,hiring_augmented,0.19629228883390767,0.2180908115838398,2025-09-30,2025-10-31,220,2025-07-25
2025-07-31,SNOW,hiring_augmented,0.23655269591027733,0.2874606992508179,2025-10-31,2025-12-06,220,2025-07-25
2025-07-31,VEEV,hiring_augmented,0.1422806873712959,0.160222938271499,2025-10-31,2025-11-22,220,2025-07-25
2025-07-31,WDAY,hiring_augmented,0.12529503714514922,0.125925925925926,2025-10-31,2025-11-27,220,2025-07-25
2025-07-31,ZS,hiring_augmented,0.3433420467505725,0.2550453456059749,2025-10-31,2025-11-26,220,2025-07-25
2025-08-31,ADBE,baseline,0.13655606953624794,0.104887620406707,2025-11-28,2026-01-16,227,2025-08-30
2025-08-31,CRM,baseline,0.06359997601096645,0.0862981787378229,2025-10-31,2025-12-05,227,2025-08-30
2025-08-31,CRWD,baseline,0.31777439149339426,0.2218084337611787,2025-10-31,2025-12-04,227,2025-08-30
2025-08-31,DDOG,baseline,0.31729028045747987,0.2835224110745258,2025-09-30,2025-11-08,227,2025-08-30
2025-08-31,HUBS,baseline,0.24928772663769455,0.2087391615314437,2025-09-30,2025-11-06,227,2025-08-30
2025-08-31,MDB,baseline,0.23462470510472366,0.1868883116883117,2025-10-31,2025-12-03,227,2025-08-30
2025-08-31,NET,baseline,0.34736541123237197,0.306790333006264,2025-09-30,2025-10-31,227,2025-08-30
2025-08-31,NOW,baseline,0.20235812732409503,0.2180908115838398,2025-09-30,2025-10-31,227,2025-08-30
2025-08-31,SNOW,baseline,0.29812834054328985,0.2874606992508179,2025-10-31,2025-12-06,227,2025-08-30
2025-08-31,VEEV,baseline,0.19393919208378063,0.160222938271499,2025-10-31,2025-11-22,227,2025-08-30
2025-08-31,WDAY,baseline,0.13079961839153714,0.125925925925926,2025-10-31,2025-11-27,227,2025-08-30
2025-08-31,ZS,baseline,0.30695843668463135,0.2550453456059749,2025-10-31,2025-11-26,227,2025-08-30
2025-08-31,ADBE,hiring_augmented,0.143234327853975,0.104887620406707,2025-11-28,2026-01-16,227,2025-08-30
2025-08-31,CRM,hiring_augmented,0.06622386217607451,0.0862981787378229,2025-10-31,2025-12-05,227,2025-08-30
2025-08-31,CRWD,hiring_augmented,0.30543074226717903,0.2218084337611787,2025-10-31,2025-12-04,227,2025-08-30
2025-08-31,DDOG,hiring_augmented,0.2990241794987169,0.2835224110745258,2025-09-30,2025-11-08,227,2025-08-30
2025-08-31,HUBS,hiring_augmented,0.2456056073931826,0.2087391615314437,2025-09-30,2025-11-06,227,2025-08-30
2025-08-31,MDB,hiring_augmented,0.23860309702380378,0.1868883116883117,2025-10-31,2025-12-03,227,2025-08-30
2025-08-31,NET,hiring_augmented,0.3027260430779775,0.306790333006264,2025-09-30,2025-10-31,227,2025-08-30
2025-08-31,NOW,hiring_augmented,0.19933207246538348,0.2180908115838398,2025-09-30,2025-10-31,227,2025-08-30
2025-08-31,SNOW,hiring_augmented,0.26421060738326485,0.2874606992508179,2025-10-31,2025-12-06,227,2025-08-30
2025-08-31,VEEV,hiring_augmented,0.18045009063555473,0.160222938271499,2025-10-31,2025-11-22,227,2025-08-30
2025-08-31,WDAY,hiring_augmented,0.13595898037262882,0.125925925925926,2025-10-31,2025-11-27,227,2025-08-30
2025-08-31,ZS,hiring_augmented,0.3080647581373182,0.2550453456059749,2025-10-31,2025-11-26,227,2025-08-30
2025-09-30,ADBE,baseline,0.06730182232945844,0.104887620406707,2025-11-28,2026-01-16,231,2025-09-25
2025-09-30,CRM,baseline,0.061519271120727276,0.0862981787378229,2025-10-31,2025-12-05,231,2025-09-25
2025-09-30,CRWD,baseline,0.3133753110625997,0.2218084337611787,2025-10-31,2025-12-04,231,2025-09-25
2025-09-30,DDOG,baseline,0.31734136588772077,0.2920687462977498,2025-12-31,2026-02-19,231,2025-09-25
2025-09-30,HUBS,baseline,0.2441049481603452,0.204170210103274,2025-12-31,2026-02-12,231,2025-09-25
2025-09-30,MDB,baseline,0.248336832218905,0.1868883116883117,2025-10-31,2025-12-03,231,2025-09-25
2025-09-30,NET,baseline,0.3502946898517169,0.3360416222773978,2025-12-31,2026-02-27,231,2025-09-25
2025-09-30,NOW,baseline,0.19919751740440922,0.2066283395333108,2025-12-31,2026-01-30,231,2025-09-25
2025-09-30,SNOW,baseline,0.3084611031704993,0.2874606992508179,2025-10-31,2025-12-06,231,2025-09-25
2025-09-30,VEEV,baseline,0.1928056894340041,0.160222938271499,2025-10-31,2025-11-22,231,2025-09-25
2025-09-30,WDAY,baseline,0.13337783769189782,0.125925925925926,2025-10-31,2025-11-27,231,2025-09-25
2025-09-30,ZS,baseline,0.30812433618911256,0.2550453456059749,2025-10-31,2025-11-26,231,2025-09-25
2025-09-30,ADBE,hiring_augmented,0.09768932842815495,0.104887620406707,2025-11-28,2026-01-16,231,2025-09-25
2025-09-30,CRM,hiring_augmented,0.08268505582361975,0.0862981787378229,2025-10-31,2025-12-05,231,2025-09-25
2025-09-30,CRWD,hiring_augmented,0.32129039242058355,0.2218084337611787,2025-10-31,2025-12-04,231,2025-09-25
2025-09-30,DDOG,hiring_augmented,0.31544998596431745,0.2920687462977498,2025-12-31,2026-02-19,231,2025-09-25
2025-09-30,HUBS,hiring_augmented,0.26005696574444326,0.204170210103274,2025-12-31,2026-02-12,231,2025-09-25
2025-09-30,MDB,hiring_augmented,0.2560021150064745,0.1868883116883117,2025-10-31,2025-12-03,231,2025-09-25
2025-09-30,NET,hiring_augmented,0.32011976800618047,0.3360416222773978,2025-12-31,2026-02-27,231,2025-09-25
2025-09-30,NOW,hiring_augmented,0.21394270810027463,0.2066283395333108,2025-12-31,2026-01-30,231,2025-09-25
2025-09-30,SNOW,hiring_augmented,0.2885036129480595,0.2874606992508179,2025-10-31,2025-12-06,231,2025-09-25
2025-09-30,VEEV,hiring_augmented,0.1956915769290323,0.160222938271499,2025-10-31,2025-11-22,231,2025-09-25
2025-09-30,WDAY,hiring_augmented,0.15122578042926577,0.125925925925926,2025-10-31,2025-11-27,231,2025-09-25
2025-09-30,ZS,hiring_augmented,0.3188363070565484,0.2550453456059749,2025-10-31,2025-11-26,231,2025-09-25
2025-10-31,ADBE,baseline,0.06920801653209911,0.104887620406707,2025-11-28,2026-01-16,231,2025-09-25
2025-10-31,CRM,baseline,0.05677109537797115,0.1208846192334633,2026-01-31,2026-03-03,231,2025-09-25
2025-10-31,CRWD,baseline,0.3188727482614121,0.2331867160177527,2026-01-31,2026-03-06,231,2025-09-25
2025-10-31,DDOG,baseline,0.31455986606200315,0.2920687462977498,2025-12-31,2026-02-19,231,2025-09-25
2025-10-31,HUBS,baseline,0.23286527766687906,0.204170210103274,2025-12-31,2026-02-12,231,2025-09-25
2025-10-31,MDB,baseline,0.24757514884231857,0.2674590352262407,2026-01-31,2026-03-12,231,2025-09-25
2025-10-31,NET,baseline,0.3220296841681874,0.3360416222773978,2025-12-31,2026-02-27,231,2025-09-25
2025-10-31,NOW,baseline,0.2046345439548506,0.2066283395333108,2025-12-31,2026-01-30,231,2025-09-25
2025-10-31,SNOW,baseline,0.30404249903800973,0.3012089950039016,2026-01-31,2026-03-21,231,2025-09-25
2025-10-31,VEEV,baseline,0.19840876857761755,0.1596160835416418,2026-01-31,2026-03-21,231,2025-09-25
2025-10-31,WDAY,baseline,0.1366891682911241,0.1451831750339212,2026-01-31,2026-03-07,231,2025-09-25
2025-10-31,ZS,baseline,0.30955595871296554,0.2590693008180273,2026-01-31,2026-02-27,231,2025-09-25
2025-10-31,ADBE,hiring_augmented,0.10066658567435012,0.104887620406707,2025-11-28,2026-01-16,231,2025-09-25
2025-10-31,CRM,hiring_augmented,0.0847321927575452,0.1208846192334633,2026-01-31,2026-03-03,231,2025-09-25
2025-10-31,CRWD,hiring_augmented,0.32476961876144056,0.2331867160177527,2026-01-31,2026-03-06,231,2025-09-25
2025-10-31,DDOG,hiring_augmented,0.3170761035343015,0.2920687462977498,2025-12-31,2026-02-19,231,2025-09-25
2025-10-31,HUBS,hiring_augmented,0.2529961386824508,0.204170210103274,2025-12-31,2026-02-12,231,2025-09-25
2025-10-31,MDB,hiring_augmented,0.25860646735747295,0.2674590352262407,2026-01-31,2026-03-12,231,2025-09-25
2025-10-31,NET,hiring_augmented,0.3024342113126328,0.3360416222773978,2025-12-31,2026-02-27,231,2025-09-25
2025-10-31,NOW,hiring_augmented,0.22063652003103215,0.2066283395333108,2025-12-31,2026-01-30,231,2025-09-25
2025-10-31,SNOW,hiring_augmented,0.29059681603874676,0.3012089950039016,2026-01-31,2026-03-21,231,2025-09-25
2025-10-31,VEEV,hiring_augmented,0.19918556946405852,0.1596160835416418,2026-01-31,2026-03-21,231,2025-09-25
2025-10-31,WDAY,hiring_augmented,0.154399441830129,0.1451831750339212,2026-01-31,2026-03-07,231,2025-09-25
2025-10-31,ZS,hiring_augmented,0.3217472306360418,0.2590693008180273,2026-01-31,2026-02-27,231,2025-09-25
2025-11-30,ADBE,baseline,0.06528938299952997,0.119705985299265,2026-02-27,2026-03-26,238,2025-11-27
2025-11-30,CRM,baseline,0.04610940615647459,0.1208846192334633,2026-01-31,2026-03-03,238,2025-11-27
2025-11-30,CRWD,baseline,0.30736865781294226,0.2331867160177527,2026-01-31,2026-03-06,238,2025-11-27
2025-11-30,DDOG,baseline,0.30864472278056015,0.2920687462977498,2025-12-31,2026-02-19,238,2025-11-27
2025-11-30,HUBS,baseline,0.22439220576567673,0.204170210103274,2025-12-31,2026-02-12,238,2025-11-27
2025-11-30,MDB,baseline,0.1880921386207851,0.2674590352262407,2026-01-31,2026-03-12,238,2025-11-27
2025-11-30,NET,baseline,0.3221453667746306,0.3360416222773978,2025-12-31,2026-02-27,238,2025-11-27
2025-11-30,NOW,baseline,0.20100951831202188,0.2066283395333108,2025-12-31,2026-01-30,238,2025-11-27
2025-11-30,SNOW,baseline,0.2684677853145856,0.3012089950039016,2026-01-31,2026-03-21,238,2025-11-27
2025-11-30,VEEV,baseline,0.15844630633965834,0.1596160835416418,2026-01-31,2026-03-21,238,2025-11-27
2025-11-30,WDAY,baseline,0.12085250725158758,0.1451831750339212,2026-01-31,2026-03-07,238,2025-11-27
2025-11-30,ZS,baseline,0.31296529278144863,0.2590693008180273,2026-01-31,2026-02-27,238,2025-11-27
2025-11-30,ADBE,hiring_augmented,0.10031951817632463,0.119705985299265,2026-02-27,2026-03-26,238,2025-11-27
2025-11-30,CRM,hiring_augmented,0.0754459103077792,0.1208846192334633,2026-01-31,2026-03-03,238,2025-11-27
2025-11-30,CRWD,hiring_augmented,0.31781122262742006,0.2331867160177527,2026-01-31,2026-03-06,238,2025-11-27
2025-11-30,DDOG,hiring_augmented,0.31601343039684665,0.2920687462977498,2025-12-31,2026-02-19,238,2025-11-27
2025-11-30,HUBS,hiring_augmented,0.25100098416496375,0.204170210103274,2025-12-31,2026-02-12,238,2025-11-27
2025-11-30,MDB,hiring_augmented,0.20336343838255205,0.2674590352262407,2026-01-31,2026-03-12,238,2025-11-27
2025-11-30,NET,hiring_augmented,0.30353891919955484,0.3360416222773978,2025-12-31,2026-02-27,238,2025-11-27
2025-11-30,NOW,hiring_augmented,0.22176079269565513,0.2066283395333108,2025-12-31,2026-01-30,238,2025-11-27
2025-11-30,SNOW,hiring_augmented,0.270207578707863,0.3012089950039016,2026-01-31,2026-03-21,238,2025-11-27
2025-11-30,VEEV,hiring_augmented,0.16337221013125255,0.1596160835416418,2026-01-31,2026-03-21,238,2025-11-27
2025-11-30,WDAY,hiring_augmented,0.14191781651423038,0.1451831750339212,2026-01-31,2026-03-07,238,2025-11-27
2025-11-30,ZS,hiring_augmented,0.3249789954361329,0.2590693008180273,2026-01-31,2026-02-27,238,2025-11-27
2025-12-31,ADBE,baseline,0.06297511730548375,0.119705985299265,2026-02-27,2026-03-26,242,2025-12-06
2025-12-31,CRM,baseline,0.0427549967788501,0.1208846192334633,2026-01-31,2026-03-03,242,2025-12-06
2025-12-31,CRWD,baseline,0.2976515159436831,0.2331867160177527,2026-01-31,2026-03-06,242,2025-12-06
2025-12-31,DDOG,baseline,0.30788080224850634,0.3215442654680633,2026-03-31,2026-05-08,242,2025-12-06
2025-12-31,HUBS,baseline,0.21750766188011747,0.2336498458979159,2026-03-31,2026-05-08,242,2025-12-06
2025-12-31,MDB,baseline,0.19477958173485244,0.2674590352262407,2026-01-31,2026-03-12,242,2025-12-06
2025-12-31,NET,baseline,0.29519466848236714,0.335362888160188,2026-03-31,2026-05-09,242,2025-12-06
2025-12-31,NOW,baseline,0.1965123268553014,0.2208549222797926,2026-03-31,2026-04-24,242,2025-12-06
2025-12-31,SNOW,baseline,0.26557440029315715,0.3012089950039016,2026-01-31,2026-03-21,242,2025-12-06
2025-12-31,VEEV,baseline,0.15253232239642875,0.1596160835416418,2026-01-31,2026-03-21,242,2025-12-06
2025-12-31,WDAY,baseline,0.1160490146536049,0.1451831750339212,2026-01-31,2026-03-07,242,2025-12-06
2025-12-31,ZS,baseline,0.3037539645148472,0.2590693008180273,2026-01-31,2026-02-27,242,2025-12-06
2025-12-31,ADBE,hiring_augmented,0.09326829708430956,0.119705985299265,2026-02-27,2026-03-26,242,2025-12-06
2025-12-31,CRM,hiring_augmented,0.07082552608654373,0.1208846192334633,2026-01-31,2026-03-03,242,2025-12-06
2025-12-31,CRWD,hiring_augmented,0.3070614016852714,0.2331867160177527,2026-01-31,2026-03-06,242,2025-12-06
2025-12-31,DDOG,hiring_augmented,0.3102028969603362,0.3215442654680633,2026-03-31,2026-05-08,242,2025-12-06
2025-12-31,HUBS,hiring_augmented,0.2455136426277416,0.2336498458979159,2026-03-31,2026-05-08,242,2025-12-06
2025-12-31,MDB,hiring_augmented,0.19624890146723312,0.2674590352262407,2026-01-31,2026-03-12,242,2025-12-06
2025-12-31,NET,hiring_augmented,0.29557882078079506,0.335362888160188,2026-03-31,2026-05-09,242,2025-12-06
2025-12-31,NOW,hiring_augmented,0.21726832060924034,0.2208549222797926,2026-03-31,2026-04-24,242,2025-12-06
2025-12-31,SNOW,hiring_augmented,0.26360829775399397,0.3012089950039016,2026-01-31,2026-03-21,242,2025-12-06
2025-12-31,VEEV,hiring_augmented,0.1585585289840045,0.1596160835416418,2026-01-31,2026-03-21,242,2025-12-06
2025-12-31,WDAY,hiring_augmented,0.13763541151905592,0.1451831750339212,2026-01-31,2026-03-07,242,2025-12-06
2025-12-31,ZS,hiring_augmented,0.31920049314293175,0.2590693008180273,2026-01-31,2026-02-27,242,2025-12-06
2026-01-31,ADBE,baseline,0.0675502409164412,0.119705985299265,2026-02-27,2026-03-26,244,2026-01-30
2026-01-31,CRM,baseline,0.04640191315854188,0.1326686336351612,2026-04-30,2026-05-29,244,2026-01-30
2026-01-31,CRWD,baseline,0.2861729348806185,0.2557425274189484,2026-04-30,2026-06-05,244,2026-01-30
2026-01-31,DDOG,baseline,0.29596633183201815,0.3215442654680633,2026-03-31,2026-05-08,244,2026-01-30
2026-01-31,HUBS,baseline,0.20766665619736452,0.2336498458979159,2026-03-31,2026-05-08,244,2026-01-30
2026-01-31,MDB,baseline,0.19914441090734378,0.2524562215171197,2026-04-30,2026-05-30,244,2026-01-30
2026-01-31,NET,baseline,0.26716928350942704,0.335362888160188,2026-03-31,2026-05-09,244,2026-01-30
2026-01-31,NOW,baseline,0.17519235463720206,0.2208549222797926,2026-03-31,2026-04-24,244,2026-01-30
2026-01-31,SNOW,baseline,0.24996039529563552,0.3347910033260595,2026-04-30,2026-05-30,244,2026-01-30
2026-01-31,VEEV,baseline,0.14557044025374638,0.1632384463067309,2026-04-30,2026-06-06,244,2026-01-30
2026-01-31,WDAY,baseline,0.11565860168252848,0.1348214285714286,2026-04-30,2026-05-23,244,2026-01-30
2026-01-31,ZS,baseline,0.2932922387349506,0.2543250043508143,2026-04-30,2026-05-27,244,2026-01-30
2026-01-31,ADBE,hiring_augmented,0.08704148857591829,0.119705985299265,2026-02-27,2026-03-26,244,2026-01-30
2026-01-31,CRM,hiring_augmented,0.0644582527573668,0.1326686336351612,2026-04-30,2026-05-29,244,2026-01-30
2026-01-31,CRWD,hiring_augmented,0.29837206205332817,0.2557425274189484,2026-04-30,2026-06-05,244,2026-01-30
2026-01-31,DDOG,hiring_augmented,0.2969522601165375,0.3215442654680633,2026-03-31,2026-05-08,244,2026-01-30
2026-01-31,HUBS,hiring_augmented,0.2301952021140374,0.2336498458979159,2026-03-31,2026-05-08,244,2026-01-30
2026-01-31,MDB,hiring_augmented,0.19001492580157148,0.2524562215171197,2026-04-30,2026-05-30,244,2026-01-30
2026-01-31,NET,hiring_augmented,0.27487731226500745,0.335362888160188,2026-03-31,2026-05-09,244,2026-01-30
2026-01-31,NOW,hiring_augmented,0.19182551275862386,0.2208549222797926,2026-03-31,2026-04-24,244,2026-01-30
2026-01-31,SNOW,hiring_augmented,0.25431095845662144,0.3347910033260595,2026-04-30,2026-05-30,244,2026-01-30
2026-01-31,VEEV,hiring_augmented,0.1505947811356741,0.1632384463067309,2026-04-30,2026-06-06,244,2026-01-30
2026-01-31,WDAY,hiring_augmented,0.13066910108019925,0.1348214285714286,2026-04-30,2026-05-23,244,2026-01-30
2026-01-31,ZS,hiring_augmented,0.31068531199684973,0.2543250043508143,2026-04-30,2026-05-27,244,2026-01-30
2026-02-28,ADBE,baseline,0.06207934856751091,0.126851694193768,2026-05-29,2026-06-16,248,2026-02-27
2026-02-28,CRM,baseline,0.0399183044783335,0.1326686336351612,2026-04-30,2026-05-29,248,2026-02-27
2026-02-28,CRWD,baseline,0.29820344826549644,0.2557425274189484,2026-04-30,2026-06-05,248,2026-02-27
2026-02-28,DDOG,baseline,0.3005795688266102,0.3215442654680633,2026-03-31,2026-05-08,248,2026-02-27
2026-02-28,HUBS,baseline,0.20136388990823073,0.2336498458979159,2026-03-31,2026-05-08,248,2026-02-27
2026-02-28,MDB,baseline,0.1896656540723626,0.2524562215171197,2026-04-30,2026-05-30,248,2026-02-27
2026-02-28,NET,baseline,0.25968125470492187,0.335362888160188,2026-03-31,2026-05-09,248,2026-02-27
2026-02-28,NOW,baseline,0.17025145182254897,0.2208549222797926,2026-03-31,2026-04-24,248,2026-02-27
2026-02-28,SNOW,baseline,0.23472884071165098,0.3347910033260595,2026-04-30,2026-05-30,248,2026-02-27
2026-02-28,VEEV,baseline,0.13474341289265993,0.1632384463067309,2026-04-30,2026-06-06,248,2026-02-27
2026-02-28,WDAY,baseline,0.0979750448524757,0.1348214285714286,2026-04-30,2026-05-23,248,2026-02-27
2026-02-28,ZS,baseline,0.2753797716702061,0.2543250043508143,2026-04-30,2026-05-27,248,2026-02-27
2026-02-28,ADBE,hiring_augmented,0.09007389231916227,0.126851694193768,2026-05-29,2026-06-16,248,2026-02-27
2026-02-28,CRM,hiring_augmented,0.0648651732152158,0.1326686336351612,2026-04-30,2026-05-29,248,2026-02-27
2026-02-28,CRWD,hiring_augmented,0.3109016181229272,0.2557425274189484,2026-04-30,2026-06-05,248,2026-02-27
2026-02-28,DDOG,hiring_augmented,0.3004975469931106,0.3215442654680633,2026-03-31,2026-05-08,248,2026-02-27
2026-02-28,HUBS,hiring_augmented,0.2306026379872665,0.2336498458979159,2026-03-31,2026-05-08,248,2026-02-27
2026-02-28,MDB,hiring_augmented,0.19822257315250202,0.2524562215171197,2026-04-30,2026-05-30,248,2026-02-27
2026-02-28,NET,hiring_augmented,0.27909836704712937,0.335362888160188,2026-03-31,2026-05-09,248,2026-02-27
2026-02-28,NOW,hiring_augmented,0.19507329840542312,0.2208549222797926,2026-03-31,2026-04-24,248,2026-02-27
2026-02-28,SNOW,hiring_augmented,0.24821746160055774,0.3347910033260595,2026-04-30,2026-05-30,248,2026-02-27
2026-02-28,VEEV,hiring_augmented,0.14627057082578454,0.1632384463067309,2026-04-30,2026-06-06,248,2026-02-27
2026-02-28,WDAY,hiring_augmented,0.1234299138373467,0.1348214285714286,2026-04-30,2026-05-23,248,2026-02-27
2026-02-28,ZS,hiring_augmented,0.29806565979076316,0.2543250043508143,2026-04-30,2026-05-27,248,2026-02-27
2026-03-31,ADBE,baseline,0.07424191397307439,0.126851694193768,2026-05-29,2026-06-16,255,2026-03-26
2026-03-31,CRM,baseline,0.044851348804071586,0.1326686336351612,2026-04-30,2026-05-29,255,2026-03-26
2026-03-31,CRWD,baseline,0.29401751271040527,0.2557425274189484,2026-04-30,2026-06-05,255,2026-03-26
2026-03-31,DDOG,baseline,0.302748318551322,0.3564444336929702,2026-06-30,2026-08-07,255,2026-03-26
2026-03-31,HUBS,baseline,0.20505740014242102,0.1982924719990115,2026-06-30,2026-08-06,255,2026-03-26
2026-03-31,MDB,baseline,0.21284114960115796,0.2524562215171197,2026-04-30,2026-05-30,255,2026-03-26
2026-03-31,NET,baseline,0.2726188734710616,0.3586555953747297,2026-06-30,2026-08-07,255,2026-03-26
2026-03-31,NOW,baseline,0.1727446272161394,0.2401244167962675,2026-06-30,2026-07-24,255,2026-03-26
2026-03-31,SNOW,baseline,0.2414402680819935,0.3347910033260595,2026-04-30,2026-05-30,255,2026-03-26
2026-03-31,VEEV,baseline,0.1308519068386781,0.1632384463067309,2026-04-30,2026-06-06,255,2026-03-26
2026-03-31,WDAY,baseline,0.09629751329349245,0.1348214285714286,2026-04-30,2026-05-23,255,2026-03-26
2026-03-31,ZS,baseline,0.26617840299698536,0.2543250043508143,2026-04-30,2026-05-27,255,2026-03-26
2026-03-31,ADBE,hiring_augmented,0.1069409998010846,0.126851694193768,2026-05-29,2026-06-16,255,2026-03-26
2026-03-31,CRM,hiring_augmented,0.07507948461127378,0.1326686336351612,2026-04-30,2026-05-29,255,2026-03-26
2026-03-31,CRWD,hiring_augmented,0.31565663010884115,0.2557425274189484,2026-04-30,2026-06-05,255,2026-03-26
2026-03-31,DDOG,hiring_augmented,0.3089908601448404,0.3564444336929702,2026-06-30,2026-08-07,255,2026-03-26
2026-03-31,HUBS,hiring_augmented,0.23896414696153073,0.1982924719990115,2026-06-30,2026-08-06,255,2026-03-26
2026-03-31,MDB,hiring_augmented,0.21297427980398026,0.2524562215171197,2026-04-30,2026-05-30,255,2026-03-26
2026-03-31,NET,hiring_augmented,0.28931465013323715,0.3586555953747297,2026-06-30,2026-08-07,255,2026-03-26
2026-03-31,NOW,hiring_augmented,0.2030399793566864,0.2401244167962675,2026-06-30,2026-07-24,255,2026-03-26
2026-03-31,SNOW,hiring_augmented,0.2598372263189068,0.3347910033260595,2026-04-30,2026-05-30,255,2026-03-26
2026-03-31,VEEV,hiring_augmented,0.15303862858247252,0.1632384463067309,2026-04-30,2026-06-06,255,2026-03-26
2026-03-31,WDAY,hiring_augmented,0.13072845187621315,0.1348214285714286,2026-04-30,2026-05-23,255,2026-03-26
2026-03-31,ZS,hiring_augmented,0.30435561121655214,0.2543250043508143,2026-04-30,2026-05-27,255,2026-03-26
2026-04-30,ADBE,baseline,0.07319245525976104,0.126851694193768,2026-05-29,2026-06-16,256,2026-04-24
2026-04-30,CRM,baseline,0.04384559095086643,0.1083431027745212,2026-07-31,2026-08-28,256,2026-04-24
2026-04-30,CRWD,baseline,0.28868932041143763,0.2583040193267132,2026-07-31,2026-08-28,256,2026-04-24
2026-04-30,DDOG,baseline,0.3068010276778653,0.3564444336929702,2026-06-30,2026-08-07,256,2026-04-24
2026-04-30,HUBS,baseline,0.205698945694318,0.1982924719990115,2026-06-30,2026-08-06,256,2026-04-24
2026-04-30,MDB,baseline,0.19571634540173005,0.30498882316935,2026-07-31,2026-09-02,256,2026-04-24
2026-04-30,NET,baseline,0.27673459624193664,0.3586555953747297,2026-06-30,2026-08-07,256,2026-04-24
2026-04-30,NOW,baseline,0.1754733401689595,0.2401244167962675,2026-06-30,2026-07-24,256,2026-04-24
2026-04-30,SNOW,baseline,0.23365291661397924,0.3509474929015546,2026-07-31,2026-09-05,256,2026-04-24
2026-04-30,VEEV,baseline,0.1296779912157539,0.1760047447600436,2026-07-31,2026-08-28,256,2026-04-24
2026-04-30,WDAY,baseline,0.0949338898276626,0.1281942078364566,2026-07-31,2026-08-28,256,2026-04-24
2026-04-30,ZS,baseline,0.2619281658293991,0.2488216499403526,2026-07-31,2026-09-04,256,2026-04-24
2026-04-30,ADBE,hiring_augmented,0.11570004676093965,0.126851694193768,2026-05-29,2026-06-16,256,2026-04-24
2026-04-30,CRM,hiring_augmented,0.08380134822755225,0.1083431027745212,2026-07-31,2026-08-28,256,2026-04-24
2026-04-30,CRWD,hiring_augmented,0.32363818675547545,0.2583040193267132,2026-07-31,2026-08-28,256,2026-04-24
2026-04-30,DDOG,hiring_augmented,0.31976195080136594,0.3564444336929702,2026-06-30,2026-08-07,256,2026-04-24
2026-04-30,HUBS,hiring_augmented,0.2505414932828638,0.1982924719990115,2026-06-30,2026-08-06,256,2026-04-24
2026-04-30,MDB,hiring_augmented,0.21855207503218954,0.30498882316935,2026-07-31,2026-09-02,256,2026-04-24
2026-04-30,NET,hiring_augmented,0.2959381058789683,0.3586555953747297,2026-06-30,2026-08-07,256,2026-04-24
2026-04-30,NOW,hiring_augmented,0.21595135919890626,0.2401244167962675,2026-06-30,2026-07-24,256,2026-04-24
2026-04-30,SNOW,hiring_augmented,0.2672967506246049,0.3509474929015546,2026-07-31,2026-09-05,256,2026-04-24
2026-04-30,VEEV,hiring_augmented,0.16168395222502543,0.1760047447600436,2026-07-31,2026-08-28,256,2026-04-24
2026-04-30,WDAY,hiring_augmented,0.13941877528727348,0.1281942078364566,2026-07-31,2026-08-28,256,2026-04-24
2026-04-30,ZS,hiring_augmented,0.31261650742357794,0.2488216499403526,2026-07-31,2026-09-04,256,2026-04-24
2026-05-31,CRM,baseline,0.05246749544956396,0.1083431027745212,2026-07-31,2026-08-28,264,2026-05-30
2026-05-31,CRWD,baseline,0.29199279101901643,0.2583040193267132,2026-07-31,2026-08-28,264,2026-05-30
2026-05-31,DDOG,baseline,0.3093682907669973,0.3564444336929702,2026-06-30,2026-08-07,264,2026-05-30
2026-05-31,HUBS,baseline,0.20776418619677803,0.1982924719990115,2026-06-30,2026-08-06,264,2026-05-30
2026-05-31,MDB,baseline,0.1810152698823147,0.30498882316935,2026-07-31,2026-09-02,264,2026-05-30
2026-05-31,NET,baseline,0.26414374367516397,0.3586555953747297,2026-06-30,2026-08-07,264,2026-05-30
2026-05-31,NOW,baseline,0.17238589682692465,0.2401244167962675,2026-06-30,2026-07-24,264,2026-05-30
2026-05-31,SNOW,baseline,0.23067007697401018,0.3509474929015546,2026-07-31,2026-09-05,264,2026-05-30
2026-05-31,VEEV,baseline,0.12579137189868514,0.1760047447600436,2026-07-31,2026-08-28,264,2026-05-30
2026-05-31,WDAY,baseline,0.1091079405798014,0.1281942078364566,2026-07-31,2026-08-28,264,2026-05-30
2026-05-31,ZS,baseline,0.2535757496758593,0.2488216499403526,2026-07-31,2026-09-04,264,2026-05-30
2026-05-31,CRM,hiring_augmented,0.087565748055829,0.1083431027745212,2026-07-31,2026-08-28,264,2026-05-30
2026-05-31,CRWD,hiring_augmented,0.3196624813056884,0.2583040193267132,2026-07-31,2026-08-28,264,2026-05-30
2026-05-31,DDOG,hiring_augmented,0.319905172812591,0.3564444336929702,2026-06-30,2026-08-07,264,2026-05-30
2026-05-31,HUBS,hiring_augmented,0.24897406129534397,0.1982924719990115,2026-06-30,2026-08-06,264,2026-05-30
2026-05-31,MDB,hiring_augmented,0.20362364071964742,0.30498882316935,2026-07-31,2026-09-02,264,2026-05-30
2026-05-31,NET,hiring_augmented,0.29399405388213246,0.3586555953747297,2026-06-30,2026-08-07,264,2026-05-30
2026-05-31,NOW,hiring_augmented,0.2133745564309204,0.2401244167962675,2026-06-30,2026-07-24,264,2026-05-30
2026-05-31,SNOW,hiring_augmented,0.2678226096725263,0.3509474929015546,2026-07-31,2026-09-05,264,2026-05-30
2026-05-31,VEEV,hiring_augmented,0.16123097231813588,0.1760047447600436,2026-07-31,2026-08-28,264,2026-05-30
2026-05-31,WDAY,hiring_augmented,0.14764403369423346,0.1281942078364566,2026-07-31,2026-08-28,264,2026-05-30
2026-05-31,ZS,hiring_augmented,0.3020020975653325,0.2488216499403526,2026-07-31,2026-09-04,264,2026-05-30
2026-06-30,CRM,baseline,0.053937927254056786,0.1083431027745212,2026-07-31,2026-08-28,267,2026-06-16
2026-06-30,CRWD,baseline,0.30794514867414985,0.2583040193267132,2026-07-31,2026-08-28,267,2026-06-16
2026-06-30,MDB,baseline,0.19131060501488312,0.30498882316935,2026-07-31,2026-09-02,267,2026-06-16
2026-06-30,SNOW,baseline,0.24814377009776506,0.3509474929015546,2026-07-31,2026-09-05,267,2026-06-16
2026-06-30,VEEV,baseline,0.12890124741802247,0.1760047447600436,2026-07-31,2026-08-28,267,2026-06-16
2026-06-30,WDAY,baseline,0.11357041596433852,0.1281942078364566,2026-07-31,2026-08-28,267,2026-06-16
2026-06-30,ZS,baseline,0.2525247272308057,0.2488216499403526,2026-07-31,2026-09-04,267,2026-06-16
2026-06-30,CRM,hiring_augmented,0.08909450230615577,0.1083431027745212,2026-07-31,2026-08-28,267,2026-06-16
2026-06-30,CRWD,hiring_augmented,0.3204651448611496,0.2583040193267132,2026-07-31,2026-08-28,267,2026-06-16
2026-06-30,MDB,hiring_augmented,0.20702053550221905,0.30498882316935,2026-07-31,2026-09-02,267,2026-06-16
2026-06-30,SNOW,hiring_augmented,0.27125330494728345,0.3509474929015546,2026-07-31,2026-09-05,267,2026-06-16
2026-06-30,VEEV,hiring_augmented,0.16309563983287254,0.1760047447600436,2026-07-31,2026-08-28,267,2026-06-16
2026-06-30,WDAY,hiring_augmented,0.14975361437060775,0.1281942078364566,2026-07-31,2026-08-28,267,2026-06-16
2026-06-30,ZS,hiring_augmented,0.30237662003111887,0.2488216499403526,2026-07-31,2026-09-04,267,2026-06-16
