ticker,period_end,available_at,revenue,revenue_growth,operating_margin,accession,prior_accession,revenue_tag,derivation,subtract_accession,operating_accession
ADBE,2009-05-29,2009-06-27,704673000,-0.205452560983035,0.22897570930062597,0000796343-09-000026,0000796343-09-000026,Revenues,direct_quarter,,0000796343-09-000026
CRM,2009-07-31,2009-08-26,316061000,0.20140111070142952,0.09330160949943207,0001193125-09-180950,0001193125-09-180950,Revenues,direct_quarter,,0001193125-09-180950
ADBE,2009-08-28,2009-10-02,697507000,-0.21386137274769312,0.24028719425038028,0000796343-09-000032,0000796343-09-000032,Revenues,direct_quarter,,0000796343-09-000032
CRM,2009-10-31,2009-11-26,330549000,0.1955317971550199,0.0911846655110135,0001193125-09-242413,0001193125-09-242413,Revenues,direct_quarter,,0001193125-09-242413
ADBE,2009-11-27,2010-01-23,757283000,-0.17264047564680907,0.20288584320524825,0000796343-10-000003,0000796343-10-000003,Revenues,annual_minus_9m,0000796343-09-000032,0000796343-10-000003
CRM,2010-01-31,2010-03-12,354049000,0.22261665912708972,0.07207759377939212,0001193125-10-053838,0001193125-10-053838,Revenues,annual_minus_9m,0001193125-09-242413,0001193125-10-053838
ADBE,2010-03-05,2010-04-10,858700000,0.09195183051666467,0.2059310585769186,0000796343-10-000007,0000796343-10-000007,Revenues,direct_quarter,,0000796343-10-000007
CRM,2010-04-30,2010-05-29,376813000,0.23576038619459272,0.08770928816150186,0000950130-10-001306,0000950130-10-001306,Revenues,direct_quarter,,0000950130-10-001306
ADBE,2010-06-04,2010-07-03,943035000,0.338259022269904,0.24101438440778974,0000796343-10-000011,0000796343-09-000026,Revenues,direct_quarter,,0000796343-10-000011
CRM,2010-07-31,2010-09-10,394372000,0.2477717908884678,0.07526396397310153,0001193125-10-207193,0001193125-09-180950,Revenues,direct_quarter,,0001193125-10-207193
ADBE,2010-09-03,2010-10-09,990319000,0.4197979375117382,0.30496536974449645,0000796343-10-000014,0000796343-09-000032,Revenues,direct_quarter,,0000796343-10-000014
CRM,2010-10-31,2010-11-25,429087000,0.29810406324024585,0.08193210234754257,0001193125-10-268895,0001193125-09-242413,Revenues,direct_quarter,,0001193125-10-268895
ADBE,2010-12-03,2011-01-28,1007946000,0.33100307282746355,0.28468092536703354,0000796343-11-000003,0000796343-10-000003,Revenues,annual_minus_9m,0000796343-10-000014,0000796343-11-000003
CRM,2011-01-31,2011-03-24,456867000,0.29040613022491235,-0.000855828939275544,0001193125-11-075314,0001193125-10-053838,Revenues,annual_minus_9m,0001193125-10-268895,0001193125-11-075314
ADBE,2011-03-04,2011-04-09,1027706000,0.1968161173867473,0.2941833559403176,0000796343-11-000006,0000796343-10-000007,Revenues,direct_quarter,,0000796343-11-000006
CRM,2011-04-30,2011-05-27,504364000,0.3384994679058313,-0.005557494190703539,0001193125-11-151778,0000950130-10-001306,Revenues,direct_quarter,,0001193125-11-151778
ADBE,2011-06-03,2011-06-30,1023179000,0.08498518082573825,0.27045512075599676,0000796343-11-000010,0000796343-10-000011,Revenues,direct_quarter,,0000796343-11-000010
CRM,2011-07-31,2011-09-07,546002000,0.38448469972513255,-0.02884238519272823,0001193125-11-241110,0001193125-10-207193,Revenues,direct_quarter,,0001193125-11-241110
ADBE,2011-09-02,2011-10-08,1013212000,0.02311679367961239,0.27053568256199095,0000796343-11-000015,0000796343-10-000014,Revenues,direct_quarter,,0000796343-11-000015
CRM,2011-10-31,2011-11-30,584260000,0.36163528608417406,-0.017384383664806765,0001193125-11-324675,0001193125-10-268895,Revenues,direct_quarter,,0001193125-11-324675
ADBE,2011-12-02,2012-01-27,1152161000,0.14307810140622612,0.21362552629363432,0000796343-12-000003,0000796343-11-000003,Revenues,annual_minus_9m,0000796343-11-000015,0000796343-12-000003
CRM,2012-01-31,2012-03-10,631913000,0.38314432865582315,-0.010091579062307628,0001193125-12-107281,0001193125-11-075314,Revenues,annual_minus_9m,0001193125-11-324675,0001193125-12-107281
ADBE,2012-03-02,2012-03-31,1045220000,0.01704183881382426,0.27647672260385375,0000796343-12-000013,0000796343-11-000006,Revenues,direct_quarter,,0000796343-12-000013
CRM,2012-04-30,2012-05-26,695467000,0.3788989697916585,-0.031991453224955314,0001193125-12-249119,0001193125-11-151778,Revenues,direct_quarter,,0001193125-12-249119
WDAY,2012-04-30,2013-03-23,56818000,1.3009759850969909,-0.35124432398183675,0001193125-13-122351,0001193125-13-122351,SalesRevenueServicesNet,direct_quarter,,0001193125-13-122351
ADBE,2012-06-01,2012-06-28,1124449000,0.09897583902718887,0.27137113377307465,0000796343-12-000022,0000796343-11-000010,Revenues,direct_quarter,,0000796343-12-000022
NOW,2012-06-30,2012-08-11,56774000,0.9255214515855519,-0.1605840701729665,0001193125-12-349586,0001193125-12-349586,SalesRevenueNet,direct_quarter,,0001193125-12-349586
CRM,2012-07-31,2012-09-01,731649000,0.3400115750491757,-0.01840500021185022,0001193125-12-377656,0001193125-11-241110,Revenues,direct_quarter,,0001193125-12-377656
WDAY,2012-07-31,2013-03-23,62702000,1.0813251012414526,-0.4204012631176039,0001193125-13-122351,0001193125-13-122351,SalesRevenueServicesNet,direct_quarter,,0001193125-13-122351
ADBE,2012-08-31,2012-09-28,1080580000,0.06648954019494435,0.25755057469136944,0000796343-12-000029,0000796343-11-000015,Revenues,direct_quarter,,0000796343-12-000029
NOW,2012-09-30,2012-11-01,64345000,0.8815978009766938,-0.2074287046390551,0001193125-12-443921,0001193125-12-443921,SalesRevenueNet,direct_quarter,,0001193125-12-443921
CRM,2012-10-31,2012-11-29,788398000,0.34939581693081845,-0.06873178267829193,0001193125-12-483959,0001193125-11-324675,Revenues,direct_quarter,,0001193125-12-483959
WDAY,2012-10-31,2012-12-08,72618000,0.9922633744855966,-0.5627805778181718,0001193125-12-495545,0001193125-12-495545,Revenues,direct_quarter,,0001193125-12-495545
ADBE,2012-11-30,2013-01-23,1153428000,0.0010996727019920716,0.26682636454117636,0000796343-13-000008,0000796343-12-000003,Revenues,annual_minus_9m,0000796343-12-000029,0000796343-13-000008
CRM,2013-01-31,2013-03-09,834681000,0.3208796147570947,-0.02492808629883752,0001193125-13-098852,0001193125-12-107281,Revenues,annual_minus_9m,0001193125-12-483959,0001193125-13-098852
WDAY,2013-01-31,2013-03-23,81519000,0.8888502710968997,-0.3763294446693409,0001193125-13-122351,0001193125-13-122351,Revenues,annual_minus_9m,0001193125-12-495545,0001193125-13-122351
ADBE,2013-03-01,2013-03-29,1007873000,-0.03573123361588948,0.09745672321810386,0000796343-13-000033,0000796343-12-000013,Revenues,direct_quarter,,0000796343-13-000033
NOW,2013-03-31,2013-05-09,85939000,0.8118740907845081,-0.15025774095579422,0001373715-13-000013,0001373715-13-000013,SalesRevenueNet,direct_quarter,,0001373715-13-000013
CRM,2013-04-30,2013-05-25,892633000,0.2835015895793762,-0.04989732622477547,0001193125-13-235664,0001193125-12-249119,Revenues,direct_quarter,,0001193125-13-235664
VEEV,2013-04-30,2014-03-19,42788000,0.7458076624913297,0.1910114985509956,0001193125-14-103258,0001193125-14-103258,Revenues,direct_quarter,,0001193125-14-103258
WDAY,2013-04-30,2013-06-06,91645000,0.6129571614629168,-0.35598232309454964,0001193125-13-248710,0001193125-13-122351,SalesRevenueServicesNet,direct_quarter,,0001193125-13-248710
ADBE,2013-05-31,2013-06-29,1010549000,-0.10129405602210506,0.11014705867800571,0000796343-13-000044,0000796343-12-000022,Revenues,direct_quarter,,0000796343-13-000044
NOW,2013-06-30,2013-08-08,102222000,0.8005072744566175,-0.18922541135958992,0001373715-13-000061,0001193125-12-349586,SalesRevenueNet,direct_quarter,,0001373715-13-000061
CRM,2013-07-31,2013-08-31,957094000,0.3081327248448369,-0.04164376748783296,0001193125-13-354101,0001193125-12-377656,Revenues,direct_quarter,,0001193125-13-354101
VEEV,2013-07-31,2014-03-19,49581000,0.6832795790188424,0.19842278292087695,0001193125-14-103258,0001193125-14-103258,Revenues,direct_quarter,,0001193125-14-103258
WDAY,2013-07-31,2013-09-07,107555000,0.7153360339383115,-0.3001534098833155,0001193125-13-360085,0001193125-13-122351,SalesRevenueServicesNet,direct_quarter,,0001193125-13-360085
ADBE,2013-08-30,2013-10-04,995119000,-0.07908808232615816,0.11089527986100155,0000796343-13-000058,0000796343-12-000029,Revenues,direct_quarter,,0000796343-13-000058
NOW,2013-09-30,2013-11-05,111259000,0.7291009402439972,-0.1316747409198357,0001373715-13-000101,0001193125-12-443921,Revenues,direct_quarter,,0001373715-13-000101
CRM,2013-10-31,2013-11-26,1076034000,0.3648360345916657,-0.09101106470613382,0001193125-13-453124,0001193125-12-483959,Revenues,direct_quarter,,0001193125-13-453124
VEEV,2013-10-31,2013-12-14,54979000,0.5358978656833167,0.18161479837756234,0001193125-13-473368,0001193125-13-473368,Revenues,direct_quarter,,0001193125-13-473368
WDAY,2013-10-31,2013-12-03,127872000,0.7608857308105428,-0.3159331206206206,0001193125-13-459380,0001193125-12-495545,SalesRevenueServicesNet,direct_quarter,,0001193125-13-459380
ADBE,2013-11-29,2014-01-22,1041699000,-0.09686690456621483,0.09871949574685202,0000796343-14-000004,0000796343-13-000008,Revenues,annual_minus_9m,0000796343-13-000058,0000796343-14-000004
NOW,2013-12-31,2014-03-01,125230000,0.6661344828503766,-0.1546035295057095,0001373715-14-000044,0001373715-13-000004,Revenues,annual_minus_9m,0001373715-13-000101,0001373715-14-000044
CRM,2014-01-31,2014-03-06,1145242000,0.37207148599285245,-0.0905887140010583,0001193125-14-084762,0001193125-13-098852,Revenues,annual_minus_9m,0001193125-13-453124,0001193125-14-084762
VEEV,2014-01-31,2014-03-19,62803000,0.5784407359002715,0.1800550929095744,0001193125-14-103258,0001193125-14-103258,Revenues,annual_minus_9m,0001193125-13-473368,0001193125-14-103258
WDAY,2014-01-31,2014-04-01,141866000,0.7402814067886014,-0.3381782809129742,0001193125-14-124249,0001193125-13-122351,Revenues,annual_minus_9m,0001193125-13-459380,0001193125-14-124249
ADBE,2014-02-28,2014-03-29,1000120000,-0.007692437440034561,0.07873655161380634,0000796343-14-000023,0000796343-13-000033,Revenues,direct_quarter,,0000796343-14-000023
HUBS,2014-03-31,2015-03-06,24174000,0.44408602150537635,,0001193125-15-079000,0001193125-15-079000,Revenues,direct_quarter,,
NOW,2014-03-31,2014-05-08,139090000,0.6184735684613505,-0.26012653677475017,0001373715-14-000084,0001373715-13-000013,Revenues,direct_quarter,,0001373715-14-000084
CRM,2014-04-30,2014-05-31,1226772000,0.3743296517157668,-0.045111071984036154,0001445305-14-002370,0001193125-13-235664,Revenues,direct_quarter,,0001445305-14-002370
VEEV,2014-04-30,2014-06-07,66721000,0.5593390670281386,0.18820161568321817,0001193125-14-228721,0001193125-14-103258,Revenues,direct_quarter,,0001193125-14-228721
WDAY,2014-04-30,2014-06-07,159737000,0.7429974357575426,-0.3260547024170981,0001193125-14-228909,0001193125-13-248710,Revenues,direct_quarter,,0001193125-14-228909
ADBE,2014-05-30,2014-06-26,1068208000,0.0570571046035373,0.12662140706678848,0000796343-14-000046,0000796343-13-000044,Revenues,direct_quarter,,0000796343-14-000046
HUBS,2014-06-30,2015-03-06,27098000,0.4778577661431065,,0001193125-15-079000,0001193125-15-079000,Revenues,direct_quarter,,
NOW,2014-06-30,2014-08-08,166757000,0.631322024613097,-0.266681458649412,0001373715-14-000151,0001373715-13-000061,Revenues,direct_quarter,,0001373715-14-000151
CRM,2014-07-31,2014-08-27,1318551000,0.3776609194081251,-0.025356622534888677,0001108524-14-000009,0001193125-13-354101,Revenues,direct_quarter,,0001108524-14-000009
VEEV,2014-07-31,2014-09-12,75664000,0.5260684536415159,0.22183601184182702,0001564590-14-004069,0001193125-14-103258,Revenues,direct_quarter,,0001564590-14-004069
WDAY,2014-07-31,2014-09-03,186780000,0.7365998791316071,-0.33070457222400684,0001193125-14-329149,0001193125-13-360085,Revenues,direct_quarter,,0001193125-14-329149
ADBE,2014-08-29,2014-09-26,1005409000,0.010340471843065968,0.07377694052868036,0000796343-14-000092,0000796343-13-000058,Revenues,direct_quarter,,0000796343-14-000092
HUBS,2014-09-30,2014-11-14,30448000,0.5088953862926806,,0001193125-14-411203,0001193125-14-411203,Revenues,direct_quarter,,
NOW,2014-09-30,2014-11-06,178712000,0.606270054557384,-0.19304243699359863,0001373715-14-000207,0001373715-13-000101,Revenues,direct_quarter,,0001373715-14-000207
CRM,2014-10-31,2014-11-27,1383655000,0.2858840891644687,-0.015930271635631713,0001108524-14-000023,0001193125-13-453124,Revenues,direct_quarter,,0001108524-14-000023
VEEV,2014-10-31,2014-12-12,83825000,0.5246730569853943,0.23788845809722636,0001564590-14-006187,0001193125-13-473368,Revenues,direct_quarter,,0001564590-14-006187
WDAY,2014-10-31,2014-12-06,215070000,0.6819162912912913,-0.23929883293811316,0001327811-14-000007,0001193125-13-459380,Revenues,direct_quarter,,0001327811-14-000007
ADBE,2014-11-28,2015-01-21,1073328000,0.03036289753566046,0.11599902359763278,0000796343-15-000022,0000796343-14-000004,Revenues,annual_minus_9m,0000796343-14-000092,0000796343-15-000022
HUBS,2014-12-31,2015-03-06,34156000,0.526252290093391,,0001193125-15-079000,0001193125-15-079000,Revenues,annual_minus_9m,0001193125-14-411203,
NOW,2014-12-31,2015-02-28,198004000,0.5811227341691287,-0.1852689844649603,0001373715-15-000067,0001373715-14-000044,Revenues,annual_minus_9m,0001373715-14-000207,0001373715-15-000067
CRM,2015-01-31,2015-03-07,1444608000,0.26139977402156056,-0.02410065567960305,0001108524-15-000008,0001193125-14-084762,Revenues,annual_minus_9m,0001108524-14-000023,0001108524-15-000008
VEEV,2015-01-31,2015-04-02,87012000,0.3854752161520947,0.23770284558451707,0001564590-15-002300,0001193125-14-103258,Revenues,annual_minus_9m,0001564590-14-006187,0001564590-15-002300
WDAY,2015-01-31,2015-03-26,226273000,0.5949769500796527,-0.2226690767347408,0001327811-15-000006,0001193125-14-124249,Revenues,annual_minus_9m,0001327811-14-000007,0001327811-15-000006
ADBE,2015-02-27,2015-03-26,1109181000,0.10904791425029003,0.1559934762676245,0000796343-15-000084,0000796343-14-000023,Revenues,direct_quarter,,0000796343-15-000084
HUBS,2015-03-31,2015-05-08,38166000,0.5788036733680815,-0.29900958968715613,0001193125-15-177373,0001193125-15-079000,Revenues,direct_quarter,,0001193125-15-177373
NOW,2015-03-31,2015-05-08,211964000,0.5239341433604141,-0.25585476779075694,0001373715-15-000122,0001373715-14-000084,Revenues,direct_quarter,,0001373715-15-000122
CRM,2015-04-30,2015-05-23,1511167000,0.2318238433873614,0.020583429892262074,0001108524-15-000014,0001445305-14-002370,SalesRevenueServicesNet,direct_quarter,,0001108524-15-000014
VEEV,2015-04-30,2015-06-05,89923000,0.34774658653197643,0.2326990869966527,0001564590-15-004860,0001193125-14-228721,Revenues,direct_quarter,,0001564590-15-004860
WDAY,2015-04-30,2015-06-06,250957000,0.5710636859337537,-0.21280139625513533,0001327811-15-000014,0001193125-14-228909,Revenues,direct_quarter,,0001327811-15-000014
ADBE,2015-05-29,2015-06-25,1162158000,0.0879510357533364,0.16660127108362202,0000796343-15-000151,0000796343-14-000046,Revenues,direct_quarter,,0000796343-15-000151
HUBS,2015-06-30,2015-08-07,42941000,0.5846556941471694,-0.26366409724971474,0001564590-15-006500,0001193125-15-079000,Revenues,direct_quarter,,0001564590-15-006500
NOW,2015-06-30,2015-08-07,246716000,0.479494114190109,-0.21577441268503056,0001373715-15-000199,0001373715-14-000151,Revenues,direct_quarter,,0001373715-15-000199
CRM,2015-07-31,2015-08-26,1634684000,0.2397578857397249,0.012127114475947645,0001108524-15-000025,0001108524-14-000009,SalesRevenueServicesNet,direct_quarter,,0001108524-15-000025
VEEV,2015-07-31,2015-09-05,98107000,0.2966139775851131,0.22784306930188467,0001564590-15-007757,0001564590-14-004069,Revenues,direct_quarter,,0001564590-15-007757
WDAY,2015-07-31,2015-09-05,282696000,0.5135239318984901,-0.23926762317118036,0001327811-15-000021,0001193125-14-329149,Revenues,direct_quarter,,0001327811-15-000021
ADBE,2015-08-28,2015-09-24,1217768000,0.21121652979036387,0.20202452355456868,0000796343-15-000188,0000796343-14-000092,Revenues,direct_quarter,,0000796343-15-000188
HUBS,2015-09-30,2015-11-05,47711000,0.5669666316342616,-0.2785521158642661,0001564590-15-009381,0001193125-14-411203,Revenues,direct_quarter,,0001564590-15-009381
NOW,2015-09-30,2015-11-05,261150000,0.46128967276959587,-0.1073712425808922,0001373715-15-000260,0001373715-14-000207,Revenues,direct_quarter,,0001373715-15-000260
CRM,2015-10-31,2015-11-21,1711967000,0.23727880143532887,0.02537081614306818,0001108524-15-000034,0001108524-14-000023,SalesRevenueServicesNet,direct_quarter,,0001108524-15-000034
VEEV,2015-10-31,2015-12-11,106921000,0.27552639427378467,0.18798926310079406,0001564590-15-011387,0001564590-14-006187,Revenues,direct_quarter,,0001564590-15-011387
WDAY,2015-10-31,2015-12-05,305266000,0.4193797368298693,-0.2298782045822332,0001327811-15-000027,0001327811-14-000007,Revenues,direct_quarter,,0001327811-15-000027
ADBE,2015-11-27,2016-01-20,1306404000,0.21715263181431954,0.22231560834167685,0000796343-16-000224,0000796343-15-000022,Revenues,annual_minus_9m,0000796343-15-000188,0000796343-16-000224
HUBS,2015-12-31,2016-02-25,53126000,0.5553929031502518,-0.19668335654858263,0001564590-16-013204,0001193125-15-079000,Revenues,annual_minus_9m,0001564590-15-009381,0001564590-16-013204
NOW,2015-12-31,2016-02-26,285650000,0.4426476232803378,-0.10802730614388237,0001373715-16-000324,0001373715-15-000067,Revenues,annual_minus_9m,0001373715-15-000260,0001373715-16-000324
CRM,2016-01-31,2016-03-08,1809398000,0.2525183302321461,0.01136289528340365,0001108524-16-000053,0001108524-15-000008,Revenues,annual_minus_9m,0001108524-15-000034,0001108524-16-000053
VEEV,2016-01-31,2016-04-01,114270000,0.31326713556750785,0.13311455325107202,0001564590-16-015753,0001564590-15-002300,Revenues,annual_minus_9m,0001564590-15-011387,0001564590-16-015753
WDAY,2016-01-31,2016-03-23,323427000,0.42936629646488966,-0.22707133294375548,0001327811-16-000032,0001327811-15-000006,Revenues,annual_minus_9m,0001327811-15-000027,0001327811-16-000032
ADBE,2016-03-04,2016-03-31,1383335000,0.24716795545542158,0.22247539460795832,0000796343-16-000290,0000796343-15-000084,Revenues,direct_quarter,,0000796343-16-000290
HUBS,2016-03-31,2016-05-05,58960000,0.5448304773882513,-0.16724898236092267,0001564590-16-017682,0001193125-15-177373,Revenues,direct_quarter,,0001564590-16-017682
NOW,2016-03-31,2016-05-07,305879000,0.4430705214092958,-1.0597393086808835,0001373715-16-000364,0001373715-15-000122,Revenues,direct_quarter,,0001373715-16-000364
CRM,2016-04-30,2016-05-21,1916603000,0.26829331238704923,0.02712403142434818,0001108524-16-000066,0001108524-15-000014,SalesRevenueServicesNet,direct_quarter,,0001108524-16-000066
VEEV,2016-04-30,2016-06-09,119764000,0.3318505832768035,0.14867572893356934,0001564590-16-020379,0001564590-15-004860,Revenues,direct_quarter,,0001564590-16-020379
WDAY,2016-04-30,2016-06-02,345430000,0.37645094577955596,-0.21320962278898764,0001327811-16-000041,0001327811-15-000014,Revenues,direct_quarter,,0001327811-16-000041
ADBE,2016-06-03,2016-06-30,1398709000,0.2035446126946594,0.24611195037709774,0000796343-16-000352,0000796343-15-000151,Revenues,direct_quarter,,0000796343-16-000352
HUBS,2016-06-30,2016-08-04,64974000,0.513099368901516,-0.1697602117770185,0001564590-16-022377,0001564590-15-006500,Revenues,direct_quarter,,0001564590-16-022377
NOW,2016-06-30,2016-08-04,341312000,0.3834206131746625,-0.1414482936433527,0001373715-16-000394,0001373715-15-000199,Revenues,direct_quarter,,0001373715-16-000394
CRM,2016-07-31,2016-09-02,2036618000,0.24587871417350393,0.015982869639765532,0001108524-16-000085,0001108524-15-000025,SalesRevenueServicesNet,direct_quarter,,0001108524-16-000085
VEEV,2016-07-31,2016-09-09,131347000,0.33881374417727583,0.18136691359528578,0001564590-16-025058,0001564590-15-007757,Revenues,direct_quarter,,0001564590-16-025058
WDAY,2016-07-31,2016-09-03,377723000,0.3361455415004104,-0.23005482853837336,0001327811-16-000050,0001327811-15-000021,Revenues,direct_quarter,,0001327811-16-000050
ADBE,2016-09-02,2016-09-28,1463967000,0.2021723349603537,0.25227686143198585,0000796343-16-000395,0000796343-15-000188,Revenues,direct_quarter,,0000796343-16-000395
HUBS,2016-09-30,2016-11-03,70589000,0.47951206220787657,-0.14097097281446117,0001564590-16-027043,0001564590-15-009381,Revenues,direct_quarter,,0001564590-16-027043
NOW,2016-09-30,2016-11-05,357656000,0.3695424085774459,-0.07486243764958507,0001373715-16-000426,0001373715-15-000260,Revenues,direct_quarter,,0001373715-16-000426
CRM,2016-10-31,2016-11-22,2144775000,0.25281328436821515,0.0014155330978773998,0001108524-16-000128,0001108524-15-000034,SalesRevenueServicesNet,direct_quarter,,0001108524-16-000128
VEEV,2016-10-31,2016-12-09,142779000,0.33536910429195377,0.23679952934255039,0001564590-16-030006,0001564590-15-011387,Revenues,direct_quarter,,0001564590-16-030006
WDAY,2016-10-31,2016-12-03,409582000,0.3417216460398471,-0.2682832741673218,0001327811-16-000062,0001327811-15-000027,Revenues,direct_quarter,,0001327811-16-000062
ADBE,2016-12-02,2017-01-21,1608419000,0.23118040054990652,0.2936299558759254,0000796343-17-000031,0000796343-16-000224,Revenues,annual_minus_9m,0000796343-16-000395,0000796343-17-000031
HUBS,2016-12-31,2017-02-17,76444000,0.438918796822648,-0.18078593480194652,0001564590-17-001694,0001564590-16-013204,Revenues,annual_minus_9m,0001564590-16-027043,0001564590-17-001694
NOW,2016-12-31,2017-03-01,385666000,0.3501347803255732,-0.06120062437445873,0001373715-17-000026,0001373715-16-000324,Revenues,annual_minus_9m,0001373715-16-000426,0001373715-17-000026
CRM,2017-01-31,2017-03-07,2293988000,0.26781835726578684,-0.010176600749437225,0001108524-17-000006,0001108524-16-000053,Revenues,annual_minus_9m,0001108524-16-000128,0001108524-17-000006
VEEV,2017-01-31,2017-03-31,150153000,0.31401942767130486,0.21664568806484052,0001564590-17-005637,0001564590-16-015753,Revenues,annual_minus_9m,0001564590-16-030006,0001564590-17-005637
WDAY,2017-01-31,2017-03-21,436672000,0.35014083548992514,-0.2432832881430456,0001327811-17-000008,0001327811-16-000032,Revenues,annual_minus_9m,0001327811-16-000062,0001327811-17-000008
ADBE,2017-03-03,2017-03-30,1681646000,0.2156462462093418,0.2788928228652166,0000796343-17-000088,0000796343-16-000290,Revenues,direct_quarter,,0000796343-17-000088
HUBS,2017-03-31,2017-05-03,82252000,0.39504748982360915,-0.09726207265476827,0001564590-17-008140,0001564590-16-017682,Revenues,direct_quarter,,0001564590-17-008140
NOW,2017-03-31,2017-05-06,416783000,0.3625747436077664,-0.1019475362478796,0001373715-17-000050,0001373715-16-000364,Revenues,direct_quarter,,0001373715-17-000050
CRM,2017-04-30,2017-05-23,2387579000,0.2457347713637097,-0.003720086330127715,0001108524-17-000012,0001108524-16-000066,SalesRevenueServicesNet,direct_quarter,,0001108524-17-000012
VEEV,2017-04-30,2017-06-09,157918000,0.3185765338499049,0.23644549703010423,0001564590-17-012336,0001564590-16-020379,Revenues,direct_quarter,,0001564590-17-012336
WDAY,2017-04-30,2017-06-03,479861000,0.3891700199751036,-0.12545299576335647,0001327811-17-000015,0001327811-16-000041,Revenues,direct_quarter,,0001327811-17-000015
ADBE,2017-06-02,2017-06-29,1772190000,0.26701837194155464,0.28444015596521816,0000796343-17-000130,0000796343-16-000352,Revenues,direct_quarter,,0000796343-17-000130
HUBS,2017-06-30,2017-08-03,89093000,0.3712100224705266,-0.11871864231757825,0001564590-17-014974,0001564590-16-022377,Revenues,direct_quarter,,0001564590-17-014974
NOW,2017-06-30,2017-08-09,471703000,0.3820287596099756,-0.08212158922033568,0001373715-17-000125,0001373715-16-000394,Revenues,direct_quarter,,0001373715-17-000125
CRM,2017-07-31,2017-08-26,2561589000,0.2577660611857502,0.019828707884051656,0001108524-17-000020,0001108524-16-000085,SalesRevenueServicesNet,direct_quarter,,0001108524-17-000020
VEEV,2017-07-31,2017-09-08,166585000,0.2682817270284057,0.22149653330131763,0001564590-17-018414,0001564590-16-025058,Revenues,direct_quarter,,0001564590-17-018414
WDAY,2017-07-31,2017-09-01,525320000,0.3907546005935567,-0.15538909616995356,0001327811-17-000023,0001327811-16-000050,Revenues,direct_quarter,,0001327811-17-000023
ADBE,2017-09-01,2017-09-28,1841074000,0.2575925550234397,0.29638895557701644,0000796343-17-000157,0000796343-16-000395,Revenues,direct_quarter,,0000796343-17-000157
HUBS,2017-09-30,2017-11-02,97726000,0.3844366686027567,-0.12408161594662628,0001564590-17-020828,0001564590-16-027043,Revenues,direct_quarter,,0001564590-17-020828
NOW,2017-09-30,2017-11-07,498170000,0.3928747176057441,-0.014161832306240841,0001373715-17-000164,0001373715-16-000426,Revenues,direct_quarter,,0001373715-17-000164
CRM,2017-10-31,2017-11-23,2679841000,0.2494741872690609,0.043281672308170524,0001108524-17-000040,0001108524-16-000128,SalesRevenueServicesNet,direct_quarter,,0001108524-17-000040
MDB,2017-10-31,2017-12-16,41488000,0.577190648165748,-0.579685692248361,0001441816-17-000010,0001441816-17-000010,SalesRevenueNet,direct_quarter,,0001441816-17-000010
VEEV,2017-10-31,2017-12-07,176149000,0.23371784366048232,0.23654973914129515,0001564590-17-024561,0001564590-16-030006,Revenues,direct_quarter,,0001564590-17-024561
WDAY,2017-10-31,2017-12-01,555389000,0.3559897651752275,-0.14414941599491526,0001327811-17-000032,0001327811-16-000062,Revenues,direct_quarter,,0001327811-17-000032
ADBE,2017-12-01,2018-01-23,2006595000,0.24755738399011706,0.3236029193733663,0000796343-18-000015,0000796343-17-000031,Revenues,annual_minus_9m,0000796343-17-000157,0000796343-18-000015
HUBS,2017-12-31,2018-02-14,106541000,0.39371304484328395,-0.08853868463783895,0001564590-18-001962,0001564590-17-001694,Revenues,annual_minus_9m,0001564590-17-020828,0001564590-18-001962
NOW,2017-12-31,2018-03-01,546370000,0.4166921636856762,-0.024034994600728443,0001373715-18-000058,0001373715-17-000026,Revenues,annual_minus_9m,0001373715-17-000164,0001373715-18-000058
CRM,2018-01-31,2018-03-10,2851003000,0.24281513242440678,0.027312843935976217,0001108524-18-000011,0001108524-17-000006,SalesRevenueServicesNet,annual_minus_9m,0001108524-17-000040,0001108524-18-000011
MDB,2018-01-31,2018-03-31,45041000,0.5046769559698003,-0.6050709353699962,0001441816-18-000028,0001441816-18-000028,SalesRevenueNet,annual_minus_9m,0001441816-17-000010,0001441816-18-000028
VEEV,2018-01-31,2018-03-31,184919000,0.23153716542460034,0.18866098129451273,0001564590-18-007164,0001564590-17-005637,Revenues,annual_minus_9m,0001564590-17-024561,0001564590-18-007164
WDAY,2018-01-31,2018-03-15,582480000,0.33390737212369914,-0.13963569564620246,0001327811-18-000009,0001327811-17-000008,Revenues,annual_minus_9m,0001327811-17-000032,0001327811-18-000009
ADBE,2018-03-02,2018-03-29,2078947000,0.2362572146575439,0.3380235282573341,0000796343-18-000065,0000796343-17-000088,Revenues,direct_quarter,,0000796343-18-000065
HUBS,2018-03-31,2018-05-11,114556000,0.3927442493799542,-0.09885121687209748,0001564590-18-013006,0001564590-17-008140,Revenues,direct_quarter,,0001564590-18-013006
NOW,2018-03-31,2018-05-09,589222000,0.4137380843268559,-0.0344233582588566,0001373715-18-000087,0001373715-17-000050,Revenues,direct_quarter,,0001373715-18-000087
CRM,2018-04-30,2018-06-01,3006000000,0.25901593203826967,0.0635395874916833,0001108524-18-000035,0001108524-17-000012,RevenueFromContractWithCustomerExcludingAssessedTax,direct_quarter,,0001108524-18-000035
MDB,2018-04-30,2018-06-08,48222000,0.4887928372954615,-0.6073576375927999,0001441816-18-000053,0001441816-18-000053,SalesRevenueNet,direct_quarter,,0001441816-18-000053
VEEV,2018-04-30,2018-06-08,195547000,0.2382818931344115,0.22478483433650223,0001564590-18-015244,0001564590-17-012336,Revenues,direct_quarter,,0001564590-18-015244
WDAY,2018-04-30,2018-06-02,618643000,0.2892129179074774,-0.11519406184180538,0001327811-18-000022,0001327811-17-000015,RevenueFromContractWithCustomerExcludingAssessedTax,direct_quarter,,0001327811-18-000022
ZS,2018-04-30,2018-06-08,49163000,0.49141487683533547,-0.183552671724671,0001713683-18-000007,0001713683-18-000007,RevenueFromContractWithCustomerExcludingAssessedTax,direct_quarter,,0001713683-18-000007
ADBE,2018-06-01,2018-06-28,2195360000,0.23878365186577066,0.31816376357408355,0000796343-18-000134,0000796343-17-000130,Revenues,direct_quarter,,0000796343-18-000134
HUBS,2018-06-30,2018-08-02,122576000,0.3758207715533206,-0.11463908105991386,0001564590-18-018534,0001564590-17-014974,RevenueFromContractWithCustomerExcludingAssessedTax,direct_quarter,,0001564590-18-018534
NOW,2018-06-30,2018-08-09,631056000,0.3378248601344489,-0.050691222332090974,0001373715-18-000157,0001373715-17-000125,Revenues,direct_quarter,,0001373715-18-000157
CRM,2018-07-31,2018-09-01,3281000000,0.2808456001333548,0.03505028954587016,0001108524-18-000057,0001108524-17-000020,RevenueFromContractWithCustomerExcludingAssessedTax,direct_quarter,,0001108524-18-000057
MDB,2018-07-31,2018-09-08,57490000,0.6148876404494381,-0.5317098625847974,0001441816-18-000087,0001441816-18-000087,SalesRevenueNet,direct_quarter,,0001441816-18-000087
VEEV,2018-07-31,2018-09-07,209609000,0.2582705525707596,0.25198345490890184,0001564590-18-022767,0001564590-17-018414,RevenueFromContractWithCustomerExcludingAssessedTax,direct_quarter,,0001564590-18-022767
WDAY,2018-07-31,2018-09-06,671720000,0.27868727632681023,-0.13246888584529268,0001327811-18-000024,0001327811-17-000023,RevenueFromContractWithCustomerExcludingAssessedTax,direct_quarter,,0001327811-18-000024
ZS,2018-07-31,2018-09-14,56174000,0.5371606830122593,-0.1410617011428775,0001628280-18-011833,0001628280-18-011833,RevenueFromContractWithCustomerExcludingAssessedTax,annual_minus_9m,0001713683-18-000007,0001628280-18-011833
ADBE,2018-08-31,2018-09-27,2291076000,0.24442363533459277,0.3136543702609603,0000796343-18-000160,0000796343-17-000157,Revenues,direct_quarter,,0000796343-18-000160
HUBS,2018-09-30,2018-11-08,131826000,0.3489347768250004,-0.11416564258947401,0001564590-18-028116,0001564590-17-020828,RevenueFromContractWithCustomerExcludingAssessedTax,direct_quarter,,0001564590-18-028116
NOW,2018-09-30,2018-11-08,673097000,0.3511391693598571,0.014214890275844343,0001373715-18-000195,0001373715-17-000164,RevenueFromContractWithCustomerExcludingAssessedTax,direct_quarter,,0001373715-18-000195
CRM,2018-10-31,2018-11-29,3392000000,0.2657467364668278,0.027122641509433963,0001108524-18-000087,0001108524-17-000040,RevenueFromContractWithCustomerExcludingAssessedTax,direct_quarter,,0001108524-18-000087
MDB,2018-10-31,2018-12-07,64985000,0.5663565368299268,-0.44708778948988226,0001441816-18-000140,0001441816-17-000010,Revenues,direct_quarter,,0001441816-18-000140
VEEV,2018-10-31,2018-12-08,224731000,0.2758006006278775,0.2807534341056641,0001564590-18-030635,0001564590-17-024561,RevenueFromContractWithCustomerExcludingAssessedTax,direct_quarter,,0001564590-18-030635
WDAY,2018-10-31,2018-12-04,743189000,0.3381413747841604,-0.2459064921574458,0001327811-18-000058,0001327811-17-000032,RevenueFromContractWithCustomerExcludingAssessedTax,direct_quarter,,0001327811-18-000058
ZS,2018-10-31,2018-12-07,63298000,0.5879681894583679,-0.13686056431482826,0001713683-18-000009,0001713683-18-000009,RevenueFromContractWithCustomerExcludingAssessedTax,direct_quarter,,0001713683-18-000009
ADBE,2018-11-30,2019-01-26,2464625000,0.2282623050491006,0.29235522645432876,0000796343-19-000019,0000796343-18-000015,Revenues,annual_minus_9m,0000796343-18-000160,0000796343-19-000019
HUBS,2018-12-31,2019-02-13,144022000,0.35179883800602596,-0.05438058074460846,0001564590-19-002699,0001564590-18-001962,RevenueFromContractWithCustomerExcludingAssessedTax,annual_minus_9m,0001564590-18-028116,0001564590-19-002699
NOW,2018-12-31,2019-02-28,715441000,0.3094441495689735,0.0003885715244164089,0001373715-19-000070,0001373715-18-000058,RevenueFromContractWithCustomerExcludingAssessedTax,annual_minus_9m,0001373715-18-000195,0001373715-19-000070
CRM,2019-01-31,2019-03-09,3603000000,0.2637657694502602,0.038023868998057174,0001108524-19-000009,0001108524-18-000011,RevenueFromContractWithCustomerExcludingAssessedTax,annual_minus_9m,0001108524-18-000087,0001108524-19-000009
MDB,2019-01-31,2019-04-02,96319000,1.1384738349503785,-0.09193409400014535,0001441816-19-000067,0001441816-18-000028,RevenueFromContractWithCustomerExcludingAssessedTax,annual_minus_9m,0001441816-18-000140,0001441816-19-000067
VEEV,2019-01-31,2019-03-29,232323000,0.2563500776015444,0.2711655755134016,0001564590-19-009853,0001564590-18-007164,RevenueFromContractWithCustomerExcludingAssessedTax,annual_minus_9m,0001564590-18-030635,0001564590-19-009853
WDAY,2019-01-31,2019-03-19,788628000,0.35391429748660896,-0.1525218480703196,0001327811-19-000038,0001327811-18-000009,RevenueFromContractWithCustomerExcludingAssessedTax,annual_minus_9m,0001327811-18-000058,0001327811-19-000038
ZS,2019-01-31,2019-03-07,74302000,0.6520366417644967,-0.06974240262711637,0001713683-19-000006,0001713683-19-000006,RevenueFromContractWithCustomerExcludingAssessedTax,direct_quarter,,0001713683-19-000006
ADBE,2019-03-01,2019-03-28,2600946000,0.25108817107891634,0.26714510797225316,0000796343-19-000079,0000796343-18-000065,Revenues,direct_quarter,,0000796343-19-000079
HUBS,2019-03-31,2019-05-08,151798000,0.32509864171235026,-0.05952647597465052,0001564590-19-016599,0001564590-18-013006,RevenueFromContractWithCustomerExcludingAssessedTax,direct_quarter,,0001564590-19-016599
NOW,2019-03-31,2019-05-04,788926000,0.3389282817002759,-0.019916950385714248,0001373715-19-000116,0001373715-18-000087,RevenueFromContractWithCustomerExcludingAssessedTax,direct_quarter,,0001373715-19-000116
CRM,2019-04-30,2019-06-06,3737000000,0.24318030605455765,0.0561948086700562,0001108524-19-000025,0001108524-18-000035,RevenueFromContractWithCustomerExcludingAssessedTax,direct_quarter,,0001108524-19-000025
CRWD,2019-04-30,2019-07-20,96077000,1.0316987037154517,-0.2682744049043996,0001558370-19-006161,0001558370-19-006161,RevenueFromContractWithCustomerIncludingAssessedTax,direct_quarter,,0001558370-19-006161
MDB,2019-04-30,2019-06-08,89388000,0.8536767450541247,-0.3420705240076968,0001441816-19-000109,0001441816-18-000053,RevenueFromContractWithCustomerExcludingAssessedTax,direct_quarter,,0001441816-19-000109
VEEV,2019-04-30,2019-06-07,244752000,0.25162748597523876,0.29078005491272796,0001564590-19-021933,0001564590-18-015244,RevenueFromContractWithCustomerExcludingAssessedTax,direct_quarter,,0001564590-19-021933
WDAY,2019-04-30,2019-05-31,825055000,0.33365284986656274,-0.1495488179575907,0001327811-19-000092,0001327811-18-000022,RevenueFromContractWithCustomerExcludingAssessedTax,direct_quarter,,0001327811-19-000092
ZS,2019-04-30,2019-06-06,79128000,0.6095030815857454,-0.17107724193711454,0001713683-19-000016,0001713683-18-000007,RevenueFromContractWithCustomerExcludingAssessedTax,direct_quarter,,0001713683-19-000016
ADBE,2019-05-31,2019-06-27,2744280000,0.25003644049267537,0.2731306572215663,0000796343-19-000142,0000796343-18-000134,Revenues,direct_quarter,,0000796343-19-000142
HUBS,2019-06-30,2019-08-07,163255000,0.33186757603446027,-0.09632170530764754,0001564590-19-029455,0001564590-18-018534,RevenueFromContractWithCustomerExcludingAssessedTax,direct_quarter,,0001564590-19-029455
NOW,2019-06-30,2019-08-07,833904000,0.3214421541035979,-0.03237782766361596,0001373715-19-000208,0001373715-18-000157,RevenueFromContractWithCustomerExcludingAssessedTax,direct_quarter,,0001373715-19-000208
CRM,2019-07-31,2019-08-24,3997000000,0.21822615056385253,0.01451088316237178,0001108524-19-000052,0001108524-18-000057,RevenueFromContractWithCustomerExcludingAssessedTax,direct_quarter,,0001108524-19-000052
CRWD,2019-07-31,2019-09-07,108108000,0.9408628211342704,-0.4684112184112184,0001558370-19-008521,0001558370-19-008521,RevenueFromContractWithCustomerIncludingAssessedTax,direct_quarter,,0001558370-19-008521
MDB,2019-07-31,2019-09-06,99368000,0.7284397286484605,-0.3791160132034458,0001441816-19-000187,0001441816-18-000087,RevenueFromContractWithCustomerExcludingAssessedTax,direct_quarter,,0001441816-19-000187
VEEV,2019-07-31,2019-09-06,266900000,0.2733231874585538,0.27671787186212066,0001628280-19-011445,0001564590-18-022767,RevenueFromContractWithCustomerExcludingAssessedTax,direct_quarter,,0001628280-19-011445
WDAY,2019-07-31,2019-08-31,887752000,0.3216101947239922,-0.13798560859339096,0001327811-19-000156,0001327811-18-000024,RevenueFromContractWithCustomerExcludingAssessedTax,direct_quarter,,0001327811-19-000156
ZS,2019-07-31,2019-09-19,86108000,0.5328799800619504,-0.09210526315789473,0001713683-19-000030,0001628280-18-011833,RevenueFromContractWithCustomerExcludingAssessedTax,annual_minus_9m,0001713683-19-000016,0001713683-19-000030
ADBE,2019-08-30,2019-09-27,2834126000,0.23702836571113317,0.30126112953340817,0000796343-19-000165,0000796343-18-000160,Revenues,direct_quarter,,0000796343-19-000165
DDOG,2019-09-30,2019-11-14,95864000,0.8769628382347183,-0.04399983309688726,0001564590-19-043256,0001564590-19-043256,RevenueFromContractWithCustomerExcludingAssessedTax,direct_quarter,,0001564590-19-043256
HUBS,2019-09-30,2019-11-06,173621000,0.31704671309149934,-0.08105010338611113,0001564590-19-040465,0001564590-18-028116,RevenueFromContractWithCustomerExcludingAssessedTax,direct_quarter,,0001564590-19-040465
NET,2019-09-30,2019-11-13,73941000,0.4767525464349911,-0.5556592418279439,0001477333-19-000013,0001477333-19-000013,RevenueFromContractWithCustomerExcludingAssessedTax,direct_quarter,,0001477333-19-000013
NOW,2019-09-30,2019-10-26,885833000,0.31605548680205087,0.06358309071800215,0001373715-19-000267,0001373715-18-000195,RevenueFromContractWithCustomerExcludingAssessedTax,direct_quarter,,0001373715-19-000267
CRM,2019-10-31,2019-12-05,4513000000,0.33048349056603765,0.014402836250830933,0001108524-19-000076,0001108524-18-000087,RevenueFromContractWithCustomerExcludingAssessedTax,direct_quarter,,0001108524-19-000076
CRWD,2019-10-31,2019-12-07,125119000,0.8849184229952245,-0.3078509259185256,0001535527-19-000011,0001535527-19-000011,RevenueFromContractWithCustomerIncludingAssessedTax,direct_quarter,,0001535527-19-000011
MDB,2019-10-31,2019-12-11,109441000,0.6840963299222897,-0.3537431127274056,0001441816-19-000242,0001441816-18-000140,RevenueFromContractWithCustomerExcludingAssessedTax,direct_quarter,,0001441816-19-000242
VEEV,2019-10-31,2019-12-06,280921000,0.2500322607917911,0.2876253466276996,0001628280-19-014779,0001564590-18-030635,RevenueFromContractWithCustomerExcludingAssessedTax,direct_quarter,,0001628280-19-014779
WDAY,2019-10-31,2019-12-05,938100000,0.26226303134196005,-0.11752478413815158,0001327811-19-000196,0001327811-18-000058,RevenueFromContractWithCustomerExcludingAssessedTax,direct_quarter,,0001327811-19-000196
ZS,2019-10-31,2019-12-07,93590000,0.4785617239091282,-0.19526658831071694,0001713683-19-000053,0001713683-18-000009,RevenueFromContractWithCustomerExcludingAssessedTax,direct_quarter,,0001713683-19-000053
ADBE,2019-11-29,2020-01-22,2991945000,0.21395546989907177,0.32418109290110614,0000796343-20-000013,0000796343-19-000019,Revenues,annual_minus_9m,0000796343-19-000165,0000796343-20-000013
DDOG,2019-12-31,2020-02-26,113644000,0.8445706865768543,-0.019939460068283413,0001564590-20-006422,0001564590-20-006422,RevenueFromContractWithCustomerExcludingAssessedTax,annual_minus_9m,0001564590-19-043256,0001564590-20-006422
HUBS,2019-12-31,2020-02-13,186186000,0.2927608282068017,-0.043816398655108335,0001564590-20-004381,0001564590-19-002699,RevenueFromContractWithCustomerExcludingAssessedTax,annual_minus_9m,0001564590-19-040465,0001564590-20-004381
NET,2019-12-31,2020-03-05,83930000,0.512279500531541,-0.35674967234600263,0001477333-20-000010,0001477333-20-000010,RevenueFromContractWithCustomerExcludingAssessedTax,annual_minus_9m,0001477333-19-000013,0001477333-20-000010
NOW,2019-12-31,2020-02-21,951774000,0.33033192115073073,0.029956691399428855,0001373715-20-000072,0001373715-19-000070,RevenueFromContractWithCustomerExcludingAssessedTax,annual_minus_9m,0001373715-19-000267,0001373715-20-000072
CRM,2020-01-31,2020-03-06,4851000000,0.34637801831806825,-0.0074211502782931356,0001108524-20-000014,0001108524-19-000009,RevenueFromContractWithCustomerExcludingAssessedTax,annual_minus_9m,0001108524-19-000076,0001108524-20-000014
CRWD,2020-01-31,2020-03-24,152109000,0.8906096575725562,-0.20466902024206327,0001535527-20-000006,0001535527-20-000006,RevenueFromContractWithCustomerIncludingAssessedTax,annual_minus_9m,0001535527-19-000011,0001535527-20-000006
MDB,2020-01-31,2020-03-28,123523000,0.28243648708977465,-0.331136711381686,0001441816-20-000067,0001441816-19-000067,RevenueFromContractWithCustomerExcludingAssessedTax,annual_minus_9m,0001441816-19-000242,0001441816-20-000067
VEEV,2020-01-31,2020-03-31,311508000,0.3408401234488192,0.1938762407386006,0001628280-20-004385,0001564590-19-009853,RevenueFromContractWithCustomerExcludingAssessedTax,annual_minus_9m,0001628280-19-014779,0001628280-20-004385
WDAY,2020-01-31,2020-03-04,976299000,0.23797151508696124,-0.1496437054631829,0001327811-20-000022,0001327811-19-000038,RevenueFromContractWithCustomerExcludingAssessedTax,annual_minus_9m,0001327811-19-000196,0001327811-20-000022
ZS,2020-01-31,2020-03-05,101268000,0.36292428198433413,-0.29900857131571673,0001713683-20-000037,0001713683-19-000006,RevenueFromContractWithCustomerExcludingAssessedTax,direct_quarter,,0001713683-20-000037
ADBE,2020-02-28,2020-03-26,3091000000,0.18841375407255678,0.3031381429957942,0000796343-20-000064,0000796343-19-000079,Revenues,direct_quarter,,0000796343-20-000064
DDOG,2020-03-31,2020-05-13,131248000,0.8736331192005711,0.028785200536389124,0001564590-20-024662,0001564590-20-024662,RevenueFromContractWithCustomerExcludingAssessedTax,direct_quarter,,0001564590-20-024662
HUBS,2020-03-31,2020-05-07,198968000,0.31074190700799753,-0.07087571870853604,0001564590-20-022045,0001564590-19-016599,RevenueFromContractWithCustomerExcludingAssessedTax,direct_quarter,,0001564590-20-022045
NET,2020-03-31,2020-05-12,91250000,0.4782834092050481,-0.3952986301369863,0001477333-20-000024,0001477333-20-000024,RevenueFromContractWithCustomerExcludingAssessedTax,direct_quarter,,0001477333-20-000024
NOW,2020-03-31,2020-05-01,1046340000,0.32628408748095517,0.047150065944148174,0001373715-20-000101,0001373715-19-000116,RevenueFromContractWithCustomerExcludingAssessedTax,direct_quarter,,0001373715-20-000101
CRM,2020-04-30,2020-06-02,4865000000,0.30184640085630177,-0.02877697841726619,0001108524-22-000007,0001108524-19-000025,RevenueFromContractWithCustomerExcludingAssessedTax,direct_quarter,,0001108524-22-000007
CRWD,2020-04-30,2020-06-04,178078000,0.853492511214963,-0.1267759071867384,0001535527-20-000012,0001558370-19-006161,RevenueFromContractWithCustomerIncludingAssessedTax,direct_quarter,,0001535527-20-000012
MDB,2020-04-30,2020-06-06,130329000,0.4580144985904149,-0.3225682695332581,0001441816-20-000110,0001441816-19-000109,RevenueFromContractWithCustomerExcludingAssessedTax,direct_quarter,,0001441816-20-000110
VEEV,2020-04-30,2020-06-05,337106000,0.37733705955416097,0.25975509187021295,0001628280-20-008982,0001564590-19-021933,RevenueFromContractWithCustomerExcludingAssessedTax,direct_quarter,,0001628280-20-008982
WDAY,2020-04-30,2020-05-29,1018385000,0.23432377235457036,-0.14184910421893487,0001327811-20-000070,0001327811-19-000092,RevenueFromContractWithCustomerExcludingAssessedTax,direct_quarter,,0001327811-20-000070
ZS,2020-04-30,2020-06-04,110524000,0.3967748458194318,-0.18560674604610763,0001713683-20-000095,0001713683-19-000016,RevenueFromContractWithCustomerExcludingAssessedTax,direct_quarter,,0001713683-20-000095
ADBE,2020-05-29,2020-06-25,3128000000,0.1398253822496247,0.3248081841432225,0000796343-20-000143,0000796343-19-000142,Revenues,direct_quarter,,0000796343-20-000143
DDOG,2020-06-30,2020-08-08,140012000,0.6823916752781716,0.004671028197583064,0001564590-20-038405,0001564590-20-038405,RevenueFromContractWithCustomerExcludingAssessedTax,direct_quarter,,0001564590-20-038405
HUBS,2020-06-30,2020-08-06,203608000,0.2471777280940859,-0.0669178028368237,0001564590-20-036906,0001564590-19-029455,RevenueFromContractWithCustomerExcludingAssessedTax,direct_quarter,,0001564590-20-036906
NET,2020-06-30,2020-08-11,99721000,0.47901340768865697,-0.2477311699642001,0001628280-20-012347,0001628280-20-012347,RevenueFromContractWithCustomerExcludingAssessedTax,direct_quarter,,0001628280-20-012347
NOW,2020-06-30,2020-07-31,1070842000,0.2841310270726607,0.05814676674990335,0001373715-20-000191,0001373715-19-000208,RevenueFromContractWithCustomerExcludingAssessedTax,direct_quarter,,0001373715-20-000191
CRM,2020-07-31,2020-08-29,5151000000,0.28871653740305225,0.034556396816152204,0001108524-20-000041,0001108524-19-000052,RevenueFromContractWithCustomerExcludingAssessedTax,direct_quarter,,0001108524-20-000041
CRWD,2020-07-31,2020-09-04,198971000,0.8404835904835906,-0.15073050846605787,0001535527-20-000019,0001558370-19-008521,RevenueFromContractWithCustomerIncludingAssessedTax,direct_quarter,,0001535527-20-000019
MDB,2020-07-31,2020-09-04,138281000,0.3916049432412849,-0.359991611284269,0001441816-20-000176,0001441816-19-000187,RevenueFromContractWithCustomerExcludingAssessedTax,direct_quarter,,0001441816-20-000176
VEEV,2020-07-31,2020-09-09,353683000,0.32515174222555254,0.2546941752925642,0001628279-20-000207,0001628280-19-011445,RevenueFromContractWithCustomerExcludingAssessedTax,direct_quarter,,0001628279-20-000207
WDAY,2020-07-31,2020-08-29,1061967000,0.19624286963025717,-0.01577638476525165,0001327811-20-000129,0001327811-19-000156,RevenueFromContractWithCustomerExcludingAssessedTax,direct_quarter,,0001327811-20-000129
ZS,2020-07-31,2020-09-18,125887000,0.46196636781715994,-0.35656580901919976,0001713683-20-000163,0001713683-19-000030,RevenueFromContractWithCustomerExcludingAssessedTax,annual_minus_9m,0001713683-20-000095,0001713683-20-000163
ADBE,2020-08-28,2020-09-24,3225000000,0.13791694511817743,0.33147286821705424,0000796343-20-000201,0000796343-19-000165,Revenues,direct_quarter,,0000796343-20-000201
DDOG,2020-09-30,2020-11-13,154675000,0.6134836852207293,-0.059912720219815745,0001564590-20-053609,0001564590-19-043256,RevenueFromContractWithCustomerExcludingAssessedTax,direct_quarter,,0001564590-20-053609
HUBS,2020-09-30,2020-11-06,228385000,0.31542267352451603,-0.06769709043938962,0001564590-20-051449,0001564590-19-040465,RevenueFromContractWithCustomerExcludingAssessedTax,direct_quarter,,0001564590-20-051449
NET,2020-09-30,2020-11-11,114162000,0.5439607254432588,-0.1861565144268671,0001477333-20-000042,0001477333-19-000013,RevenueFromContractWithCustomerExcludingAssessedTax,direct_quarter,,0001477333-20-000042
NOW,2020-09-30,2020-10-30,1151972000,0.30043924757826823,0.06018549061956367,0001373715-20-000257,0001373715-19-000267,RevenueFromContractWithCustomerExcludingAssessedTax,direct_quarter,,0001373715-20-000257
CRM,2020-10-31,2020-12-05,5419000000,0.20075337912696645,0.04133603985975272,0001108524-20-000047,0001108524-19-000076,RevenueFromContractWithCustomerExcludingAssessedTax,direct_quarter,,0001108524-20-000047
CRWD,2020-10-31,2020-12-04,232460000,0.8579112684724142,-0.10392755742923514,0001535527-20-000025,0001535527-19-000011,RevenueFromContractWithCustomerIncludingAssessedTax,direct_quarter,,0001535527-20-000025
MDB,2020-10-31,2020-12-10,150771000,0.37764640308476705,-0.38529292768503226,0001441816-20-000233,0001441816-19-000242,RevenueFromContractWithCustomerExcludingAssessedTax,direct_quarter,,0001441816-20-000233
SNOW,2020-10-31,2020-12-04,159624000,1.1862707500136964,-1.0615822182128,0001640147-20-000023,0001640147-20-000023,RevenueFromContractWithCustomerExcludingAssessedTax,direct_quarter,,0001640147-20-000023
VEEV,2020-10-31,2020-12-10,377519000,0.34386179744483325,0.2683441098328826,0001628280-20-017286,0001628280-19-014779,RevenueFromContractWithCustomerExcludingAssessedTax,direct_quarter,,0001628280-20-017286
WDAY,2020-10-31,2020-11-21,1105960000,0.17893614753224596,-0.012728308437918189,0001327811-20-000167,0001327811-19-000196,RevenueFromContractWithCustomerExcludingAssessedTax,direct_quarter,,0001327811-20-000167
ZS,2020-10-31,2020-12-09,142578000,0.523431990597286,-0.29925374181149966,0001713683-20-000193,0001713683-19-000053,RevenueFromContractWithCustomerExcludingAssessedTax,direct_quarter,,0001713683-20-000193
ADBE,2020-11-27,2021-01-16,3424000000,0.14440606361413733,0.3548481308411215,0000796343-21-000004,0000796343-20-000013,Revenues,annual_minus_9m,0000796343-20-000201,0000796343-21-000004
DDOG,2020-12-31,2021-03-02,177531000,0.5621678223223399,-0.05034613673104979,0001564590-21-009770,0001564590-20-006422,RevenueFromContractWithCustomerExcludingAssessedTax,annual_minus_9m,0001564590-20-053609,0001564590-21-009770
HUBS,2020-12-31,2021-02-17,252065000,0.3538343377053055,-0.03031360958482931,0001564590-21-006083,0001564590-20-004381,RevenueFromContractWithCustomerExcludingAssessedTax,annual_minus_9m,0001564590-20-051449,0001564590-21-006083
NET,2020-12-31,2021-02-26,125926000,0.5003693554152269,-0.19647253148674618,0001477333-21-000009,0001477333-20-000010,RevenueFromContractWithCustomerExcludingAssessedTax,annual_minus_9m,0001477333-20-000042,0001477333-21-000009
NOW,2020-12-31,2021-02-13,1250330000,0.31368371062878375,0.014340214183455567,0001373715-21-000061,0001373715-20-000072,RevenueFromContractWithCustomerExcludingAssessedTax,annual_minus_9m,0001373715-20-000257,0001373715-21-000061
CRM,2021-01-31,2021-03-18,5817000000,0.19913419913419905,0.03317861440605123,0001108524-21-000014,0001108524-20-000014,RevenueFromContractWithCustomerExcludingAssessedTax,annual_minus_9m,0001108524-20-000047,0001108524-21-000014
CRWD,2021-01-31,2021-03-19,264929000,0.7417049615736084,-0.059649943947246244,0001535527-21-000007,0001535527-20-000006,RevenueFromContractWithCustomerIncludingAssessedTax,annual_minus_9m,0001535527-20-000025,0001535527-21-000007
MDB,2021-01-31,2021-03-23,170999000,0.38434947337742775,-0.3473295165468804,0001441816-21-000051,0001441816-20-000067,RevenueFromContractWithCustomerExcludingAssessedTax,annual_minus_9m,0001441816-20-000233,0001441816-21-000051
SNOW,2021-01-31,2021-04-01,190465000,1.1719769192172604,-1.0521460635812354,0001640147-21-000073,0001640147-21-000073,RevenueFromContractWithCustomerExcludingAssessedTax,annual_minus_9m,0001640147-20-000023,0001640147-21-000073
VEEV,2021-01-31,2021-03-31,396761000,0.27367836460058803,0.24912478797059187,0001393052-21-000015,0001628280-20-004385,RevenueFromContractWithCustomerExcludingAssessedTax,annual_minus_9m,0001628280-20-017286,0001393052-21-000015
WDAY,2021-01-31,2021-03-03,1131684000,0.1591571844281312,-0.06478045107998345,0001327811-21-000020,0001327811-20-000022,RevenueFromContractWithCustomerExcludingAssessedTax,annual_minus_9m,0001327811-20-000167,0001327811-21-000020
ZS,2021-01-31,2021-03-05,157044000,0.5507761583125963,-0.343203178726981,0001713683-21-000037,0001713683-20-000037,RevenueFromContractWithCustomerExcludingAssessedTax,direct_quarter,,0001713683-21-000037
ADBE,2021-03-05,2021-04-01,3905000000,0.2633451957295374,0.37234314980793853,0000796343-21-000069,0000796343-20-000064,Revenues,direct_quarter,,0000796343-21-000069
DDOG,2021-03-31,2021-05-08,198549000,0.5127773375594296,-0.06461880946265154,0001561550-21-000007,0001564590-20-024662,RevenueFromContractWithCustomerExcludingAssessedTax,direct_quarter,,0001561550-21-000007
HUBS,2021-03-31,2021-05-06,281365000,0.4141218688432311,-0.053425266113411404,0001564590-21-024171,0001564590-20-022045,RevenueFromContractWithCustomerExcludingAssessedTax,direct_quarter,,0001564590-21-024171
NET,2021-03-31,2021-05-08,138055000,0.512931506849315,-0.226388033754663,0001477333-21-000026,0001477333-20-000024,RevenueFromContractWithCustomerExcludingAssessedTax,direct_quarter,,0001477333-21-000026
NOW,2021-03-31,2021-04-30,1360000000,0.29976871762524615,0.0713235294117647,0001373715-21-000114,0001373715-20-000101,RevenueFromContractWithCustomerExcludingAssessedTax,direct_quarter,,0001373715-21-000114
CRM,2021-04-30,2021-06-03,5963000000,0.225693730729702,0.05936609089384538,0001108524-21-000030,0001108524-22-000007,RevenueFromContractWithCustomerExcludingAssessedTax,direct_quarter,,0001108524-21-000030
CRWD,2021-04-30,2021-06-05,302843000,0.7006199530542796,-0.10350907896170623,0001535527-21-000013,0001535527-20-000012,RevenueFromContractWithCustomerIncludingAssessedTax,direct_quarter,,0001535527-21-000013
MDB,2021-04-30,2021-06-05,181648000,0.39376501008984954,-0.33826962036466135,0001441816-21-000095,0001441816-20-000110,RevenueFromContractWithCustomerExcludingAssessedTax,direct_quarter,,0001441816-21-000095
SNOW,2021-04-30,2021-06-05,228914000,1.1036989385654552,-0.8981320495906759,0001640147-21-000122,0001640147-21-000122,RevenueFromContractWithCustomerExcludingAssessedTax,direct_quarter,,0001640147-21-000122
VEEV,2021-04-30,2021-06-05,433573000,0.28616221603887215,0.29624999711697914,0001393052-21-000028,0001628280-20-008982,RevenueFromContractWithCustomerExcludingAssessedTax,direct_quarter,,0001393052-21-000028
WDAY,2021-04-30,2021-05-27,1175033000,0.15382001895157527,-0.03260589277067112,0001327811-21-000054,0001327811-20-000070,RevenueFromContractWithCustomerExcludingAssessedTax,direct_quarter,,0001327811-21-000054
ZS,2021-04-30,2021-06-04,176404000,0.5960696319351453,-0.2485771297703,0001713683-21-000096,0001713683-20-000095,RevenueFromContractWithCustomerExcludingAssessedTax,direct_quarter,,0001713683-21-000096
ADBE,2021-06-04,2021-07-01,3835000000,0.22602301790281332,0.3666232073011734,0000796343-21-000159,0000796343-20-000143,Revenues,direct_quarter,,0000796343-21-000159
DDOG,2021-06-30,2021-08-07,233549000,0.6680641659286346,-0.042329446925484585,0001561550-21-000018,0001564590-20-038405,RevenueFromContractWithCustomerExcludingAssessedTax,direct_quarter,,0001561550-21-000018
HUBS,2021-06-30,2021-08-05,310788000,0.526403677655102,-0.053419050928607284,0000950170-21-000805,0001564590-20-036906,RevenueFromContractWithCustomerExcludingAssessedTax,direct_quarter,,0000950170-21-000805
NET,2021-06-30,2021-08-07,152428000,0.5285446395443287,-0.18941401842181227,0001477333-21-000036,0001628280-20-012347,RevenueFromContractWithCustomerExcludingAssessedTax,direct_quarter,,0001477333-21-000036
NOW,2021-06-30,2021-07-30,1409000000,0.31578701619846816,0.0361958836053939,0001373715-21-000202,0001373715-20-000191,RevenueFromContractWithCustomerExcludingAssessedTax,direct_quarter,,0001373715-21-000202
CRM,2021-07-31,2021-08-28,6340000000,0.23082896524946617,0.05236593059936909,0001108524-21-000047,0001108524-20-000041,RevenueFromContractWithCustomerExcludingAssessedTax,direct_quarter,,0001108524-21-000047
CRWD,2021-07-31,2021-09-02,337690000,0.6971820013971886,-0.140374307797092,0001535527-21-000022,0001535527-20-000019,RevenueFromContractWithCustomerIncludingAssessedTax,direct_quarter,,0001535527-21-000022
MDB,2021-07-31,2021-09-04,198747000,0.43726903913046633,-0.3649413576053978,0001441816-21-000192,0001441816-20-000176,RevenueFromContractWithCustomerExcludingAssessedTax,direct_quarter,,0001441816-21-000192
SNOW,2021-07-31,2021-09-03,272198000,1.0443726764054229,-0.7352772614053006,0001640147-21-000212,0001640147-21-000212,RevenueFromContractWithCustomerExcludingAssessedTax,direct_quarter,,0001640147-21-000212
VEEV,2021-07-31,2021-09-04,455594000,0.2881422064390995,0.27354179379008503,0001393052-21-000034,0001628279-20-000207,RevenueFromContractWithCustomerExcludingAssessedTax,direct_quarter,,0001393052-21-000034
WDAY,2021-07-31,2021-08-27,1260361000,0.18681748114583607,-0.0008886342881126915,0001327811-21-000133,0001327811-20-000129,RevenueFromContractWithCustomerExcludingAssessedTax,direct_quarter,,0001327811-21-000133
ZS,2021-07-31,2021-09-17,197074000,0.5654833302882745,-0.34198828866314174,0001713683-21-000175,0001713683-20-000163,RevenueFromContractWithCustomerExcludingAssessedTax,annual_minus_9m,0001713683-21-000096,0001713683-21-000175
ADBE,2021-09-03,2021-09-30,3935000000,0.22015503875969,0.3662007623888183,0000796343-21-000210,0000796343-20-000201,Revenues,direct_quarter,,0000796343-21-000210
DDOG,2021-09-30,2021-11-06,270488000,0.7487506061095845,-0.01809692112034545,0001561550-21-000026,0001564590-20-053609,RevenueFromContractWithCustomerExcludingAssessedTax,direct_quarter,,0001561550-21-000026
HUBS,2021-09-30,2021-11-04,339195000,0.4851894826718042,-0.04400713453912941,0000950170-21-002844,0001564590-20-051449,RevenueFromContractWithCustomerExcludingAssessedTax,direct_quarter,,0000950170-21-002844
NET,2021-09-30,2021-11-06,172347000,0.5096704682819151,-0.1537247529693003,0001477333-21-000045,0001477333-20-000042,RevenueFromContractWithCustomerExcludingAssessedTax,direct_quarter,,0001477333-21-000045
NOW,2021-09-30,2021-10-29,1512000000,0.31253190181705803,0.04894179894179894,0001373715-21-000292,0001373715-20-000257,RevenueFromContractWithCustomerExcludingAssessedTax,direct_quarter,,0001373715-21-000292
CRM,2021-10-31,2021-12-03,6863000000,0.26646982838162026,0.005536937199475448,0001108524-21-000055,0001108524-20-000047,RevenueFromContractWithCustomerExcludingAssessedTax,direct_quarter,,0001108524-21-000055
CRWD,2021-10-31,2021-12-03,380051000,0.6349092316957756,-0.10594367598032896,0001535527-21-000028,0001535527-20-000025,RevenueFromContractWithCustomerIncludingAssessedTax,direct_quarter,,0001535527-21-000028
MDB,2021-10-31,2021-12-09,226893000,0.5048848916568835,-0.3383445060006258,0001441816-21-000242,0001441816-20-000233,RevenueFromContractWithCustomerExcludingAssessedTax,direct_quarter,,0001441816-21-000242
SNOW,2021-10-31,2021-12-04,334441000,1.0951799228186236,-0.4702503580601661,0001640147-21-000271,0001640147-20-000023,RevenueFromContractWithCustomerExcludingAssessedTax,direct_quarter,,0001640147-21-000271
VEEV,2021-10-31,2021-12-04,476111000,0.261157716565259,0.27873332059120665,0001393052-21-000040,0001628280-20-017286,RevenueFromContractWithCustomerExcludingAssessedTax,direct_quarter,,0001393052-21-000040
WDAY,2021-10-31,2021-11-19,1327263000,0.20010036529350073,0.018040885642107103,0001327811-21-000174,0001327811-20-000167,RevenueFromContractWithCustomerExcludingAssessedTax,direct_quarter,,0001327811-21-000174
ZS,2021-10-31,2021-12-09,230517000,0.616778184572655,-0.3226269646056473,0001713683-21-000238,0001713683-20-000193,RevenueFromContractWithCustomerExcludingAssessedTax,direct_quarter,,0001713683-21-000238
ADBE,2021-12-03,2022-01-22,4110000000,0.2003504672897196,0.3652068126520681,0000796343-22-000032,0000796343-21-000004,Revenues,annual_minus_9m,0000796343-21-000210,0000796343-22-000032
DDOG,2021-12-31,2022-02-26,326198000,0.8374143107400962,0.025919840097118927,0001561550-22-000009,0001564590-21-009770,RevenueFromContractWithCustomerExcludingAssessedTax,annual_minus_9m,0001561550-21-000026,0001561550-22-000009
HUBS,2021-12-31,2022-02-15,369309000,0.46513399321603566,-0.02230652380526876,0000950170-22-001221,0001564590-21-006083,RevenueFromContractWithCustomerExcludingAssessedTax,annual_minus_9m,0000950170-21-002844,0000950170-22-001221
NET,2021-12-31,2022-03-02,193596000,0.5373790956593556,-0.21211182049215893,0001477333-22-000008,0001477333-21-000009,RevenueFromContractWithCustomerExcludingAssessedTax,annual_minus_9m,0001477333-21-000045,0001477333-22-000008
NOW,2021-12-31,2022-02-04,1614000000,0.2908592131677237,0.02168525402726146,0001373715-22-000024,0001373715-21-000061,RevenueFromContractWithCustomerExcludingAssessedTax,annual_minus_9m,0001373715-21-000292,0001373715-22-000024
CRM,2022-01-31,2022-03-12,7326000000,0.2594120680763281,-0.024024024024024024,0001108524-22-000013,0001108524-21-000014,RevenueFromContractWithCustomerExcludingAssessedTax,annual_minus_9m,0001108524-21-000055,0001108524-22-000013
CRWD,2022-01-31,2022-03-17,431010000,0.6268887135798649,-0.054601981392543096,0001535527-22-000006,0001535527-21-000007,RevenueFromContractWithCustomerIncludingAssessedTax,annual_minus_9m,0001535527-21-000028,0001535527-22-000006
MDB,2022-01-31,2022-03-19,266494000,0.5584535582079428,-0.2950122704451132,0001441816-22-000059,0001441816-21-000051,RevenueFromContractWithCustomerExcludingAssessedTax,annual_minus_9m,0001441816-21-000242,0001441816-22-000059
SNOW,2022-01-31,2022-03-31,383774000,1.0149318772477884,-0.3961420002397244,0001640147-22-000023,0001640147-21-000073,RevenueFromContractWithCustomerExcludingAssessedTax,annual_minus_9m,0001640147-21-000271,0001640147-22-000023
VEEV,2022-01-31,2022-03-31,485499000,0.22365605490458984,0.24658753159120822,0001393052-22-000017,0001393052-21-000015,RevenueFromContractWithCustomerExcludingAssessedTax,annual_minus_9m,0001393052-21-000040,0001393052-22-000017
WDAY,2022-01-31,2022-03-01,1376141000,0.21601171351720083,-0.07336602862642709,0001327811-22-000030,0001327811-21-000020,RevenueFromContractWithCustomerExcludingAssessedTax,annual_minus_9m,0001327811-21-000174,0001327811-22-000030
ZS,2022-01-31,2022-03-10,255563000,0.6273337408624335,-0.3284199982000524,0001713683-22-000029,0001713683-21-000037,RevenueFromContractWithCustomerExcludingAssessedTax,direct_quarter,,0001713683-22-000029
ADBE,2022-03-04,2022-03-31,4262000000,0.09142125480153651,0.3707179727827311,0000796343-22-000099,0000796343-21-000069,Revenues,direct_quarter,,0000796343-22-000099
DDOG,2022-03-31,2022-05-07,363030000,0.828415151927232,0.02868633446271658,0001561550-22-000026,0001561550-21-000007,RevenueFromContractWithCustomerExcludingAssessedTax,direct_quarter,,0001561550-22-000026
HUBS,2022-03-31,2022-05-06,395599000,0.40599932472055866,-0.028195217884777263,0000950170-22-007919,0001564590-21-024171,RevenueFromContractWithCustomerExcludingAssessedTax,direct_quarter,,0000950170-22-007919
NET,2022-03-31,2022-05-06,212167000,0.5368295244648871,-0.188643851305811,0001477333-22-000031,0001477333-21-000026,RevenueFromContractWithCustomerExcludingAssessedTax,direct_quarter,,0001477333-22-000031
NOW,2022-03-31,2022-04-29,1722000000,0.26617647058823524,0.050522648083623695,0001373715-22-000134,0001373715-21-000114,RevenueFromContractWithCustomerExcludingAssessedTax,direct_quarter,,0001373715-22-000134
CRM,2022-04-30,2022-06-02,7411000000,0.24283078987087037,0.002698691134799622,0001108524-22-000022,0001108524-21-000030,RevenueFromContractWithCustomerExcludingAssessedTax,direct_quarter,,0001108524-22-000022
CRWD,2022-04-30,2022-06-04,487834000,0.610847865065397,-0.048957227253532964,0001535527-22-000012,0001535527-21-000013,RevenueFromContractWithCustomerIncludingAssessedTax,direct_quarter,,0001535527-22-000012
MDB,2022-04-30,2022-06-04,285447000,0.5714293578789746,-0.26603887937165216,0001441816-22-000109,0001441816-21-000095,RevenueFromContractWithCustomerExcludingAssessedTax,direct_quarter,,0001441816-22-000109
SNOW,2022-04-30,2022-06-04,422371000,0.845107769730117,-0.44691988796579313,0001640147-22-000044,0001640147-21-000122,RevenueFromContractWithCustomerExcludingAssessedTax,direct_quarter,,0001640147-22-000044
VEEV,2022-04-30,2022-06-04,505102000,0.16497567883608988,0.2527647881022051,0001393052-22-000025,0001393052-21-000028,RevenueFromContractWithCustomerExcludingAssessedTax,direct_quarter,,0001393052-22-000025
WDAY,2022-04-30,2022-05-27,1434657000,0.22095039032946318,-0.050773808652521124,0001327811-22-000091,0001327811-21-000054,RevenueFromContractWithCustomerExcludingAssessedTax,direct_quarter,,0001327811-22-000091
ZS,2022-04-30,2022-06-10,286807000,0.6258531552572504,-0.3019347505465348,0001713683-22-000056,0001713683-21-000096,RevenueFromContractWithCustomerExcludingAssessedTax,direct_quarter,,0001713683-22-000056
ADBE,2022-06-03,2022-06-30,4386000000,0.14367666232073018,0.348609211126311,0000796343-22-000157,0000796343-21-000159,Revenues,direct_quarter,,0000796343-22-000157
DDOG,2022-06-30,2022-08-09,406138000,0.7389841104008152,-0.007728900029054164,0001561550-22-000038,0001561550-21-000018,RevenueFromContractWithCustomerExcludingAssessedTax,direct_quarter,,0001561550-22-000038
HUBS,2022-06-30,2022-08-05,421755000,0.35705046526892925,-0.12388709084658155,0000950170-22-014846,0000950170-21-000805,RevenueFromContractWithCustomerExcludingAssessedTax,direct_quarter,,0000950170-22-014846
NET,2022-06-30,2022-08-05,234517000,0.5385427874143858,-0.2752081938622786,0001477333-22-000048,0001477333-21-000036,RevenueFromContractWithCustomerExcludingAssessedTax,direct_quarter,,0001477333-22-000048
NOW,2022-06-30,2022-07-29,1752000000,0.24343506032647277,0.012557077625570776,0001373715-22-000241,0001373715-21-000202,RevenueFromContractWithCustomerExcludingAssessedTax,direct_quarter,,0001373715-22-000241
CRM,2022-07-31,2022-08-26,7720000000,0.21766561514195581,0.025,0001108524-22-000041,0001108524-21-000047,RevenueFromContractWithCustomerExcludingAssessedTax,direct_quarter,,0001108524-22-000041
CRWD,2022-07-31,2022-09-01,535153000,0.5847463650093281,-0.09026764308524851,0001535527-22-000018,0001535527-21-000022,RevenueFromContractWithCustomerIncludingAssessedTax,direct_quarter,,0001535527-22-000018
MDB,2022-07-31,2022-09-03,303660000,0.5278721188244351,-0.378196008693934,0001441816-22-000164,0001441816-21-000192,RevenueFromContractWithCustomerExcludingAssessedTax,direct_quarter,,0001441816-22-000164
SNOW,2022-07-31,2022-09-02,497248000,0.8267878529599777,-0.41776336958620247,0001640147-22-000084,0001640147-21-000212,RevenueFromContractWithCustomerExcludingAssessedTax,direct_quarter,,0001640147-22-000084
VEEV,2022-07-31,2022-09-03,534218000,0.17257470467126423,0.18923360875148348,0001393052-22-000036,0001393052-21-000034,RevenueFromContractWithCustomerExcludingAssessedTax,direct_quarter,,0001393052-22-000036
WDAY,2022-07-31,2022-08-26,1535798000,0.21853818072758524,-0.02218911601655947,0001327811-22-000154,0001327811-21-000133,RevenueFromContractWithCustomerExcludingAssessedTax,direct_quarter,,0001327811-22-000154
ZS,2022-07-31,2022-09-16,318059000,0.6139064513837442,-0.2594770152707517,0001713683-22-000081,0001713683-21-000175,RevenueFromContractWithCustomerExcludingAssessedTax,annual_minus_9m,0001713683-22-000056,0001713683-22-000081
ADBE,2022-09-02,2022-09-29,4433000000,0.12655654383735704,0.33476201218136703,0000796343-22-000196,0000796343-21-000210,Revenues,direct_quarter,,0000796343-22-000196
DDOG,2022-09-30,2022-11-05,436533000,0.6138719647452013,-0.0717975502424788,0001561550-22-000045,0001561550-21-000026,RevenueFromContractWithCustomerExcludingAssessedTax,direct_quarter,,0001561550-22-000045
HUBS,2022-09-30,2022-11-03,443958000,0.30885773670012817,-0.07255866545934525,0000950170-22-021289,0000950170-21-002844,RevenueFromContractWithCustomerExcludingAssessedTax,direct_quarter,,0000950170-22-021289
NET,2022-09-30,2022-11-04,253857000,0.4729412174276315,-0.1809955998849746,0001477333-22-000060,0001477333-21-000045,RevenueFromContractWithCustomerExcludingAssessedTax,direct_quarter,,0001477333-22-000060
NOW,2022-09-30,2022-10-28,1831000000,0.21097883597883604,0.0496996176952485,0001373715-22-000330,0001373715-21-000292,RevenueFromContractWithCustomerExcludingAssessedTax,direct_quarter,,0001373715-22-000330
CRM,2022-10-31,2022-12-02,7837000000,0.14192044295497586,0.05869592956488452,0001108524-22-000060,0001108524-21-000055,RevenueFromContractWithCustomerExcludingAssessedTax,direct_quarter,,0001108524-22-000060
CRWD,2022-10-31,2022-12-01,580882000,0.5284317104809617,-0.09713160332046784,0001535527-22-000025,0001535527-21-000028,RevenueFromContractWithCustomerIncludingAssessedTax,direct_quarter,,0001535527-22-000025
MDB,2022-10-31,2022-12-09,333621000,0.4703891261519748,-0.24855449746868452,0001441816-22-000193,0001441816-21-000242,RevenueFromContractWithCustomerExcludingAssessedTax,direct_quarter,,0001441816-22-000193
SNOW,2022-10-31,2022-12-03,557028000,0.6655493794122131,-0.369853939119757,0001640147-22-000100,0001640147-21-000271,RevenueFromContractWithCustomerExcludingAssessedTax,direct_quarter,,0001640147-22-000100
VEEV,2022-10-31,2022-12-08,552351000,0.16013072581813903,0.21979502164384604,0001393052-22-000048,0001393052-21-000040,RevenueFromContractWithCustomerExcludingAssessedTax,direct_quarter,,0001393052-22-000048
WDAY,2022-10-31,2022-11-30,1599103000,0.2048124599269323,-0.016459852804978792,0001327811-22-000184,0001327811-21-000174,RevenueFromContractWithCustomerExcludingAssessedTax,direct_quarter,,0001327811-22-000184
ZS,2022-10-31,2022-12-08,355548000,0.5423938364632543,-0.19431131661547807,0001713683-22-000123,0001713683-21-000238,RevenueFromContractWithCustomerExcludingAssessedTax,direct_quarter,,0001713683-22-000123
ADBE,2022-12-02,2023-01-18,4525000000,0.1009732360097324,0.33259668508287293,0000796343-23-000007,0000796343-22-000032,Revenues,annual_minus_9m,0000796343-22-000196,0000796343-23-000007
DDOG,2022-12-31,2023-02-25,469399000,0.4390002391185721,-0.073770928357325,0001561550-23-000006,0001561550-22-000009,RevenueFromContractWithCustomerExcludingAssessedTax,annual_minus_9m,0001561550-22-000045,0001561550-23-000006
HUBS,2022-12-31,2023-02-17,469656000,0.27171555526672786,-0.02871037525337694,0000950170-23-003077,0000950170-22-001221,RevenueFromContractWithCustomerExcludingAssessedTax,annual_minus_9m,0000950170-22-021289,0000950170-23-003077
NET,2022-12-31,2023-02-25,274700000,0.4189342755015599,-0.1845322169639607,0001477333-23-000017,0001477333-22-000008,RevenueFromContractWithCustomerExcludingAssessedTax,annual_minus_9m,0001477333-22-000060,0001477333-23-000017
NOW,2022-12-31,2023-02-01,1940000000,0.2019826517967782,0.07989690721649484,0001373715-23-000035,0001373715-22-000024,RevenueFromContractWithCustomerExcludingAssessedTax,annual_minus_9m,0001373715-22-000330,0001373715-23-000035
CRM,2023-01-31,2023-03-09,8384000000,0.14441714441714448,0.04258110687022901,0001108524-23-000011,0001108524-22-000013,RevenueFromContractWithCustomerExcludingAssessedTax,annual_minus_9m,0001108524-22-000060,0001108524-23-000011
CRWD,2023-01-31,2023-03-10,637367000,0.4787754344446764,-0.09649071884801064,0001535527-23-000008,0001535527-22-000006,RevenueFromContractWithCustomerIncludingAssessedTax,annual_minus_9m,0001535527-22-000025,0001535527-23-000008
MDB,2023-01-31,2023-03-18,361312000,0.35579787912673466,-0.20190029669648393,0001441816-23-000027,0001441816-22-000059,RevenueFromContractWithCustomerExcludingAssessedTax,annual_minus_9m,0001441816-22-000193,0001441816-23-000027
SNOW,2023-01-31,2023-03-30,589012000,0.5347887037683636,-0.40703754762211974,0001640147-23-000030,0001640147-22-000023,RevenueFromContractWithCustomerExcludingAssessedTax,annual_minus_9m,0001640147-22-000100,0001640147-23-000030
VEEV,2023-01-31,2023-03-31,563389000,0.1604328742180725,0.1933353331357197,0001393052-23-000025,0001393052-22-000017,RevenueFromContractWithCustomerExcludingAssessedTax,annual_minus_9m,0001393052-22-000048,0001393052-23-000025
WDAY,2023-01-31,2023-02-28,1646260000,0.19628729904857134,-0.05403642195036021,0001327811-23-000024,0001327811-22-000030,RevenueFromContractWithCustomerExcludingAssessedTax,annual_minus_9m,0001327811-22-000184,0001327811-23-000024
ZS,2023-01-31,2023-03-09,387598000,0.51664364559815,-0.16831356198948394,0001713683-23-000030,0001713683-22-000029,RevenueFromContractWithCustomerExcludingAssessedTax,direct_quarter,,0001713683-23-000030
ADBE,2023-03-03,2023-03-30,4655000000,0.09221022993899575,0.3407089151450054,0000796343-23-000055,0000796343-22-000099,Revenues,direct_quarter,,0000796343-23-000055
DDOG,2023-03-31,2023-05-06,481714000,0.32692614935404785,-0.07259494222713062,0001561550-23-000023,0001561550-22-000026,RevenueFromContractWithCustomerExcludingAssessedTax,direct_quarter,,0001561550-23-000023
HUBS,2023-03-31,2023-05-04,501620000,0.26800118301613507,-0.08924484669670268,0000950170-23-017259,0000950170-22-007919,RevenueFromContractWithCustomerExcludingAssessedTax,direct_quarter,,0000950170-23-017259
NET,2023-03-31,2023-04-28,290175000,0.36767263523545135,-0.16290858964418023,0001477333-23-000043,0001477333-22-000031,RevenueFromContractWithCustomerExcludingAssessedTax,direct_quarter,,0001477333-23-000043
NOW,2023-03-31,2023-04-28,2096000000,0.21718931475029035,0.06870229007633588,0001373715-23-000166,0001373715-22-000134,RevenueFromContractWithCustomerExcludingAssessedTax,direct_quarter,,0001373715-23-000166
CRM,2023-04-30,2023-06-02,8247000000,0.11280528943462431,0.049957560324966656,0001108524-23-000023,0001108524-22-000022,RevenueFromContractWithCustomerExcludingAssessedTax,direct_quarter,,0001108524-23-000023
CRWD,2023-04-30,2023-06-02,692580000,0.4197042436566536,-0.0280920615668948,0001535527-23-000014,0001535527-22-000012,RevenueFromContractWithCustomerIncludingAssessedTax,direct_quarter,,0001535527-23-000014
MDB,2023-04-30,2023-06-03,368280000,0.2901869699103512,-0.18612740306288694,0001441816-23-000087,0001441816-22-000109,RevenueFromContractWithCustomerExcludingAssessedTax,direct_quarter,,0001441816-23-000087
SNOW,2023-04-30,2023-06-03,623599000,0.47642475454043964,-0.4381629861497533,0001640147-23-000102,0001640147-22-000044,RevenueFromContractWithCustomerExcludingAssessedTax,direct_quarter,,0001640147-23-000102
VEEV,2023-04-30,2023-06-03,526325000,0.04201725592058625,0.11690495416330214,0001393052-23-000034,0001393052-22-000025,RevenueFromContractWithCustomerExcludingAssessedTax,direct_quarter,,0001393052-23-000034
WDAY,2023-04-30,2023-05-26,1684312000,0.17401720411220234,-0.011755541728610852,0001327811-23-000078,0001327811-22-000091,RevenueFromContractWithCustomerExcludingAssessedTax,direct_quarter,,0001327811-23-000078
ZS,2023-04-30,2023-06-08,418800000,0.4602154061790682,-0.13310888252148997,0001713683-23-000059,0001713683-22-000056,RevenueFromContractWithCustomerExcludingAssessedTax,direct_quarter,,0001713683-23-000059
ADBE,2023-06-02,2023-06-29,4816000000,0.0980392156862746,0.3372093023255814,0000796343-23-000153,0000796343-22-000157,Revenues,direct_quarter,,0000796343-23-000153
DDOG,2023-06-30,2023-08-10,509460000,0.2544012133806737,-0.04319475523102893,0001561550-23-000039,0001561550-22-000038,RevenueFromContractWithCustomerExcludingAssessedTax,direct_quarter,,0001561550-23-000039
HUBS,2023-06-30,2023-08-03,529138000,0.2546099038541334,-0.22394725005575106,0000950170-23-037236,0000950170-22-014846,RevenueFromContractWithCustomerExcludingAssessedTax,direct_quarter,,0000950170-23-037236
NET,2023-06-30,2023-08-04,308494000,0.3154440829449465,-0.18208457863037855,0001477333-23-000056,0001477333-22-000048,RevenueFromContractWithCustomerExcludingAssessedTax,direct_quarter,,0001477333-23-000056
NOW,2023-06-30,2023-07-28,2150000000,0.22716894977168955,0.05441860465116279,0001373715-23-000325,0001373715-22-000241,RevenueFromContractWithCustomerExcludingAssessedTax,direct_quarter,,0001373715-23-000325
CRM,2023-07-31,2023-09-01,8603000000,0.11437823834196892,0.17156805765430663,0001108524-23-000040,0001108524-22-000041,RevenueFromContractWithCustomerExcludingAssessedTax,direct_quarter,,0001108524-23-000040
CRWD,2023-07-31,2023-09-01,731626000,0.36713425880075423,-0.021012101811581328,0001535527-23-000020,0001535527-22-000018,RevenueFromContractWithCustomerIncludingAssessedTax,direct_quarter,,0001535527-23-000020
MDB,2023-07-31,2023-09-02,423791000,0.3956102219587696,-0.11563011012503804,0001441816-23-000168,0001441816-22-000164,RevenueFromContractWithCustomerExcludingAssessedTax,direct_quarter,,0001441816-23-000168
SNOW,2023-07-31,2023-09-01,674018000,0.35549665358131155,-0.4234412137361317,0001640147-23-000199,0001640147-22-000084,RevenueFromContractWithCustomerExcludingAssessedTax,direct_quarter,,0001640147-23-000199
VEEV,2023-07-31,2023-09-02,590225000,0.1048392229389501,0.17628700919141005,0001393052-23-000051,0001393052-22-000036,RevenueFromContractWithCustomerExcludingAssessedTax,direct_quarter,,0001393052-23-000051
WDAY,2023-07-31,2023-08-25,1786766000,0.16341211539538403,0.020291968842030796,0001327811-23-000150,0001327811-22-000154,RevenueFromContractWithCustomerExcludingAssessedTax,direct_quarter,,0001327811-23-000150
ZS,2023-07-31,2023-09-15,455006000,0.4305710575710795,-0.09791519232713415,0001713683-23-000113,0001713683-22-000081,RevenueFromContractWithCustomerExcludingAssessedTax,annual_minus_9m,0001713683-23-000059,0001713683-23-000113
ADBE,2023-09-01,2023-09-28,4890000000,0.1030904579291676,0.34703476482617585,0000796343-23-000205,0000796343-22-000196,Revenues,direct_quarter,,0000796343-23-000205
DDOG,2023-09-30,2023-11-08,547536000,0.2542831813402424,-0.007725519417901288,0001561550-23-000055,0001561550-22-000045,RevenueFromContractWithCustomerExcludingAssessedTax,direct_quarter,,0001561550-23-000055
HUBS,2023-09-30,2023-11-09,557557000,0.2558778082611419,-0.036663516017196446,0000950170-23-061183,0000950170-22-021289,RevenueFromContractWithCustomerExcludingAssessedTax,direct_quarter,,0000950170-23-061183
NET,2023-09-30,2023-11-03,335603000,0.322015938106887,-0.11684043348837764,0001477333-23-000064,0001477333-22-000060,RevenueFromContractWithCustomerExcludingAssessedTax,direct_quarter,,0001477333-23-000064
NOW,2023-09-30,2023-10-27,2288000000,0.24959038776624798,0.10096153846153846,0001373715-23-000419,0001373715-22-000330,RevenueFromContractWithCustomerExcludingAssessedTax,direct_quarter,,0001373715-23-000419
CRM,2023-10-31,2023-12-01,8720000000,0.11267066479520227,0.17213302752293577,0001108524-23-000048,0001108524-22-000060,RevenueFromContractWithCustomerExcludingAssessedTax,direct_quarter,,0001108524-23-000048
CRWD,2023-10-31,2023-11-30,786014000,0.35313884747676805,0.004024101351884317,0001535527-23-000026,0001535527-22-000025,RevenueFromContractWithCustomerIncludingAssessedTax,direct_quarter,,0001535527-23-000026
MDB,2023-10-31,2023-12-08,432938000,0.29769409000032976,-0.10443989670576387,0001441816-23-000248,0001441816-22-000193,RevenueFromContractWithCustomerExcludingAssessedTax,direct_quarter,,0001441816-23-000248
SNOW,2023-10-31,2023-12-02,734173000,0.31801812476213054,-0.3549885381238482,0001640147-23-000260,0001640147-22-000100,RevenueFromContractWithCustomerExcludingAssessedTax,direct_quarter,,0001640147-23-000260
VEEV,2023-10-31,2023-12-08,616505000,0.11614716004859238,0.20841517911452462,0001393052-23-000066,0001393052-22-000048,RevenueFromContractWithCustomerExcludingAssessedTax,direct_quarter,,0001393052-23-000066
WDAY,2023-10-31,2023-11-29,1865675000,0.1667009567238633,0.04709019523764857,0001327811-23-000202,0001327811-22-000184,RevenueFromContractWithCustomerExcludingAssessedTax,direct_quarter,,0001327811-23-000202
ZS,2023-10-31,2023-12-07,496703000,0.39700687389607037,-0.09272543149527987,0001713683-23-000171,0001713683-22-000123,RevenueFromContractWithCustomerExcludingAssessedTax,direct_quarter,,0001713683-23-000171
ADBE,2023-12-01,2024-01-18,5048000000,0.1155801104972376,0.3452852614896989,0000796343-24-000006,0000796343-23-000007,Revenues,annual_minus_9m,0000796343-23-000205,0000796343-24-000006
DDOG,2023-12-31,2024-02-24,589649000,0.2561786454594066,0.04704832875151149,0001561550-24-000009,0001561550-23-000006,RevenueFromContractWithCustomerExcludingAssessedTax,annual_minus_9m,0001561550-23-000055,0001561550-24-000009
HUBS,2023-12-31,2024-02-15,581915000,0.23902388130887298,-0.04184116236907452,0000950170-24-015277,0000950170-23-003077,RevenueFromContractWithCustomerExcludingAssessedTax,annual_minus_9m,0000950170-23-061183,0000950170-24-015277
NET,2023-12-31,2024-02-22,362473000,0.3195231161266836,-0.11815776623362292,0001477333-24-000013,0001477333-23-000017,RevenueFromContractWithCustomerExcludingAssessedTax,annual_minus_9m,0001477333-23-000064,0001477333-24-000013
NOW,2023-12-31,2024-01-26,2437000000,0.25618556701030926,0.1107919573245794,0001373715-24-000030,0001373715-23-000035,RevenueFromContractWithCustomerExcludingAssessedTax,annual_minus_9m,0001373715-23-000419,0001373715-24-000030
CRM,2024-01-31,2024-03-07,9287000000,0.10770515267175562,0.17465274038979217,0001108524-24-000005,0001108524-23-000011,RevenueFromContractWithCustomerExcludingAssessedTax,annual_minus_9m,0001108524-23-000048,0001108524-24-000005
CRWD,2024-01-31,2024-03-08,845335000,0.3262923872745216,0.03509969420407294,0001535527-24-000007,0001535527-23-000008,RevenueFromContractWithCustomerIncludingAssessedTax,annual_minus_9m,0001535527-23-000026,0001535527-24-000007
MDB,2024-01-31,2024-03-16,458002000,0.2676080506598175,-0.15494692162916318,0001441816-24-000049,0001441816-23-000027,RevenueFromContractWithCustomerExcludingAssessedTax,annual_minus_9m,0001441816-23-000248,0001441816-24-000049
SNOW,2024-01-31,2024-03-27,774699000,0.31525164173225684,-0.35562844407957156,0001640147-24-000101,0001640147-23-000030,RevenueFromContractWithCustomerExcludingAssessedTax,annual_minus_9m,0001640147-23-000260,0001640147-24-000101
VEEV,2024-01-31,2024-03-26,630618000,0.11932962837400085,0.2144943531583304,0001393052-24-000013,0001393052-23-000025,RevenueFromContractWithCustomerExcludingAssessedTax,annual_minus_9m,0001393052-23-000066,0001393052-24-000013
WDAY,2024-01-31,2024-03-09,1922247000,0.1676448434633655,0.040935426092484475,0001327811-24-000044,0001327811-23-000024,RevenueFromContractWithCustomerExcludingAssessedTax,annual_minus_9m,0001327811-23-000202,0001327811-24-000044
ZS,2024-01-31,2024-03-07,524999000,0.3544935732382519,-0.08658492682843205,0001713683-24-000041,0001713683-23-000030,RevenueFromContractWithCustomerExcludingAssessedTax,direct_quarter,,0001713683-24-000041
ADBE,2024-03-01,2024-03-28,5182000000,0.11321160042964551,0.17502894635275956,0000796343-24-000065,0000796343-23-000055,Revenues,direct_quarter,,0000796343-24-000065
DDOG,2024-03-31,2024-05-09,611253000,0.26891267432542953,0.019625261552908533,0001561550-24-000051,0001561550-23-000023,RevenueFromContractWithCustomerExcludingAssessedTax,direct_quarter,,0001561550-24-000051
HUBS,2024-03-31,2024-05-11,617414000,0.2308400781468043,-0.037629532210153964,0000950170-24-057772,0000950170-23-017259,RevenueFromContractWithCustomerExcludingAssessedTax,direct_quarter,,0000950170-24-057772
NET,2024-03-31,2024-05-03,378602000,0.3047367967605754,-0.14408270426463674,0001477333-24-000050,0001477333-23-000043,RevenueFromContractWithCustomerExcludingAssessedTax,direct_quarter,,0001477333-24-000050
NOW,2024-03-31,2024-05-07,2603000000,0.24188931297709915,0.12754514022281982,0001373715-24-000169,0001373715-23-000166,RevenueFromContractWithCustomerExcludingAssessedTax,direct_quarter,,0001373715-24-000169
CRM,2024-04-30,2024-05-31,9133000000,0.10743300594155447,0.1871236176502792,0001108524-24-000009,0001108524-23-000023,RevenueFromContractWithCustomerExcludingAssessedTax,direct_quarter,,0001108524-24-000009
CRWD,2024-04-30,2024-06-06,921036000,0.32986225418002246,0.007530650267741978,0001535527-24-000013,0001535527-23-000014,RevenueFromContractWithCustomerIncludingAssessedTax,direct_quarter,,0001535527-24-000013
MDB,2024-04-30,2024-06-01,450561000,0.2234196806777451,-0.21791943821147414,0001441816-24-000111,0001441816-23-000087,RevenueFromContractWithCustomerExcludingAssessedTax,direct_quarter,,0001441816-24-000111
SNOW,2024-04-30,2024-06-01,828709000,0.3289132920354265,-0.4206205073192158,0001640147-24-000135,0001640147-23-000102,RevenueFromContractWithCustomerExcludingAssessedTax,direct_quarter,,0001640147-24-000135
VEEV,2024-04-30,2024-06-05,650345000,0.23563387640716282,0.23859951256640707,0001393052-24-000024,0001393052-23-000034,RevenueFromContractWithCustomerExcludingAssessedTax,direct_quarter,,0001393052-24-000024
WDAY,2024-04-30,2024-05-30,1990000000,0.18149131514826222,0.032160804020100506,0001327811-24-000093,0001327811-23-000078,RevenueFromContractWithCustomerExcludingAssessedTax,direct_quarter,,0001327811-24-000093
ZS,2024-04-30,2024-06-08,553201000,0.32091929321872015,-0.0054464832854604385,0001713683-24-000075,0001713683-23-000059,RevenueFromContractWithCustomerExcludingAssessedTax,direct_quarter,,0001713683-24-000075
ADBE,2024-05-31,2024-06-27,5309000000,0.10236710963455153,0.35505744961386326,0000796343-24-000150,0000796343-23-000153,Revenues,direct_quarter,,0000796343-24-000150
DDOG,2024-06-30,2024-08-10,645279000,0.26659404074902837,0.019554332312069662,0001561550-24-000112,0001561550-23-000039,RevenueFromContractWithCustomerExcludingAssessedTax,direct_quarter,,0001561550-24-000112
HUBS,2024-06-30,2024-08-08,637230000,0.20427941293197627,-0.03756100623008961,0000950170-24-092843,0000950170-23-037236,RevenueFromContractWithCustomerExcludingAssessedTax,direct_quarter,,0000950170-24-092843
NET,2024-06-30,2024-08-02,400996000,0.2998502401991612,-0.0865295414418099,0001477333-24-000070,0001477333-23-000056,RevenueFromContractWithCustomerExcludingAssessedTax,direct_quarter,,0001477333-24-000070
NOW,2024-06-30,2024-07-26,2627000000,0.221860465116279,0.09135896459840122,0001373715-24-000272,0001373715-23-000325,RevenueFromContractWithCustomerExcludingAssessedTax,direct_quarter,,0001373715-24-000272
CRM,2024-07-31,2024-08-30,9325000000,0.08392421248401716,0.1912064343163539,0001108524-24-000022,0001108524-23-000040,RevenueFromContractWithCustomerExcludingAssessedTax,direct_quarter,,0001108524-24-000022
CRWD,2024-07-31,2024-08-30,963872000,0.3174381446258061,0.014169931277182033,0001535527-24-000020,0001535527-23-000020,RevenueFromContractWithCustomerIncludingAssessedTax,direct_quarter,,0001535527-24-000020
MDB,2024-07-31,2024-08-31,478109000,0.1281716695257804,-0.14942199372946335,0001441816-24-000188,0001441816-23-000168,RevenueFromContractWithCustomerExcludingAssessedTax,direct_quarter,,0001441816-24-000188
SNOW,2024-07-31,2024-08-30,868823000,0.2890204712633788,-0.4089475071447234,0001640147-24-000207,0001640147-23-000199,RevenueFromContractWithCustomerExcludingAssessedTax,direct_quarter,,0001640147-24-000207
VEEV,2024-07-31,2024-09-05,676181000,0.14563259773815074,0.24621661951459742,0001393052-24-000062,0001393052-23-000051,RevenueFromContractWithCustomerExcludingAssessedTax,direct_quarter,,0001393052-24-000062
WDAY,2024-07-31,2024-08-29,2085000000,0.16691273507554993,0.053237410071942444,0001327811-24-000165,0001327811-23-000150,RevenueFromContractWithCustomerExcludingAssessedTax,direct_quarter,,0001327811-24-000165
ZS,2024-07-31,2024-09-13,592868000,0.3029894111286444,-0.04545699885977992,0001713683-24-000109,0001713683-23-000113,RevenueFromContractWithCustomerExcludingAssessedTax,annual_minus_9m,0001713683-24-000075,0001713683-24-000109
ADBE,2024-08-30,2024-09-26,5408000000,0.10593047034764824,0.3683431952662722,0000796343-24-000208,0000796343-23-000205,Revenues,direct_quarter,,0000796343-24-000208
DDOG,2024-09-30,2024-11-09,690016000,0.2602203325443442,0.02938772434262394,0001561550-24-000175,0001561550-23-000055,RevenueFromContractWithCustomerExcludingAssessedTax,direct_quarter,,0001561550-24-000175
HUBS,2024-09-30,2024-11-07,669721000,0.20117046328895527,-0.01438061521140893,0000950170-24-122373,0000950170-23-061183,RevenueFromContractWithCustomerExcludingAssessedTax,direct_quarter,,0000950170-24-122373
NET,2024-09-30,2024-11-08,430082000,0.28152012943865223,-0.07160029947777401,0001477333-24-000085,0001477333-23-000064,RevenueFromContractWithCustomerExcludingAssessedTax,direct_quarter,,0001477333-24-000085
NOW,2024-09-30,2024-10-25,2797000000,0.222465034965035,0.14944583482302468,0001373715-24-000344,0001373715-23-000419,RevenueFromContractWithCustomerExcludingAssessedTax,direct_quarter,,0001373715-24-000344
CRM,2024-10-31,2024-12-05,9444000000,0.08302752293577975,0.20044472681067343,0001108524-24-000034,0001108524-23-000048,RevenueFromContractWithCustomerExcludingAssessedTax,direct_quarter,,0001108524-24-000034
CRWD,2024-10-31,2024-11-28,1010178000,0.28519084901795644,-0.05516156558547108,0001535527-24-000026,0001535527-23-000026,RevenueFromContractWithCustomerIncludingAssessedTax,direct_quarter,,0001535527-24-000026
MDB,2024-10-31,2024-12-11,529375000,0.22275013974287305,-0.05265832349468713,0001441816-24-000260,0001441816-23-000248,RevenueFromContractWithCustomerExcludingAssessedTax,direct_quarter,,0001441816-24-000260
SNOW,2024-10-31,2024-11-28,942094000,0.2832043673630058,-0.3879198890981155,0001640147-24-000250,0001640147-23-000260,RevenueFromContractWithCustomerExcludingAssessedTax,direct_quarter,,0001640147-24-000250
VEEV,2024-10-31,2024-12-10,699207000,0.1341465194929481,0.25936954292505654,0001393052-24-000075,0001393052-23-000066,RevenueFromContractWithCustomerExcludingAssessedTax,direct_quarter,,0001393052-24-000075
WDAY,2024-10-31,2024-12-06,2160000000,0.15775791603575118,0.0763888888888889,0001327811-24-000242,0001327811-23-000202,RevenueFromContractWithCustomerExcludingAssessedTax,direct_quarter,,0001327811-24-000242
ZS,2024-10-31,2024-12-06,627955000,0.2642464410321661,-0.04883630196431273,0001713683-24-000150,0001713683-23-000171,RevenueFromContractWithCustomerExcludingAssessedTax,direct_quarter,,0001713683-24-000150
ADBE,2024-11-29,2025-01-14,5606000000,0.1105388272583201,0.34909026043524793,0000796343-25-000004,0000796343-24-000006,Revenues,annual_minus_9m,0000796343-24-000208,0000796343-25-000004
DDOG,2024-12-31,2025-02-21,737727000,0.25112906152643344,0.012730996696609993,0001561550-25-000025,0001561550-24-000009,RevenueFromContractWithCustomerExcludingAssessedTax,annual_minus_9m,0001561550-24-000175,0001561550-25-000025
HUBS,2024-12-31,2025-02-13,703178000,0.2083861044997981,-0.015360264399625699,0000950170-25-018873,0000950170-24-015277,RevenueFromContractWithCustomerExcludingAssessedTax,annual_minus_9m,0000950170-24-122373,0000950170-25-018873
NET,2024-12-31,2025-02-21,459946000,0.26891106372060825,-0.07548494823305345,0001477333-25-000043,0001477333-24-000013,RevenueFromContractWithCustomerExcludingAssessedTax,annual_minus_9m,0001477333-24-000085,0001477333-25-000043
NOW,2024-12-31,2025-01-31,2957000000,0.2133771029954863,0.12647954007439974,0001373715-25-000010,0001373715-24-000030,RevenueFromContractWithCustomerExcludingAssessedTax,annual_minus_9m,0001373715-24-000344,0001373715-25-000010
CRM,2025-01-31,2025-03-06,9993000000,0.07602024335092072,0.18212748924246974,0001108524-25-000006,0001108524-24-000005,RevenueFromContractWithCustomerExcludingAssessedTax,annual_minus_9m,0001108524-24-000034,0001108524-25-000006
CRWD,2025-01-31,2025-03-11,1058538000,0.25221125352670826,-0.08058378631659893,0001535527-25-000009,0001535527-24-000007,RevenueFromContractWithCustomerIncludingAssessedTax,annual_minus_9m,0001535527-24-000026,0001535527-25-000009
MDB,2025-01-31,2025-03-22,548398000,0.19737031716018705,-0.033847679969657075,0001441816-25-000057,0001441816-24-000049,RevenueFromContractWithCustomerExcludingAssessedTax,annual_minus_9m,0001441816-24-000260,0001441816-25-000057
SNOW,2025-01-31,2025-03-22,986770000,0.2737463195382981,-0.39186233874155074,0001640147-25-000052,0001640147-24-000101,RevenueFromContractWithCustomerExcludingAssessedTax,annual_minus_9m,0001640147-24-000250,0001640147-25-000052
VEEV,2025-01-31,2025-03-25,720886000,0.14314212407511362,0.26137697222584433,0001393052-25-000022,0001393052-24-000013,RevenueFromContractWithCustomerExcludingAssessedTax,annual_minus_9m,0001393052-24-000075,0001393052-25-000022
WDAY,2025-01-31,2025-03-12,2211000000,0.15021638738413956,0.033921302578018994,0001327811-25-000056,0001327811-24-000044,RevenueFromContractWithCustomerExcludingAssessedTax,annual_minus_9m,0001327811-24-000242,0001327811-25-000056
ZS,2025-01-31,2025-03-11,647900000,0.23409758875731201,-0.06195400524772341,0001713683-25-000033,0001713683-24-000041,RevenueFromContractWithCustomerExcludingAssessedTax,direct_quarter,,0001713683-25-000033
ADBE,2025-02-28,2025-03-27,5714000000,0.10266306445387885,0.3785439271963598,0000796343-25-000059,0000796343-24-000065,Revenues,direct_quarter,,0000796343-25-000059
DDOG,2025-03-31,2025-05-08,761553000,0.24588836373809198,-0.01630877955966295,0001561550-25-000123,0001561550-24-000051,RevenueFromContractWithCustomerExcludingAssessedTax,direct_quarter,,0001561550-25-000123
HUBS,2025-03-31,2025-05-09,714137000,0.1566582552387863,-0.038480011538402296,0000950170-25-067055,0000950170-24-057772,RevenueFromContractWithCustomerExcludingAssessedTax,direct_quarter,,0000950170-25-067055
NET,2025-03-31,2025-05-09,479087000,0.2654106423103946,-0.1111426525871084,0001477333-25-000082,0001477333-24-000050,RevenueFromContractWithCustomerExcludingAssessedTax,direct_quarter,,0001477333-25-000082
NOW,2025-03-31,2025-04-24,3088000000,0.18632347291586626,0.14604922279792745,0001373715-25-000126,0001373715-24-000169,RevenueFromContractWithCustomerExcludingAssessedTax,direct_quarter,,0001373715-25-000126
CRM,2025-04-30,2025-05-30,9829000000,0.07620716084528634,0.19757859395665886,0001108524-25-000030,0001108524-24-000009,RevenueFromContractWithCustomerExcludingAssessedTax,direct_quarter,,0001108524-25-000030
CRWD,2025-04-30,2025-06-05,1103434000,0.19803569024446377,-0.1129709615618152,0001535527-25-000019,0001535527-24-000013,RevenueFromContractWithCustomerIncludingAssessedTax,direct_quarter,,0001535527-25-000019
MDB,2025-04-30,2025-06-05,549014000,0.2185120327769159,-0.09754578207477405,0001441816-25-000118,0001441816-24-000111,RevenueFromContractWithCustomerExcludingAssessedTax,direct_quarter,,0001441816-25-000118
SNOW,2025-04-30,2025-05-31,1042074000,0.2574667344025465,-0.42919888606759216,0001640147-25-000110,0001640147-24-000135,RevenueFromContractWithCustomerExcludingAssessedTax,direct_quarter,,0001640147-25-000110
VEEV,2025-04-30,2025-06-03,759043000,0.16713898007980377,0.30792985377640003,0001393052-25-000042,0001393052-24-000024,RevenueFromContractWithCustomerExcludingAssessedTax,direct_quarter,,0001393052-25-000042
WDAY,2025-04-30,2025-05-24,2240000000,0.12562814070351758,0.017410714285714286,0001327811-25-000107,0001327811-24-000093,RevenueFromContractWithCustomerExcludingAssessedTax,direct_quarter,,0001327811-25-000107
ZS,2025-04-30,2025-05-30,678034000,0.2256557743026495,-0.03747747163121613,0001713683-25-000079,0001713683-24-000075,RevenueFromContractWithCustomerExcludingAssessedTax,direct_quarter,,0001713683-25-000079
ADBE,2025-05-30,2025-06-26,5873000000,0.10623469579958567,0.35910097054316364,0000796343-25-000073,0000796343-24-000150,Revenues,direct_quarter,,0000796343-25-000073
DDOG,2025-06-30,2025-08-09,826760000,0.2812442369889614,-0.04293870046930185,0001561550-25-000220,0001561550-24-000112,RevenueFromContractWithCustomerExcludingAssessedTax,direct_quarter,,0001561550-25-000220
HUBS,2025-06-30,2025-08-07,760866000,0.19402099712819543,-0.03234998015419272,0000950170-25-104104,0000950170-24-092843,RevenueFromContractWithCustomerExcludingAssessedTax,direct_quarter,,0000950170-25-104104
NET,2025-06-30,2025-08-01,512316000,0.2776087542020369,-0.13129396700473928,0001477333-25-000137,0001477333-24-000070,RevenueFromContractWithCustomerExcludingAssessedTax,direct_quarter,,0001477333-25-000137
NOW,2025-06-30,2025-07-25,3215000000,0.22382946326608288,0.11135303265940902,0001373715-25-000276,0001373715-24-000272,RevenueFromContractWithCustomerExcludingAssessedTax,direct_quarter,,0001373715-25-000276
CRM,2025-07-31,2025-09-05,10236000000,0.09769436997319025,0.2278233685033216,0001108524-25-000088,0001108524-24-000022,RevenueFromContractWithCustomerExcludingAssessedTax,direct_quarter,,0001108524-25-000088
CRWD,2025-07-31,2025-08-29,1168952000,0.21276684041034488,-0.09664981966753126,0001535527-25-000025,0001535527-24-000020,RevenueFromContractWithCustomerIncludingAssessedTax,direct_quarter,,0001535527-25-000025
MDB,2025-07-31,2025-08-28,591402000,0.23696060940078523,-0.11040544333634313,0001441816-25-000181,0001441816-24-000188,RevenueFromContractWithCustomerExcludingAssessedTax,direct_quarter,,0001441816-25-000181
SNOW,2025-07-31,2025-09-06,1144969000,0.317839191642026,-0.29719232573108967,0001640147-25-000187,0001640147-24-000207,RevenueFromContractWithCustomerExcludingAssessedTax,direct_quarter,,0001640147-25-000187
VEEV,2025-07-31,2025-08-30,789081000,0.16696712862384477,0.2482736246342264,0001393052-25-000067,0001393052-24-000062,RevenueFromContractWithCustomerExcludingAssessedTax,direct_quarter,,0001393052-25-000067
WDAY,2025-07-31,2025-08-23,2348000000,0.1261390887290168,0.10562180579216354,0001327811-25-000184,0001327811-24-000165,RevenueFromContractWithCustomerExcludingAssessedTax,direct_quarter,,0001327811-25-000184
ZS,2025-07-31,2025-09-12,719226000,0.21313007279866691,-0.044828746457997906,0001713683-25-000158,0001713683-24-000109,RevenueFromContractWithCustomerExcludingAssessedTax,annual_minus_9m,0001713683-25-000079,0001713683-25-000158
ADBE,2025-08-29,2025-09-25,5988000000,0.10724852071005908,0.36289245156980626,0000796343-25-000107,0000796343-24-000208,Revenues,direct_quarter,,0000796343-25-000107
DDOG,2025-09-30,2025-11-08,885651000,0.2835224110745258,-0.006559017039443302,0001561550-25-000313,0001561550-24-000175,RevenueFromContractWithCustomerExcludingAssessedTax,direct_quarter,,0001561550-25-000313
HUBS,2025-09-30,2025-11-06,809518000,0.20873916153144378,0.013877393708354849,0001193125-25-267056,0000950170-24-122373,RevenueFromContractWithCustomerExcludingAssessedTax,direct_quarter,,0001193125-25-267056
NET,2025-09-30,2025-10-31,562027000,0.306790333006264,-0.0666516021472278,0001477333-25-000141,0001477333-24-000085,RevenueFromContractWithCustomerExcludingAssessedTax,direct_quarter,,0001477333-25-000141
NOW,2025-09-30,2025-10-31,3407000000,0.2180908115838398,0.16788963897857354,0001373715-25-000309,0001373715-24-000344,RevenueFromContractWithCustomerExcludingAssessedTax,direct_quarter,,0001373715-25-000309
CRM,2025-10-31,2025-12-05,10259000000,0.08629817873782297,0.21327614777268739,0001108524-25-000238,0001108524-24-000034,RevenueFromContractWithCustomerExcludingAssessedTax,direct_quarter,,0001108524-25-000238
CRWD,2025-10-31,2025-12-04,1234244000,0.22180843376117876,-0.05626359131581762,0001535527-25-000033,0001535527-24-000026,RevenueFromContractWithCustomerIncludingAssessedTax,direct_quarter,,0001535527-25-000033
MDB,2025-10-31,2025-12-03,628309000,0.18688831168831177,-0.029323151506663123,0001628280-25-054768,0001441816-24-000260,RevenueFromContractWithCustomerExcludingAssessedTax,direct_quarter,,0001628280-25-054768
SNOW,2025-10-31,2025-12-06,1212909000,0.28746069925081796,-0.27163868023075105,0001640147-25-000211,0001640147-24-000250,RevenueFromContractWithCustomerExcludingAssessedTax,direct_quarter,,0001640147-25-000211
VEEV,2025-10-31,2025-11-22,811236000,0.16022293827149903,0.2968963408921695,0001393052-25-000078,0001393052-24-000075,RevenueFromContractWithCustomerExcludingAssessedTax,direct_quarter,,0001393052-25-000078
WDAY,2025-10-31,2025-11-27,2432000000,0.125925925925926,0.10649671052631579,0001327811-25-000198,0001327811-24-000242,RevenueFromContractWithCustomerExcludingAssessedTax,direct_quarter,,0001327811-25-000198
ZS,2025-10-31,2025-11-26,788112000,0.2550453456059749,-0.046138112349513774,0001713683-25-000205,0001713683-24-000150,RevenueFromContractWithCustomerExcludingAssessedTax,direct_quarter,,0001713683-25-000205
ADBE,2025-11-28,2026-01-16,6194000000,0.10488762040670707,0.36503067484662577,0000796343-26-000003,0000796343-25-000004,Revenues,annual_minus_9m,0000796343-25-000107,0000796343-26-000003
DDOG,2025-12-31,2026-02-19,953194000,0.2920687462977498,0.009815420575454734,0001628280-26-008819,0001561550-25-000025,RevenueFromContractWithCustomerExcludingAssessedTax,annual_minus_9m,0001561550-25-000313,0001628280-26-008819
HUBS,2025-12-31,2026-02-12,846746000,0.20417021010327407,0.05697340170487962,0001193125-26-046646,0000950170-25-018873,RevenueFromContractWithCustomerExcludingAssessedTax,annual_minus_9m,0001193125-25-267056,0001193125-26-046646
NET,2025-12-31,2026-02-27,614507000,0.33604162227739787,-0.08011951043682171,0001477333-26-000016,0001477333-25-000043,RevenueFromContractWithCustomerExcludingAssessedTax,annual_minus_9m,0001477333-25-000141,0001477333-26-000016
NOW,2025-12-31,2026-01-30,3568000000,0.20662833953331083,0.1241591928251121,0001373715-26-000007,0001373715-25-000010,RevenueFromContractWithCustomerExcludingAssessedTax,annual_minus_9m,0001373715-25-000309,0001373715-26-000007
CRM,2026-01-31,2026-03-03,11201000000,0.12088461923346339,0.16686010177662708,0001108524-26-000060,0001108524-25-000006,RevenueFromContractWithCustomerExcludingAssessedTax,annual_minus_9m,0001108524-25-000238,0001108524-26-000060
CRWD,2026-01-31,2026-03-06,1305375000,0.23318671601775276,0.010560949918605764,0001535527-26-000010,0001535527-25-000009,RevenueFromContractWithCustomerIncludingAssessedTax,annual_minus_9m,0001535527-25-000033,0001535527-26-000010
MDB,2026-01-31,2026-03-12,695072000,0.2674590352262407,0.00043736476221168454,0001628280-26-016799,0001441816-25-000057,RevenueFromContractWithCustomerExcludingAssessedTax,annual_minus_9m,0001628280-25-054768,0001628280-26-016799
SNOW,2026-01-31,2026-03-21,1283994000,0.30120899500390164,-0.24778854106794893,0001640147-26-000008,0001640147-25-000052,RevenueFromContractWithCustomerExcludingAssessedTax,annual_minus_9m,0001640147-25-000211,0001640147-26-000008
VEEV,2026-01-31,2026-03-21,835951000,0.1596160835416418,0.29412728736492927,0001393052-26-000014,0001393052-25-000022,RevenueFromContractWithCustomerExcludingAssessedTax,annual_minus_9m,0001393052-25-000078,0001393052-26-000014
WDAY,2026-01-31,2026-03-07,2532000000,0.1451831750339212,0.06872037914691943,0001327811-26-000014,0001327811-25-000056,RevenueFromContractWithCustomerExcludingAssessedTax,annual_minus_9m,0001327811-25-000198,0001327811-26-000014
ZS,2026-01-31,2026-02-27,815751000,0.25906930081802737,-0.06346667058943231,0001713683-26-000048,0001713683-25-000033,RevenueFromContractWithCustomerExcludingAssessedTax,direct_quarter,,0001713683-26-000048
ADBE,2026-02-27,2026-03-26,6398000000,0.11970598529926502,0.3779306033135355,0000796343-26-000056,0000796343-25-000059,Revenues,direct_quarter,,0000796343-26-000056
DDOG,2026-03-31,2026-05-08,1006426000,0.32154426546806336,0.007280217323479322,0001628280-26-032328,0001561550-25-000123,RevenueFromContractWithCustomerExcludingAssessedTax,direct_quarter,,0001628280-26-032328
HUBS,2026-03-31,2026-05-08,880995000,0.23364984589791593,0.03171754663760861,0001193125-26-212122,0000950170-25-067055,RevenueFromContractWithCustomerExcludingAssessedTax,direct_quarter,,0001193125-26-212122
NET,2026-03-31,2026-05-09,639755000,0.335362888160188,-0.09690272057271924,0001477333-26-000038,0001477333-25-000082,RevenueFromContractWithCustomerExcludingAssessedTax,direct_quarter,,0001477333-26-000038
NOW,2026-03-31,2026-04-24,3770000000,0.22085492227979264,0.13342175066312997,0001373715-26-000056,0001373715-25-000126,RevenueFromContractWithCustomerExcludingAssessedTax,direct_quarter,,0001373715-26-000056
CRM,2026-04-30,2026-05-29,11133000000,0.13266863363516124,0.21081469505075,0001108524-26-000127,0001108524-25-000030,RevenueFromContractWithCustomerExcludingAssessedTax,direct_quarter,,0001108524-26-000127
CRWD,2026-04-30,2026-06-05,1385629000,0.25574252741894843,-0.022083833407066395,0001535527-26-000025,0001535527-25-000019,RevenueFromContractWithCustomerIncludingAssessedTax,direct_quarter,,0001535527-26-000025
MDB,2026-04-30,2026-05-30,687616000,0.25245622151711977,-0.0360724590469099,0001628280-26-039150,0001441816-25-000118,RevenueFromContractWithCustomerExcludingAssessedTax,direct_quarter,,0001628280-26-039150
SNOW,2026-04-30,2026-05-30,1390951000,0.3347910033260595,-0.23448273878806658,0001640147-26-000030,0001640147-25-000110,RevenueFromContractWithCustomerExcludingAssessedTax,direct_quarter,,0001640147-26-000030
VEEV,2026-04-30,2026-06-06,882948000,0.1632384463067309,0.3093183290522205,0001393052-26-000026,0001393052-25-000042,RevenueFromContractWithCustomerExcludingAssessedTax,direct_quarter,,0001393052-26-000026
WDAY,2026-04-30,2026-05-23,2542000000,0.13482142857142865,0.13296616837136113,0001327811-26-000026,0001327811-25-000107,RevenueFromContractWithCustomerExcludingAssessedTax,direct_quarter,,0001327811-26-000026
ZS,2026-04-30,2026-05-27,850475000,0.2543250043508143,-0.034851112613539494,0001713683-26-000096,0001713683-25-000079,RevenueFromContractWithCustomerExcludingAssessedTax,direct_quarter,,0001713683-26-000096
ADBE,2026-05-29,2026-06-16,6618000000,0.12685169419376807,0.3381686310063463,0000796343-26-000112,0000796343-25-000073,Revenues,direct_quarter,,0000796343-26-000112
DDOG,2026-06-30,2026-08-07,1121454000,0.3564444336929702,0.004864220913207319,0001628280-26-054458,0001561550-25-000220,RevenueFromContractWithCustomerExcludingAssessedTax,direct_quarter,,0001628280-26-054458
HUBS,2026-06-30,2026-08-06,911740000,0.19829247199901157,0.047512448724417046,0001193125-26-335232,0000950170-25-104104,RevenueFromContractWithCustomerExcludingAssessedTax,direct_quarter,,0001193125-26-335232
NET,2026-06-30,2026-08-07,696061000,0.3586555953747297,-0.2955143299222338,0001477333-26-000054,0001477333-25-000137,RevenueFromContractWithCustomerExcludingAssessedTax,direct_quarter,,0001477333-26-000054
NOW,2026-06-30,2026-07-24,3987000000,0.2401244167962675,0.040632054176072234,0001373715-26-000076,0001373715-25-000276,RevenueFromContractWithCustomerExcludingAssessedTax,direct_quarter,,0001373715-26-000076
CRM,2026-07-31,2026-08-28,11345000000,0.1083431027745212,0.20546496253856325,0001108524-26-000190,0001108524-25-000088,RevenueFromContractWithCustomerExcludingAssessedTax,direct_quarter,,0001108524-26-000190
CRWD,2026-07-31,2026-08-28,1470897000,0.2583040193267132,-0.022593016370282895,0001535527-26-000031,0001535527-25-000025,RevenueFromContractWithCustomerIncludingAssessedTax,direct_quarter,,0001535527-26-000031
MDB,2026-07-31,2026-09-02,771773000,0.30498882316935005,0.03679838501735614,0001628280-26-059830,0001441816-25-000181,RevenueFromContractWithCustomerExcludingAssessedTax,direct_quarter,,0001628280-26-059830
SNOW,2026-07-31,2026-09-05,1546793000,0.3509474929015546,-0.17000788082180357,0001640147-26-000037,0001640147-25-000187,RevenueFromContractWithCustomerExcludingAssessedTax,direct_quarter,,0001640147-26-000037
VEEV,2026-07-31,2026-08-28,927963000,0.17600474476004369,0.29636741982169545,0001393052-26-000036,0001393052-25-000067,RevenueFromContractWithCustomerExcludingAssessedTax,direct_quarter,,0001393052-26-000036
WDAY,2026-07-31,2026-08-28,2649000000,0.12819420783645663,0.11815779539448848,0001327811-26-000044,0001327811-25-000184,RevenueFromContractWithCustomerExcludingAssessedTax,direct_quarter,,0001327811-26-000044
ZS,2026-07-31,2026-09-04,898185000,0.2488216499403526,-0.017248117036022647,0001713683-26-000157,0001713683-25-000158,RevenueFromContractWithCustomerExcludingAssessedTax,annual_minus_9m,0001713683-26-000096,0001713683-26-000157
